INSERT INTO `categories` (`id`, `identifier`) VALUES
(1, 'pkmn_basic'),
(2, 'pkmn_level_1'),
(3, 'pkmn_level_2'),
(4, 'pkmn_level_x'),
(5, 'pkmn_legend'),
(6, 'pkmn_mega'),
(7, 'pkmn_restored'),
(8, 'pkmn_break'),
(101, 'trainer_item'),
(102, 'trainer_supporter'),
(103, 'trainer_stadium'),
(104, 'trainer_tool'),
(105, 'trainer_tm'),
(201, 'nrj_basic'),
(202, 'nrj_special');

INSERT INTO `categories_names` (`category_id`, `local_language_id`, `name`) VALUES
(1, 2, 'Basic Pkmn'),
(1, 3, 'Pkmn de Base'),
(2, 2, 'Stage 1 Pkmn'),
(2, 3, 'Pkmn Niveau 1'),
(3, 2, 'Stage 2 Pkmn'),
(3, 3, 'Pkmn Niveau 2'),
(4, 2, 'Level X Pkmn'),
(4, 3, 'Pkmn Niveau X'),
(5, 2, 'Legend Pkmn'),
(5, 3, 'Pkmn Légende'),
(6, 2, 'Mega Evolution'),
(6, 3, 'Méga Évolution'),
(7, 2, 'Restored Pkmn'),
(7, 3, 'Pkmn Restauré'),
(8, 2, 'BREAK Pkmn'),
(8, 3, 'Pkmn TURBO'),
(101, 2, 'Item'),
(101, 3, 'Objet'),
(102, 2, 'Supporter'),
(102, 3, 'Supporter'),
(103, 2, 'Stadium'),
(103, 3, 'Stadium'),
(104, 2, 'Tool'),
(104, 3, 'Outil'),
(105, 2, 'Technical Machine'),
(105, 3, 'Capsule Technique'),
(201, 2, 'Basic Energy'),
(201, 3, 'Énergie de Base'),
(202, 2, 'Special Energy'),
(202, 3, 'Énergie Spéciale');

INSERT INTO `country` (`id`, `alpha3`, `name`) VALUES
(20, 'AND', 'Andorra'),
(32, 'ARG', 'Argentina'),
(36, 'AUS', 'Australia'),
(40, 'AUT', 'Austria'),
(56, 'BEL', 'Belgium'),
(76, 'BRA', 'Brazil'),
(124, 'CAN', 'Canada'),
(152, 'CHL', 'Chile'),
(158, 'TWN', 'Taiwan'),
(170, 'COL', 'Colombia'),
(188, 'CRI', 'Costa Rica'),
(203, 'CZE', 'Czech Republic'),
(208, 'DNK', 'Denmark'),
(246, 'FIN', 'Finland'),
(250, 'FRA', 'France'),
(276, 'DEU', 'Germany'),
(344, 'HKG', 'Hong Kong'),
(360, 'IDN', 'Indonesia'),
(372, 'IRL', 'Ireland'),
(380, 'ITA', 'Italy'),
(392, 'JPN', 'Japan'),
(410, 'KOR', 'South Korea'),
(458, 'MYS', 'Malaysia'),
(484, 'MEX', 'Mexico'),
(528, 'NLD', 'Netherlands'),
(578, 'NOR', 'Norway'),
(616, 'POL', 'Poland'),
(620, 'PRT', 'Portugal'),
(702, 'SGP', 'Singapore'),
(703, 'SVK', 'Slovakia'),
(710, 'ZAF', 'South Africa'),
(724, 'ESP', 'Spain'),
(752, 'SWE', 'Sweden'),
(756, 'CHE', 'Switzerland'),
(826, 'GBR', 'United Kingdom'),
(840, 'USA', 'United States'),
(858, 'URY', 'Uruguay'),
(1242, 'QBC', 'Québec');

INSERT INTO `criterias` (`id`, `group_id`, `local_language_id`, `name`, `criterias_order`, `format_id`) VALUES
(1, 1, 2, 'Baby', 1, 1),
(2, 1, 2, 'Dark', 2, 1),
(3, 1, 2, 'Delta', 3, 1),
(4, 1, 2, 'EX', 4, 3),
(5, 1, 2, 'ex', 5, 1),
(6, 1, 2, 'Fossil', 6, 3),
(7, 1, 2, 'Light', 8, 1),
(8, 1, 2, 'SP', 9, 1),
(9, 1, 2, 'Plasma', 10, 3),
(10, 1, 2, 'Ace Spec', 11, 3),
(11, 1, 2, 'Rocket''s Secret Machine', 13, 1),
(12, 1, 2, 'Team Galactic''s Invention', 15, 1),
(13, 2, 2, 'Pokémon Power', 16, 1),
(14, 2, 2, 'Poké-Body', 17, 1),
(15, 2, 2, 'Poké-Power', 18, 1),
(16, 2, 2, 'Held Item', 19, 1),
(17, 2, 2, 'Ability', 20, 3),
(18, 3, 2, 'Burn', 21, 3),
(19, 3, 2, 'Confusion', 22, 3),
(20, 3, 2, 'Paralysis', 23, 3),
(21, 3, 2, 'Poison', 24, 3),
(22, 3, 2, 'Sleep', 25, 3),
(23, 3, 2, 'Burn own Pkmn', 26, 3),
(24, 3, 2, 'Confuse own Pkmn', 27, 3),
(25, 3, 2, 'Paralyze own Pkmn', 28, 3),
(26, 3, 2, 'Poison own Pkmn', 29, 3),
(27, 3, 2, 'Sleep own Pkmn', 30, 3),
(28, 3, 2, 'Prevent status', 31, 3),
(29, 3, 2, 'Heal status', 32, 3),
(30, 3, 2, 'Worsen status', 33, 3),
(31, 3, 2, 'Guaranteed status', 34, 3),
(32, 3, 2, 'Special markers', 35, 1),
(33, 4, 2, 'Dmg counters on foe''s Pkmn', 36, 3),
(34, 4, 2, 'Dmg counters on own Pkmn', 37, 3),
(35, 4, 2, 'Move own damage counters', 38, 3),
(36, 4, 2, 'Move foe''s damage counters', 39, 3),
(37, 4, 2, 'Move own dmg to foe''s Pkmn', 40, 3),
(38, 4, 2, 'Reduce damage you receive', 41, 3),
(39, 4, 2, 'Reduce damage you deal', 42, 3),
(40, 4, 2, 'Protect Bench', 43, 3),
(41, 4, 2, 'Damage foe''s Bench', 44, 3),
(42, 4, 2, 'Damage own Bench', 45, 3),
(43, 4, 2, 'Prevent damage', 46, 3),
(44, 4, 2, 'Heal damage', 47, 3),
(45, 4, 2, 'Increase damage', 48, 3),
(46, 4, 2, 'Damage itself', 49, 3),
(47, 4, 2, 'Strikes back', 50, 3),
(48, 5, 2, 'Prevent K.O.', 51, 3),
(49, 5, 2, 'Activate in Discard Pile', 55, 3),
(50, 5, 2, 'One-Hit K.O.', 52, 3),
(51, 5, 2, 'K.O. itself', 53, 3),
(52, 5, 2, 'Revenge after K.O.', 54, 3),
(53, 6, 2, 'Prevent from Basics', 56, 3),
(54, 6, 2, 'Prevent from Evolutions', 57, 3),
(55, 6, 2, 'Prevent from Dark', 58, 1),
(56, 6, 2, 'Prevent from EX / ex / GX', 59, 3),
(57, 6, 2, 'Prevent from Level X', 60, 1),
(58, 6, 2, 'Prevent from SP', 61, 1),
(59, 6, 2, 'Prevent from Team Plasma', 62, 3),
(60, 6, 2, 'Prevent from Power / Ability', 63, 3),
(61, 6, 2, 'Prevent from Spc. Energy', 64, 3),
(62, 6, 2, 'Prevent from Pkmn w/ Status', 65, 3),
(63, 7, 2, 'Block Attacks', 66, 3),
(64, 7, 2, 'Block Powers / Abilities', 67, 3),
(65, 7, 2, 'Block Evolution', 68, 3),
(66, 7, 2, 'Block Retreat', 69, 3),
(67, 7, 2, 'Block Bench', 70, 3),
(68, 7, 2, 'Block Items', 71, 3),
(69, 7, 2, 'Block Supporters', 72, 3),
(70, 7, 2, 'Block Stadiums', 73, 3),
(71, 7, 2, 'Block Tools', 74, 3),
(72, 7, 2, 'Block ACE SPEC', 75, 3),
(73, 7, 2, 'Block Basic Energies', 76, 3),
(74, 7, 2, 'Block Special Energies', 77, 3),
(75, 7, 2, 'Block Healing', 78, 3),
(76, 7, 2, 'Block Draw', 79, 3),
(77, 7, 2, 'Block Discard Pile', 80, 3),
(78, 8, 2, 'Change own Type', 81, 3),
(79, 8, 2, 'Decrease HP', 82, 3),
(80, 8, 2, 'Decrease Retreat Cost', 83, 3),
(81, 8, 2, 'Decrease Weakness', 84, 3),
(82, 8, 2, 'Decrease Resistance', 85, 3),
(83, 8, 2, 'Change foe''s Type', 86, 3),
(84, 8, 2, 'Increase HP', 87, 3),
(85, 8, 2, 'Increase Retreat Cost', 88, 3),
(86, 8, 2, 'Increase Weakness', 89, 3),
(87, 8, 2, 'Increase Resistance', 90, 3),
(88, 8, 2, 'Change class / owner', 91, 3),
(89, 8, 2, 'Morph into foe''s Pkmn', 92, 3),
(90, 8, 2, 'Morph into own other Pkmn', 93, 3),
(91, 8, 2, 'Change Weakness', 94, 3),
(92, 8, 2, 'Change Resistance', 95, 3),
(93, 9, 2, 'Drag Pokémon from Bench', 96, 3),
(94, 9, 2, 'Evolve own Pokémon', 97, 3),
(95, 9, 2, 'Put own Basic in play', 98, 3),
(96, 9, 2, 'Put own Evolution in play', 99, 3),
(97, 9, 2, 'Put own Restored in play', 100, 3),
(98, 9, 2, 'Foe switches his Pokémon', 101, 3),
(99, 9, 2, 'Devolve foe''s Pokémon', 102, 3),
(100, 9, 2, 'Send foe''s Pkmn to hand', 103, 3),
(101, 9, 2, 'Send foe''s Pkmn to Deck', 104, 3),
(102, 9, 2, 'Send foe''s Pkmn to Lost Zone', 105, 1),
(103, 9, 2, 'You switch your Pokémon', 106, 3),
(104, 9, 2, 'Devolve own Pokémon', 107, 3),
(105, 9, 2, 'Send own Pkmn to hand', 108, 3),
(106, 9, 2, 'Send own Pkmn to Deck', 109, 3),
(107, 9, 2, 'Send own Pkmn to Lost Zone', 110, 1),
(108, 9, 2, 'Flee to the Bench if attacked', 111, 1),
(109, 9, 2, 'Reaction to Evolution', 112, 3),
(110, 9, 2, 'Comes into play effect', 113, 3),
(111, 9, 2, 'Reduce Bench size', 114, 3),
(112, 9, 2, 'Put foe''s Pkmn in play', 115, 3),
(113, 10, 2, 'Discard foe''s Tools / TMs', 116, 3),
(114, 10, 2, 'Discard own Tools / TMs', 117, 3),
(115, 10, 2, 'Send own Tools / TMs to hand', 118, 3),
(116, 10, 2, 'Discard Stadium', 119, 3),
(117, 10, 2, 'Send Stadium to hand', 120, 3),
(118, 11, 2, 'Discard foe''s Energies', 126, 3),
(119, 11, 2, 'Return foe''s Energies to hand', 127, 3),
(120, 11, 2, 'Move foe''s Energies', 128, 3),
(121, 11, 2, 'Increase foe''s Energy cost', 129, 3),
(122, 11, 2, 'Change foe''s Energy color', 130, 3),
(123, 11, 2, 'Discard own Energies', 131, 3),
(124, 11, 2, 'Return own Energies to hand', 132, 3),
(125, 11, 2, 'Move own Energies', 133, 3),
(126, 11, 2, 'Decrease own Energy cost', 134, 3),
(127, 11, 2, 'Change own Energy color', 135, 3),
(128, 11, 2, 'Hinder Special Energies', 136, 3),
(129, 11, 2, 'Protect Energies', 137, 3),
(130, 11, 2, 'Increase Energy output', 138, 3),
(131, 11, 2, 'Provides ≥ 2 Energies', 139, 3),
(132, 11, 2, 'Provides several colors', 140, 3),
(133, 11, 2, 'Attach Energy from hand', 141, 3),
(134, 11, 2, 'Attach Energy from Deck', 142, 3),
(135, 11, 2, 'Attach Energy from Discard', 143, 3),
(136, 11, 2, 'Attach Energy to foe''s Pkmn', 144, 3),
(137, 11, 2, 'Pokémon becomes an Energy', 145, 3),
(138, 12, 2, 'Copy foe''s Attacks', 146, 3),
(139, 12, 2, 'Copy own Attacks', 147, 3),
(140, 12, 2, 'Pre-Evolution Attacks', 148, 3),
(141, 12, 2, 'Attacks from the Bench', 149, 3),
(142, 12, 2, 'Lost Zone', 150, 1),
(143, 13, 2, 'Coin Flip Attack', 151, 3),
(144, 13, 2, 'Alter Coin Flip', 152, 3),
(145, 13, 2, 'Rock Paper Scissors', 153, 3),
(146, 13, 2, 'Guess Prize / top Deck', 154, 3),
(147, 13, 2, 'Quiz', 155, 3),
(148, 14, 2, 'Draw your Prize cards', 156, 3),
(149, 14, 2, 'Look at your Prize cards', 157, 3),
(150, 14, 2, 'Modify your Prize cards', 158, 3),
(151, 14, 2, 'Earn more Prize cards on K.O.', 159, 3),
(152, 14, 2, 'Works when behind in Prizes', 160, 3),
(153, 14, 2, 'Foe draws Prize cards', 161, 3),
(154, 14, 2, 'Look at foe''s Prize cards', 162, 3),
(155, 14, 2, 'Modify foe''s Prize cards', 163, 3),
(156, 14, 2, 'Deny Prize card on K.O.', 164, 3),
(157, 14, 2, 'Put additional Prize cards', 165, 3),
(158, 15, 2, 'Discard from foe''s hand', 166, 3),
(159, 15, 2, 'Shuffle cards from foe''s hand', 167, 3),
(160, 15, 2, 'Shuffle foe''s entire hand', 168, 3),
(161, 15, 2, 'Reorder foe''s Deck', 169, 3),
(162, 15, 2, 'Mill foe''s Deck', 170, 3),
(163, 15, 2, 'Discard from own hand', 171, 3),
(164, 15, 2, 'Shuffle cards from own hand', 172, 3),
(165, 15, 2, 'Shuffle own entire hand', 173, 3),
(166, 15, 2, 'Reorder own Deck', 174, 3),
(167, 15, 2, 'Mill own Deck', 175, 3),
(168, 15, 2, 'Discard/Shuffle foe''s Trainers', 176, 3),
(169, 15, 2, 'Look at foe''s hand', 177, 3),
(170, 15, 2, 'Force your foe to play a card', 178, 3),
(171, 15, 2, 'Put card on top of own deck', 179, 3),
(172, 15, 2, 'Discard from own Deck', 180, 3),
(173, 16, 2, 'You draw cards', 182, 3),
(174, 16, 2, 'Foe draws cards', 183, 3),
(175, 10, 2, 'Play more Supporters', 122, 3),
(176, 10, 2, 'Use foe''s Supporters', 123, 3),
(177, 10, 2, 'Can hold several Tools', 121, 3),
(178, 10, 2, 'Play Stadium from Deck', 124, 3),
(179, 10, 2, 'Play Stadium from Discard', 125, 3),
(180, 1, 2, 'Team Flare Hyper Gear', 12, 3),
(181, 15, 2, 'Protect hand from effects', 181, 3),
(182, 1, 2, 'GX', 7, 3),
(183, 1, 2, 'Spirit Link', 14, 3);

INSERT INTO `criterias_groups` (`id`, `local_language_id`, `name`) VALUES
(1, 2, 'Card class'),
(2, 2, 'Powers / Abilities'),
(3, 2, 'Status'),
(4, 2, 'Damage'),
(5, 2, 'K.O. / Discard Pile'),
(6, 2, 'Prevent status & damage from'),
(7, 2, 'Blocking'),
(8, 2, 'Change Pokémon attributes'),
(9, 2, 'Effect on Pokémon in play'),
(10, 2, 'Effect on Trainers in play'),
(11, 2, 'Effect on Energies in play'),
(12, 2, 'Copy Attacks / Lost Zone'),
(13, 2, '« Luck »'),
(14, 2, 'Prizes'),
(15, 2, 'Manipulate hand and deck'),
(16, 2, 'Draw, Search & Retrieval');

INSERT INTO `decks_archetypes` (`id`, `identifier`, `name`) VALUES
(1, 'haymaker', 'Haymaker'),
(2, 'rain_dance', 'Rain Dance'),
(3, 'buzzap', 'Buzzap'),
(4, 'energy_trans', 'Energy Trans'),
(5, 'damage_swap', 'Damage Swap'),
(6, 'sponge', 'Sponge'),
(7, 'do_the_wave', 'Do the Wave'),
(8, 'trainer_lock', 'Trainer Lock'),
(9, 'mass_explosion', 'Mass Explosion'),
(10, 'zap_trap', 'Zap Trap'),
(11, 'shapeshift', 'Shapeshift'),
(12, 'special_decks', 'Special decks'),
(13, 'erika_victreebel', 'Erika''s Victreebel'),
(14, 'arithmetic', 'Arithmetic'),
(15, 'metal_chansey', 'Metal Chansey'),
(16, 'metal_rk9', 'Metal RK9'),
(17, 'typhlo_blaine_rk9', 'Typhlo / Blaine''s RK9'),
(18, 'sneasel_slowking', 'Sneasel / Slowking'),
(19, 'riptide', 'Riptide'),
(20, 'babyporter', 'Babyporter'),
(21, 'wild_growth', 'Wild Growth'),
(22, 'kingdra_heal', 'Kingdra Heal'),
(23, 'dark_feraligatr', 'Dark Feraligatr'),
(24, 'dark_blastoise', 'Dark Blastoise'),
(25, 'espeon_umbreon', 'Espeon Umbreon'),
(26, 'dark_gengar', 'Dark Gengar'),
(27, 'enteicargo', 'EnteiCargo'),
(28, 'crobat_murkrow', 'Crobat / Murkrow'),
(29, 'kabulix', 'Kabulix'),
(30, 'conductivity', 'Conductivity'),
(31, 'riptide_parasect', 'Riptide / Parasect'),
(32, 'smf', 'SMF'),
(33, 'tsunami', 'Tsunami'),
(34, 'beedrill_devo', 'Beedrill Devo'),
(35, 'metal_zapdos', 'Metal Zapdos'),
(36, 'noclock', 'NocLock'),
(37, 'total_lockdown', 'Total Lockdown'),
(38, 'blaziken_delcatty', 'Blaziken / Delcatty'),
(39, 'niniken', 'Niniken'),
(40, 'swampert_ex', 'Swampert ex'),
(41, 'gardevoir_delcatty', 'Gardevoir / Delcatty'),
(42, 'shiftry_hl', 'Shiftry HL'),
(43, 'team_magma', 'Team Magma'),
(44, 'metagross_hl', 'Metagross HL'),
(45, 'walrein_milotic', 'Walrein / Milotic'),
(46, '4_corners', '4 Corners'),
(47, 'bombtar', 'BombTar'),
(48, 'darktar', 'DarkTar'),
(49, 'dragtrode', 'DragTrode'),
(50, 'ludicargo', 'LudiCargo'),
(51, 'rocklock', 'RockLock'),
(52, 'powcham', 'PowCham'),
(53, 'zre', 'ZRE'),
(54, 'bls', 'BLS'),
(55, 'eeveelutions', 'Eeveelutions'),
(56, 'lunarock', 'LunaRock'),
(57, 'metanite', 'Metanite'),
(58, 'mewtrick', 'Mewtrick'),
(59, 'queendom', 'Queendom'),
(60, 'raieggs', 'Raieggs'),
(61, 'absolutions', 'Absolutions'),
(62, 'bandoom', 'BanDoom'),
(63, 'banette_lunarock', 'Banette LunaRock'),
(64, 'flariados', 'Flariados'),
(65, 'flyvees', 'Flyvees'),
(66, 'metanite', 'Metanite'),
(67, 'banette_eevolutions', 'Banette / Eevolutions'),
(68, 'empoleon_dp', 'Empoleon DP'),
(69, 'banbliss', 'BanBliss'),
(70, 'bliss_control', 'Bliss Control'),
(71, 'empotech', 'EmpoTech'),
(72, 'infercatty', 'Infercatty'),
(73, 'magdol', 'MagDol'),
(74, 'quicketune', 'Quicketune'),
(75, 'scizorcroak', 'ScizorCroak'),
(76, 'skittles', 'Skittles'),
(77, 'speedkrow', 'Speedkrow'),
(78, 'speedrill', 'Speedrill'),
(79, 'torterra_sceptile', 'Torterra / Sceptile'),
(80, 'amphytrick', 'AmphyTrick'),
(81, 'amu', 'AMU'),
(82, 'blazeray', 'BlazeRay'),
(83, 'blastcatty', 'BlastCatty'),
(84, 'cursegar', 'CurseGar'),
(85, 'dark_flygon', 'Dark Flygon'),
(86, 'flychamp', 'FlyChamp'),
(87, 'plox', 'PLOX'),
(88, 'gliscor_lock', 'Gliscor Lock'),
(89, 'jumpluff', 'Jumpluff'),
(90, 'kingdra_la', 'Kingdra LA'),
(91, 'leafeon_magmortar', 'Leafeon / Magmortar'),
(92, 'luxape', 'LuxApe'),
(93, 'sp_toolbox', 'SP Toolbox'),
(94, 'mother_flygon', 'Mother Flygon'),
(95, 'mother_gengar', 'Mother Gengar'),
(96, 'scizor_cherrim', 'Scizor / Cherrim'),
(97, 'shuppet_donk', 'Shuppet Donk'),
(98, 'toxitank', 'ToxiTank'),
(99, 'arceus', 'Arceus'),
(100, 'dialgachomp', 'DialgaChomp'),
(101, 'donphan_prime', 'Donphan Prime'),
(102, 'gyarados_sf', 'Gyarados SF'),
(103, 'lostgar', 'LostGar'),
(104, 'luxchomp', 'LuxChomp'),
(105, 'machamp_sf', 'Machamp SF'),
(106, 'magnerock', 'MagneRock'),
(107, 'mewperior', 'MewPerior'),
(108, 'palkia_lock', 'Palkia Lock'),
(109, 'regigigas', 'Regigigas'),
(110, 'sabledonk', 'SableDonk'),
(111, 'sablelock', 'Sablelock'),
(112, 'shaymin_lvx', 'Shaymin LV.X'),
(113, 'turbozone', 'TurboZone'),
(114, 'vilegar', 'VileGar'),
(115, 'cake', 'CaKE'),
(116, 'cmt', 'CMT'),
(117, 'darkrai_ex', 'Darkrai-EX'),
(118, 'donphan_dragons', 'Donphan & Dragons'),
(119, 'durant_mill', 'Durant Mill'),
(120, 'eeltwo', 'EelTwo'),
(121, 'eelzone', 'EelZone'),
(122, 'gothitelle_bw', 'Gothitelle BW'),
(123, 'kingdra_yanmega', 'Kingdra / Yanmega'),
(124, 'klinklang_exs', 'Klinklang / EXs'),
(125, 'magneboar', 'MagneBoar'),
(126, 'megazone', 'MegaZone'),
(127, 'mew_vanilluxe', 'Mew Vanilluxe'),
(128, 'mewtwo_terrakion', 'Mewtwo / Terrakion'),
(129, 'quad_entei', 'Quad Entei'),
(130, 'quad_terrakion', 'Quad Terrakion'),
(131, 'reshiboar', 'ReshiBoar'),
(132, 'reshiphlosion', 'Reshiphlosion'),
(133, '6_corners', '6 Corners'),
(134, 'the_truth', 'The Truth'),
(135, 'vvv', 'VVV'),
(136, 'zekeels', 'ZekEels'),
(137, 'zpst', 'ZPST'),
(138, 'empoleon_accelgor', 'Empoleon / Accelgor'),
(139, 'garchomp_altaria', 'Garchomp / Altaria'),
(140, 'hydreigon_darkrai_ex', 'Hydreigon / Darkrai-EX'),
(141, 'ho_oh_ex', 'Ho-Oh-EX'),
(142, 'mew_accelgor', 'Mew / Accelgor'),
(143, 'plasmaklang_cobalion', 'Plasmaklang / Cobalion'),
(144, 'plasma_tdk', 'Plasma TDK'),
(145, 'plasma_yeti', 'Plasma Yeti'),
(146, 'quad_sigilyph', 'Quad Sigilyph'),
(147, 'rayeels', 'RayEels'),
(148, 'white_tea', 'White Tea'),
(149, 'darkrai_ex_garbodor', 'Darkrai-EX / Garbodor'),
(150, 'fairy_toolbox', 'Fairy Toolbox'),
(151, 'donphan_pls', 'Donphan PLS'),
(152, 'pyroar_flf', 'Pyroar FLF'),
(153, 'plasma_lugia', 'Plasma Lugia'),
(154, 'virgen', 'VirGen'),
(155, 'night_march', 'Night March'),
(156, 'pyroar_seismitoad_ex', 'Pyroar / Seismitoad-EX'),
(157, 'seismitoad_ex_garbodor', 'Seismitoad-EX / Garbodor'),
(158, 'yveltal_xy', 'Yveltal XY'),
(159, 'empoleon_miltank', 'Empoleon / Miltank'),
(160, 'sneasel_r_zapdos', 'Sneasel / R''s Zapdos'),
(161, 'm_manectric_ex_landorus_ex', 'M Manectric-EX / Landorus-EX'),
(162, 'm_manectric_ex_genesect_ex', 'M Manectric-EX / Genesect-EX'),
(163, 'm_manectric_ex_kyurem', 'M Manectric EX / Kyurem'),
(164, 'insanity', 'InSaNiTy'),
(165, 'dark_corridor', 'Dark Corridor'),
(166, 'landorus_ex_fighting', 'Landorus-EX & Fightings'),
(167, 'minifight', 'MiniFight'),
(168, 'lando_bats', 'Lando Bats'),
(169, 'ex_toolbox', 'EX Toolbox'),
(170, 'scizor_ex', 'Scizor ex'),
(171, 'darkrai_ex_shaymin_dark_patch', 'Darkrai-EX / Shaymin / Dark Patch'),
(172, 'doom_buzz_muk', 'Doom Buzz Muk'),
(173, 'crobyss', 'CroByss'),
(174, 'gorepluff', 'GorePluff'),
(175, 'goredevoir', 'Goredevoir'),
(176, 'zapturndos', 'ZapTurnDos'),
(177, 'seismitoad_ex', 'Seismitoad-EX'),
(178, 'luxdrill', 'LuxDrill'),
(179, 'active_stall', 'Active Stall'),
(180, 'potpourri', 'Potpourri'),
(181, 'scizor_sneasel', 'Scizor / Sneasel'),
(182, 'tool_drop', 'Tool Drop'),
(183, 'xerneas_m_gardevoir_ex', 'Xerneas / M Gardevoir-EX'),
(184, 'huntail_ho_oh_ex', 'Huntail / Ho-Oh-EX'),
(185, 'metal_links', 'Metal Links'),
(186, 'dusknoir_trevenant', 'Dusknoir / Trevenant'),
(187, 'defensive_fairy', 'Defensive Fairy'),
(188, 'seismitoad_ex_slurpuff', 'Seismitoad-EX / Slurpuff'),
(189, 'flareon_plf', 'Flareon PLF'),
(190, 'primal_groudon_ex', 'Primal Groudon-EX'),
(191, 'quad_lucario', 'Quad Lucario'),
(192, 'landorus_ex_raichu_garbodor', 'Landorus-EX / Raichu / Garbodor'),
(193, 'blastoise_archie', 'Blastoise / Archie'),
(194, 'primal_kyogre_ex', 'Primal Kyogre-EX'),
(195, 'manectric_ex_ats', 'Manectric-EX / Bats'),
(196, 'm_gardevoir_ex_aromatisse', 'M Gardevoir-EX / Aromatisse'),
(197, 'toad_ex_malamar_ex_aromatisse', 'Toad-EX / Malamar-EX / Aromatisse '),
(198, 'virizion_ex_toad_ex_mewtwo_ex', 'Virizion-EX / Toad-EX / Mewtwo-EX'),
(199, 'gengar_ex_trevenant', 'Gengar-EX / Trevenant'),
(200, 'seismitoad_ex_bats', 'Seismitoad-EX / Bats'),
(201, 'omega_barrage_medicham', 'Ω Barrage Medicham'),
(202, 'empoleon_swampert', 'Empoleon / Swampert'),
(203, 'exeggutor_lock', 'Exeggutor Lock'),
(204, 'm_manectric_ex_toad_ex', 'M Manectric-EX / Toad-EX'),
(205, 'seismitoad_ex_crawdaunt', 'Seismitoad-EX / Crawdaunt'),
(206, 'raichu_variants', 'Raichu variants'),
(207, 'm_rayquaza_ex', 'M Rayquaza-EX'),
(208, 'shaymin_ex_trevenant', 'Shaymin-EX / Trevenant'),
(209, 'seismitoad_ex_shaymin_ex', 'Seismitoad-EX / Shaymin-EX'),
(210, 'm_manectric_ex_ray_ex', 'M Manectric-EX / Ray-EX'),
(211, 'seismitoad_ex_ninetales', 'Seismitoad-EX / Ninetales'),
(212, 'wailord_ex_stall', 'Wailord-EX stall'),
(213, 'm_manectric_ex_garbodor', 'M Manectric-EX / Garbodor'),
(214, 'hippowdown', 'Hippowdown'),
(215, 'dark_golduck_slowking', 'Dark Golduck / Slowking'),
(216, 'kingdra_eevolutions', 'Kingdra / Eevolutions'),
(217, 'big_basics', 'Big Basics'),
(218, 'dark_tyranitar', 'Dark Tyranitar'),
(219, 'steelix_n1', 'Steelix N1'),
(220, 'metal_rayquaza', 'Metal Rayquaza'),
(221, 'm_manectric_ex_keldeo_ex', 'M Manectric-EX / Keldeo-EX'),
(222, 'm_manectric_ex_terrakion', 'M Manectric-EX / Terrakion'),
(223, 'seismitoad_ex_manectric_ex', 'Seismitoad-EX / Manectric-EX'),
(224, 'plasmalax_lock', 'PlasmaLax Lock'),
(225, 'typhlo_houndoom', 'Typhlo / Houndoom'),
(226, 'mienshao_sub', 'Mienshao Sub'),
(227, 'manectric_ex', 'Manectric-EX'),
(228, 'seismitoad_ex_giratina_ex', 'Seismitoad-EX / Giratina-EX'),
(229, 'vespiqueen_ao_flareon_plf', 'Vespiqueen AO / Flareon PLF'),
(230, 'vespiqueen_ao_accelgor_dex', 'Vespiqueen AO / Accelgor DEx'),
(231, 'megaman_regice', 'MegaMan / Regice'),
(232, 'megaman_bats', 'MegaMan / Bats'),
(233, 'm_tyranitar_ex', 'M Tyranitar-EX'),
(234, 'fairy_giratina_ex', 'Fairy / Giratina-EX'),
(235, 'exploud', 'Exploud'),
(236, 'spookysect', 'Spookysect'),
(237, 'lucario_ex_bats', 'Lucario-EX / Bats'),
(238, 'wobbuffet_bats', 'Wobbuffet / Bats'),
(239, 'vileplume_regice_lock', 'Vileplume / Regice lock'),
(240, 'sableye_bunnelby_hammers', 'Sableye / Bunnelby / Hammers'),
(241, 'entei_ao', 'Entei AO'),
(242, 'vespiquen_bats', 'Vespiquen AO / Bats'),
(243, 'vespiquen_ao_landorus', 'Vespiquen AO / Landorus'),
(244, 'megaman', 'MegaMan'),
(245, 'vespique_ao_zoroark', 'Vespiquen AO / Zoroark'),
(246, 'glalie_alakazam_lock', 'Glalie Alakazam lock'),
(247, 'magnezone', 'Magnezone'),
(248, 'fossil_lock', 'Fossil Lock'),
(249, 'trevenant_break', 'Trevenant BREAK'),
(250, 'm_mewtwo_ex', 'M Mewtwo-EX'),
(251, 'yzg', 'YZG'),
(252, 'eelkou', 'EelKou'),
(253, 'vileplume_vespiquen_ao', 'Vileplume / Vespiquen AO'),
(254, 'm_sceptile_ex', 'M Sceptile-EX'),
(255, 'megaman_ho_oh_ex', 'MegaMan / Ho-Oh-EX'),
(256, 'greninja_break', 'Greninja BREAK'),
(257, 'tyrantrum_ex_bronzong', 'Tyrantrum-EX / Bronzong'),
(258, 'flareon_ex_gen', 'Flareon-EX Gen'),
(259, 'garchomp_bkp', 'Garchomp BKP'),
(260, 'sylveon_ex_fairy_transfer', 'Sylveon-EX / Fairy Transfer'),
(261, 'water_toolbox', 'Water Toolbox'),
(262, 'darkrai_ex_giratina_ex', 'Darkrai-EX / Giratina-EX'),
(263, 'vespiquen_ao_yveltal', 'Vespiquen AO / Yveltal'),
(264, 'vileplume_latios_ex', 'Vileplume / Latios-EX'),
(265, 'm_audino_ex', 'M Audino-EX'),
(266, 'vileplume_toolbox', 'Vileplume Toolbox'),
(267, 'vespiquen_yanmega_break', 'Vespiquen / Yanmega BREAK'),
(268, 'deciplume', 'DeciPlume'),
(269, 'sylveon_gx', 'Sylveon GX'),
(270, 'lapras_gx', 'Lapras GX'),
(271, 'wobbu_jolteon', 'Wobbu / Jolteon'),
(272, 'darkrai_ex_bkp', 'Darkrai-EX BKP'),
(273, 'volcanion_ex', 'Volcanion-EX'),
(274, 'rainbow_road', 'Rainbow Road'),
(275, 'regice_glaceon_ex', 'Regice / Glaceon-EX'),
(276, 'espeon_gx_decidueye_gx', 'Espeon GX / Decidueye GX'),
(277, 'gyarados_ao', 'Gyarados AO');

INSERT INTO `decks_lists` (`deck_id`, `set_id`, `card_number`, `quantity`, `card_order`) VALUES
(1, 7, 15, 3, 1),
(1, 1, 20, 2, 2),
(1, 1, 7, 3, 3),
(1, 2, 10, 3, 4),
(1, 2, 1, 3, 5),
(1, 1, 5, 3, 6),
(1, 3, 3, 1, 7),
(1, 1, 3, 2, 8),
(1, 1, 88, 3, 9),
(1, 1, 71, 3, 10),
(1, 1, 74, 2, 11),
(1, 5, 77, 1, 12),
(1, 1, 79, 2, 13),
(1, 1, 93, 3, 14),
(1, 6, 124, 1, 15),
(1, 1, 96, 3, 16),
(1, 1, 100, 11, 17),
(1, 1, 97, 11, 18),
(2, 1, 7, 3, 1),
(2, 3, 39, 3, 2),
(2, 2, 10, 3, 3),
(2, 2, 1, 3, 4),
(2, 1, 5, 3, 5),
(2, 3, 3, 2, 6),
(2, 1, 88, 3, 7),
(2, 1, 71, 2, 8),
(2, 1, 74, 2, 9),
(2, 5, 77, 1, 10),
(2, 1, 79, 3, 11),
(2, 1, 93, 2, 12),
(2, 1, 85, 2, 13),
(2, 1, 96, 3, 14),
(2, 5, 81, 3, 15),
(2, 1, 97, 11, 16),
(2, 1, 98, 11, 17),
(3, 2, 16, 3, 1),
(3, 2, 54, 3, 2),
(3, 7, 15, 3, 3),
(3, 1, 20, 3, 4),
(3, 5001, 3, 2, 5),
(3, 2, 6, 3, 6),
(3, 2, 1, 2, 7),
(3, 1, 5, 3, 8),
(3, 1, 88, 3, 9),
(3, 1, 91, 1, 10),
(3, 5, 74, 1, 11),
(3, 1, 71, 3, 12),
(3, 1, 74, 1, 13),
(3, 5, 77, 1, 14),
(3, 1, 93, 3, 15),
(3, 1, 92, 2, 16),
(3, 1, 96, 3, 17),
(3, 1, 101, 10, 18),
(3, 1, 100, 10, 19),
(4, 7, 15, 3, 1),
(4, 1, 20, 3, 2),
(4, 6, 6, 1, 3),
(4, 1, 7, 3, 4),
(4, 7, 65, 3, 5),
(4, 6, 41, 2, 6),
(4, 2, 10, 3, 7),
(4, 1, 88, 2, 8),
(4, 6, 114, 1, 9),
(4, 1, 71, 3, 10),
(4, 1, 74, 1, 11),
(4, 1, 79, 3, 12),
(4, 1, 92, 1, 13),
(4, 1, 93, 2, 14),
(4, 1, 78, 1, 15),
(4, 6, 124, 1, 16),
(4, 1, 96, 3, 17),
(4, 5, 81, 3, 18),
(4, 5, 82, 1, 19),
(4, 1, 100, 12, 20),
(4, 1, 97, 8, 21),
(5, 2, 16, 3, 1),
(5, 2, 54, 3, 2),
(5, 7, 15, 2, 3),
(5, 1, 20, 3, 4),
(5, 6, 22, 1, 5),
(5, 5001, 3, 3, 6),
(5, 2, 1, 2, 7),
(5, 1, 5, 3, 8),
(5, 2, 10, 1, 9),
(5, 2, 6, 1, 10),
(5, 1, 88, 3, 11),
(5, 1, 71, 3, 12),
(5, 1, 74, 1, 13),
(5, 5, 77, 1, 14),
(5, 1, 79, 2, 15),
(5, 1, 93, 3, 16),
(5, 1, 84, 2, 17),
(5, 1, 96, 3, 18),
(5, 5, 81, 2, 19),
(5, 1, 100, 9, 20),
(5, 1, 101, 9, 21),
(6, 7, 15, 3, 1),
(6, 1, 20, 3, 2),
(6, 1, 7, 3, 3),
(6, 2, 10, 3, 4),
(6, 3, 3, 3, 5),
(6, 1, 3, 2, 6),
(6, 3, 1, 3, 7),
(6, 3, 62, 3, 8),
(6, 1, 88, 3, 9),
(6, 6, 114, 2, 10),
(6, 1, 71, 3, 11),
(6, 1, 74, 1, 12),
(6, 1, 93, 3, 13),
(6, 1, 96, 3, 14),
(6, 1, 100, 13, 15),
(6, 1, 97, 9, 16),
(7, 1, 15, 3, 1),
(7, 1, 30, 3, 2),
(7, 1, 44, 3, 3),
(7, 2, 10, 3, 4),
(7, 3, 3, 3, 5),
(7, 1, 3, 3, 6),
(7, 2, 5, 3, 7),
(7, 6, 42, 2, 8),
(7, 1, 76, 2, 9),
(7, 1, 88, 3, 10),
(7, 1, 71, 3, 11),
(7, 1, 78, 3, 12),
(7, 1, 85, 3, 13),
(7, 6, 103, 1, 14),
(7, 1, 96, 3, 15),
(7, 1, 99, 19, 16),
(8, 2, 16, 3, 1),
(8, 2, 54, 3, 2),
(8, 1, 20, 3, 3),
(8, 3, 39, 3, 4),
(8, 2, 10, 3, 5),
(8, 3, 3, 3, 6),
(8, 1, 3, 3, 7),
(8, 1, 88, 3, 8),
(8, 1, 71, 2, 9),
(8, 1, 74, 3, 10),
(8, 5, 77, 1, 11),
(8, 5, 16, 2, 12),
(8, 1, 93, 2, 13),
(8, 1, 78, 2, 14),
(8, 1, 96, 3, 15),
(8, 5, 81, 3, 16),
(8, 5, 82, 2, 17),
(8, 1, 100, 7, 18),
(8, 1, 98, 9, 19),
(9, 2, 16, 3, 1),
(9, 2, 54, 3, 2),
(9, 7, 15, 3, 3),
(9, 1, 20, 3, 4),
(9, 2, 10, 3, 5),
(9, 1, 3, 2, 6),
(9, 1, 88, 3, 7),
(9, 6, 114, 3, 8),
(9, 6, 118, 3, 9),
(9, 1, 71, 3, 10),
(9, 7, 102, 3, 11),
(9, 1, 96, 3, 12),
(9, 5, 81, 3, 13),
(9, 5, 82, 3, 14),
(9, 1, 100, 19, 15),
(10, 2, 16, 3, 1),
(10, 2, 54, 3, 2),
(10, 7, 15, 3, 3),
(10, 1, 20, 3, 4),
(10, 1, 7, 3, 5),
(10, 2, 10, 2, 6),
(10, 1, 3, 2, 7),
(10, 6, 42, 1, 8),
(10, 1, 88, 3, 9),
(10, 1, 91, 3, 10),
(10, 1, 71, 3, 11),
(10, 5, 16, 3, 12),
(10, 7, 102, 3, 13),
(10, 1, 96, 3, 14),
(10, 5, 81, 3, 15),
(10, 5, 82, 3, 16),
(10, 1, 100, 9, 17),
(10, 1, 97, 7, 18),
(11, 1, 7, 2, 1),
(11, 6, 11, 2, 2),
(11, 3, 39, 3, 3),
(11, 6, 12, 1, 4),
(11, 7, 36, 2, 5),
(11, 6, 72, 3, 6),
(11, 2, 1, 2, 7),
(11, 1, 5, 2, 8),
(11, 2, 10, 2, 9),
(11, 3, 3, 1, 10),
(11, 1, 3, 2, 11),
(11, 1, 88, 3, 12),
(11, 1, 71, 3, 13),
(11, 1, 79, 2, 14),
(11, 1, 92, 3, 15),
(11, 1, 93, 2, 16),
(11, 6, 115, 2, 17),
(11, 1, 96, 3, 18),
(11, 1, 97, 11, 19),
(11, 1, 98, 9, 20),
(12, 7, 15, 2, 1),
(12, 1, 20, 3, 2),
(12, 1, 7, 3, 3),
(12, 1, 52, 2, 4),
(12, 3, 3, 3, 5),
(12, 2, 10, 1, 6),
(12, 2, 34, 3, 7),
(12, 1, 48, 3, 8),
(12, 1, 88, 3, 9),
(12, 6, 114, 2, 10),
(12, 1, 71, 3, 11),
(12, 1, 74, 1, 12),
(12, 5, 77, 1, 13),
(12, 1, 79, 3, 14),
(12, 1, 93, 2, 15),
(12, 1, 96, 3, 16),
(12, 5, 81, 3, 17),
(12, 1, 100, 10, 18),
(12, 1, 97, 9, 19),
(13, 2, 16, 3, 1),
(13, 2, 54, 3, 2),
(13, 7, 15, 2, 3),
(13, 1, 20, 2, 4),
(13, 3, 39, 3, 5),
(13, 6, 22, 1, 6),
(13, 2, 10, 3, 7),
(13, 1, 3, 2, 8),
(13, 1, 88, 3, 9),
(13, 1, 71, 3, 10),
(13, 1, 74, 2, 11),
(13, 5, 77, 1, 12),
(13, 1, 84, 3, 13),
(13, 1, 93, 1, 14),
(13, 1, 78, 1, 15),
(13, 6, 103, 1, 16),
(13, 1, 96, 3, 17),
(13, 5, 81, 2, 18),
(13, 1, 100, 11, 19),
(13, 1, 98, 10, 20),
(14, 1, 2, 3, 1),
(14, 1, 42, 1, 2),
(14, 5, 68, 3, 3),
(14, 2, 16, 3, 4),
(14, 2, 54, 3, 5),
(14, 3, 2, 3, 6),
(14, 3, 10, 1, 7),
(14, 3, 3, 2, 8),
(14, 1, 3, 1, 9),
(14, 1, 76, 2, 10),
(14, 1, 88, 3, 11),
(14, 1, 71, 2, 12),
(14, 1, 74, 2, 13),
(14, 1, 84, 3, 14),
(14, 1, 93, 2, 15),
(14, 5, 16, 1, 16),
(14, 1, 96, 3, 17),
(14, 5, 81, 1, 18),
(14, 1, 102, 21, 19),
(15, 7, 15, 2, 1),
(15, 1, 20, 3, 2),
(15, 1, 23, 3, 3),
(15, 1, 28, 3, 4),
(15, 3, 39, 3, 5),
(15, 5, 59, 2, 6),
(15, 2, 10, 2, 7),
(15, 1, 88, 3, 8),
(15, 1, 71, 3, 9),
(15, 5, 77, 1, 10),
(15, 1, 79, 1, 11),
(15, 1, 93, 3, 12),
(15, 1, 80, 2, 13),
(15, 6, 124, 2, 14),
(15, 1, 96, 3, 15),
(15, 1, 100, 10, 16),
(15, 1, 98, 14, 17),
(16, 2, 16, 3, 1),
(16, 2, 54, 3, 2),
(16, 1, 20, 3, 3),
(16, 6, 13, 2, 4),
(16, 2, 10, 2, 5),
(16, 2, 34, 2, 6),
(16, 1, 48, 2, 7),
(16, 1, 88, 3, 8),
(16, 1, 71, 3, 9),
(16, 1, 74, 3, 10),
(16, 5, 77, 1, 11),
(16, 1, 84, 3, 12),
(16, 1, 93, 2, 13),
(16, 1, 96, 3, 14),
(16, 5, 81, 3, 15),
(16, 1, 100, 9, 16),
(16, 1, 99, 13, 17),
(17, 1, 2, 3, 1),
(17, 1, 63, 3, 2),
(17, 3, 2, 3, 3),
(17, 3, 10, 3, 4),
(17, 2, 38, 3, 5),
(17, 1, 76, 3, 6),
(17, 1, 88, 3, 7),
(17, 6, 114, 3, 8),
(17, 1, 71, 3, 9),
(17, 5, 77, 3, 10),
(17, 5, 81, 2, 11),
(17, 1, 102, 28, 12),
(18, 1, 7, 3, 1),
(18, 3, 39, 3, 2),
(18, 2, 10, 3, 3),
(18, 3, 3, 3, 4),
(18, 1, 3, 1, 5),
(18, 2, 5, 3, 6),
(18, 1, 88, 2, 7),
(18, 1, 91, 2, 8),
(18, 1, 71, 2, 9),
(18, 1, 79, 3, 10),
(18, 1, 92, 3, 11),
(18, 1, 84, 3, 12),
(18, 1, 96, 3, 13),
(18, 1, 97, 13, 14),
(18, 1, 98, 13, 15),
(19, 1, 2, 3, 1),
(19, 5, 3, 1, 2),
(19, 1, 63, 3, 3),
(19, 3, 2, 3, 4),
(19, 3, 10, 3, 5),
(19, 1, 3, 1, 6),
(19, 6, 42, 2, 7),
(19, 1, 76, 3, 8),
(19, 1, 88, 3, 9),
(19, 6, 16, 3, 10),
(19, 1, 91, 3, 11),
(19, 1, 71, 3, 12),
(19, 1, 102, 29, 13),
(20, 2, 16, 3, 1),
(20, 2, 54, 3, 2),
(20, 2, 1, 2, 3),
(20, 1, 5, 2, 4),
(20, 3, 39, 3, 5),
(20, 5001, 3, 3, 6),
(20, 2, 10, 3, 7),
(20, 3, 3, 1, 8),
(20, 1, 88, 3, 9),
(20, 1, 91, 2, 10),
(20, 1, 71, 2, 11),
(20, 5, 77, 2, 12),
(20, 1, 84, 2, 13),
(20, 1, 93, 2, 14),
(20, 1, 78, 2, 15),
(20, 1, 96, 3, 16),
(20, 5, 81, 3, 17),
(20, 1, 98, 9, 18),
(20, 1, 101, 10, 19),
(21, 2, 16, 3, 1),
(21, 2, 54, 3, 2),
(21, 7, 15, 3, 3),
(21, 1, 20, 3, 4),
(21, 2, 10, 3, 5),
(21, 1, 3, 3, 6),
(21, 1, 88, 3, 7),
(21, 1, 71, 2, 8),
(21, 1, 74, 3, 9),
(21, 5, 77, 1, 10),
(21, 1, 84, 3, 11),
(21, 1, 93, 1, 12),
(21, 1, 78, 2, 13),
(21, 1, 96, 3, 14),
(21, 5, 81, 2, 15),
(21, 5, 82, 2, 16),
(21, 1, 100, 20, 17),
(22, 2, 16, 2, 1),
(22, 2, 54, 2, 2),
(22, 7, 15, 1, 3),
(22, 1, 20, 3, 4),
(22, 1, 7, 3, 5),
(22, 2, 10, 3, 6),
(22, 3, 3, 2, 7),
(22, 2, 38, 2, 8),
(22, 1, 88, 3, 9),
(22, 1, 71, 3, 10),
(22, 1, 74, 2, 11),
(22, 1, 84, 3, 12),
(22, 1, 93, 2, 13),
(22, 6, 19, 2, 14),
(22, 1, 96, 3, 15),
(22, 1, 100, 13, 16),
(22, 1, 97, 11, 17),
(23, 2, 16, 3, 1),
(23, 2, 54, 3, 2),
(23, 7, 15, 2, 3),
(23, 1, 20, 2, 4),
(23, 5001, 3, 2, 5),
(23, 2, 6, 2, 6),
(23, 2, 10, 2, 7),
(23, 2, 34, 3, 8),
(23, 1, 48, 3, 9),
(23, 1, 88, 3, 10),
(23, 1, 77, 2, 11),
(23, 1, 71, 1, 12),
(23, 1, 74, 1, 13),
(23, 1, 79, 2, 14),
(23, 1, 84, 1, 15),
(23, 1, 93, 3, 16),
(23, 1, 78, 2, 17),
(23, 1, 96, 3, 18),
(23, 5, 81, 3, 19),
(23, 1, 100, 8, 20),
(23, 1, 97, 9, 21),
(24, 7, 15, 3, 1),
(24, 1, 20, 3, 2),
(24, 1, 7, 3, 3),
(24, 2, 10, 3, 4),
(24, 3, 3, 2, 5),
(24, 6, 42, 2, 6),
(24, 1, 88, 3, 7),
(24, 1, 71, 3, 8),
(24, 1, 74, 2, 9),
(24, 1, 93, 2, 10),
(24, 5, 78, 2, 11),
(24, 1, 78, 2, 12),
(24, 6, 103, 1, 13),
(24, 1, 96, 3, 14),
(24, 5, 81, 2, 15),
(24, 1, 100, 13, 16),
(24, 1, 97, 11, 17),
(25, 1, 2, 4, 1),
(25, 1, 42, 4, 2),
(25, 1, 63, 4, 3),
(25, 2, 1, 1, 4),
(25, 1, 5, 1, 5),
(25, 1, 88, 3, 6),
(25, 1, 91, 4, 7),
(25, 1, 71, 3, 8),
(25, 1, 79, 2, 9),
(25, 1, 92, 4, 10),
(25, 1, 93, 4, 11),
(25, 4, 117, 3, 12),
(25, 1, 81, 2, 13),
(25, 1, 96, 2, 14),
(25, 1, 102, 19, 15),
(26, 8, 14, 4, 1),
(26, 8, 73, 4, 2),
(26, 11, 5, 3, 3),
(26, 11, 32, 4, 4),
(26, 8, 81, 4, 5),
(26, 10, 27, 1, 6),
(26, 8, 20, 4, 7),
(26, 8, 96, 4, 8),
(26, 8, 91, 4, 9),
(26, 12, 103, 4, 10),
(26, 12, 105, 1, 11),
(26, 8, 90, 1, 12),
(26, 8, 100, 2, 13),
(26, 8, 93, 3, 14),
(26, 10, 60, 2, 15),
(26, 8, 89, 1, 16),
(26, 10, 63, 1, 17),
(26, 8, 111, 13, 18),
(27, 8, 14, 4, 1),
(27, 12, 93, 4, 2),
(27, 8, 21, 3, 3),
(27, 11, 76, 4, 4),
(27, 9, 66, 2, 5),
(27, 8, 20, 3, 6),
(27, 8, 96, 4, 7),
(27, 12, 108, 4, 8),
(27, 8, 91, 2, 9),
(27, 8, 87, 2, 10),
(27, 12, 103, 4, 11),
(27, 8, 100, 3, 12),
(27, 11, 101, 2, 13),
(27, 10, 60, 3, 14),
(27, 8, 86, 3, 15),
(27, 5001, 40, 1, 16),
(27, 8, 106, 12, 17),
(28, 8, 14, 4, 1),
(28, 8, 73, 4, 2),
(28, 11, 5, 3, 3),
(28, 11, 32, 3, 4),
(28, 8, 81, 4, 5),
(28, 8, 22, 1, 6),
(28, 8, 20, 3, 7),
(28, 8, 96, 4, 8),
(28, 12, 108, 4, 9),
(28, 8, 91, 3, 10),
(28, 12, 106, 2, 11),
(28, 12, 103, 3, 12),
(28, 8, 90, 1, 13),
(28, 8, 100, 3, 14),
(28, 10, 60, 3, 15),
(28, 8, 86, 3, 16),
(28, 10, 63, 2, 17),
(28, 8, 111, 10, 18),
(29, 10, 19, 4, 1),
(29, 8, 48, 4, 2),
(29, 8, 62, 4, 3),
(29, 8, 15, 2, 4),
(29, 1001, 3, 2, 5),
(29, 8, 12, 2, 6),
(29, 9, 66, 1, 7),
(29, 8, 20, 3, 8),
(29, 8, 96, 4, 9),
(29, 12, 108, 4, 10),
(29, 12, 103, 4, 11),
(29, 8, 100, 3, 12),
(29, 8, 93, 2, 13),
(29, 5001, 40, 2, 14),
(29, 8, 86, 3, 15),
(29, 11, 99, 1, 16),
(29, 8, 19, 4, 17),
(29, 8, 105, 4, 18),
(29, 12, 100, 2, 19),
(29, 8, 111, 5, 20),
(30, 10, 33, 4, 1),
(30, 10, 53, 4, 2),
(30, 10, 6, 3, 3),
(30, 8, 22, 2, 4),
(30, 9, 66, 1, 5),
(30, 8, 20, 2, 6),
(30, 8, 96, 4, 7),
(30, 12, 103, 2, 8),
(30, 8, 90, 3, 9),
(30, 8, 100, 4, 10),
(30, 12, 104, 1, 11),
(30, 8, 93, 2, 12),
(30, 8, 86, 4, 13),
(30, 11, 99, 2, 14),
(30, 8, 107, 22, 15),
(31, 10, 19, 3, 1),
(31, 8, 48, 3, 2),
(31, 8, 62, 3, 3),
(31, 8, 15, 2, 4),
(31, 1001, 3, 2, 5),
(31, 8, 12, 1, 6),
(31, 9, 40, 1, 7),
(31, 8, 20, 3, 8),
(31, 8, 96, 4, 9),
(31, 12, 108, 4, 10),
(31, 12, 103, 4, 11),
(31, 8, 90, 1, 12),
(31, 8, 100, 4, 13),
(31, 8, 93, 4, 14),
(31, 8, 86, 4, 15),
(31, 11, 99, 2, 16),
(31, 8, 19, 4, 17),
(31, 8, 105, 4, 18),
(31, 12, 100, 2, 19),
(31, 8, 111, 5, 20),
(32, 8, 14, 4, 1),
(32, 8, 73, 4, 2),
(32, 9, 1, 3, 3),
(32, 9, 13, 2, 4),
(32, 5001, 11, 4, 5),
(32, 8, 20, 3, 6),
(32, 8, 96, 4, 7),
(32, 12, 108, 4, 8),
(32, 8, 91, 3, 9),
(32, 12, 103, 3, 10),
(32, 8, 90, 1, 11),
(32, 8, 100, 2, 12),
(32, 10, 60, 3, 13),
(32, 8, 93, 3, 14),
(32, 8, 86, 3, 15),
(32, 8, 104, 4, 16),
(32, 8, 105, 1, 17),
(32, 8, 110, 9, 18),
(33, 8, 14, 4, 1),
(33, 8, 73, 4, 2),
(33, 11, 5, 3, 3),
(33, 11, 32, 3, 4),
(33, 8, 81, 4, 5),
(33, 8, 24, 2, 6),
(33, 8, 20, 3, 7),
(33, 8, 96, 4, 8),
(33, 12, 108, 4, 9),
(33, 12, 103, 4, 10),
(33, 12, 105, 1, 11),
(33, 8, 90, 1, 12),
(33, 8, 100, 2, 13),
(33, 8, 93, 3, 14),
(33, 10, 60, 2, 15),
(33, 10, 63, 1, 16),
(33, 8, 104, 3, 17),
(33, 8, 111, 12, 18),
(34, 8, 25, 2, 1),
(34, 8, 14, 4, 2),
(34, 8, 73, 4, 3),
(34, 8, 24, 2, 4),
(34, 9, 66, 2, 5),
(34, 8, 20, 3, 6),
(34, 1, 88, 4, 7),
(34, 8, 96, 2, 8),
(34, 1, 71, 4, 9),
(34, 1, 74, 3, 10),
(34, 8, 85, 2, 11),
(34, 5, 77, 1, 12),
(34, 1, 79, 3, 13),
(34, 1, 93, 2, 14),
(34, 1, 95, 2, 15),
(34, 8, 86, 3, 16),
(34, 1, 75, 3, 17),
(34, 8, 97, 2, 18),
(34, 8, 104, 4, 19),
(34, 5, 17, 4, 20),
(34, 8, 105, 4, 21),
(35, 1, 3, 2, 1),
(35, 9, 50, 2, 2),
(35, 2, 10, 2, 3),
(35, 3, 3, 1, 4),
(35, 9, 66, 2, 5),
(35, 9, 40, 3, 6),
(35, 8, 20, 4, 7),
(35, 1, 88, 2, 8),
(35, 8, 96, 2, 9),
(35, 1, 71, 4, 10),
(35, 1, 74, 3, 11),
(35, 8, 85, 2, 12),
(35, 5, 77, 1, 13),
(35, 1, 79, 3, 14),
(35, 1, 92, 3, 15),
(35, 1, 93, 2, 16),
(35, 8, 100, 1, 17),
(35, 1, 78, 1, 18),
(35, 8, 93, 2, 19),
(35, 1, 75, 3, 20),
(35, 10, 61, 2, 21),
(35, 1, 96, 4, 22),
(35, 8, 19, 4, 23),
(35, 8, 105, 4, 24),
(35, 1, 99, 1, 25),
(36, 1, 20, 4, 1),
(36, 5001, 3, 3, 2),
(36, 5001, 9, 1, 3),
(36, 3, 3, 2, 4),
(36, 1, 88, 4, 5),
(36, 1, 91, 4, 6),
(36, 3, 60, 1, 7),
(36, 1, 71, 3, 8),
(36, 1, 74, 3, 9),
(36, 1, 81, 2, 10),
(36, 1, 79, 2, 11),
(36, 1, 92, 4, 12),
(36, 1, 93, 3, 13),
(36, 1, 84, 3, 14),
(36, 1, 78, 3, 15),
(36, 3, 58, 1, 16),
(36, 1, 96, 3, 17),
(36, 1, 100, 7, 18),
(36, 1, 101, 7, 19),
(37, 14, 32, 3, 1),
(37, 5001, 45, 3, 2),
(37, 14, 48, 2, 3),
(37, 9, 63, 2, 4),
(37, 12, 16, 2, 5),
(37, 12, 78, 2, 6),
(37, 10, 27, 1, 7),
(37, 11, 74, 1, 8),
(37, 8, 20, 3, 9),
(37, 8, 96, 4, 10),
(37, 13, 138, 2, 11),
(37, 15, 138, 2, 12),
(37, 12, 108, 4, 13),
(37, 14, 130, 2, 14),
(37, 12, 103, 3, 15),
(37, 14, 136, 1, 16),
(37, 8, 100, 4, 17),
(37, 13, 157, 2, 18),
(37, 8, 93, 4, 19),
(37, 8, 19, 4, 20),
(37, 14, 144, 4, 21),
(37, 8, 108, 2, 22),
(37, 8, 111, 3, 23),
(38, 55, 72, 3, 1),
(38, 55, 71, 3, 2),
(38, 52, 11, 3, 3),
(38, 57, 7, 3, 4),
(38, 61, 63, 3, 5),
(38, 56, 116, 4, 6),
(38, 50, 101, 4, 7),
(38, 61, 111, 4, 8),
(38, 62, 109, 3, 9),
(38, 55, 117, 2, 10),
(38, 54, 137, 1, 11),
(38, 51, 89, 2, 12),
(38, 52, 102, 1, 13),
(38, 62, 102, 4, 14),
(38, 60, 104, 2, 15),
(38, 59, 121, 3, 16),
(38, 57, 88, 1, 17),
(38, 48, 104, 1, 18),
(38, 61, 90, 3, 19),
(38, 51, 92, 4, 20),
(38, 61, 104, 4, 21),
(38, 48, 110, 2, 22),
(39, 62, 120, 2, 1),
(39, 62, 113, 2, 2),
(39, 54, 144, 3, 3),
(39, 61, 107, 1, 4),
(39, 61, 63, 1, 5),
(39, 50, 99, 1, 6),
(39, 56, 116, 4, 7),
(39, 50, 101, 4, 8),
(39, 61, 111, 4, 9),
(39, 62, 109, 3, 10),
(39, 55, 117, 2, 11),
(39, 54, 137, 1, 12),
(39, 52, 102, 3, 13),
(39, 59, 123, 1, 14),
(39, 62, 92, 1, 15),
(39, 60, 104, 3, 16),
(39, 59, 121, 3, 17),
(39, 62, 100, 2, 18),
(39, 53, 116, 1, 19),
(39, 55, 120, 1, 20),
(39, 48, 104, 2, 21),
(39, 61, 90, 3, 22),
(39, 61, 104, 4, 23),
(39, 48, 110, 5, 24),
(39, 48, 108, 3, 25),
(40, 62, 120, 2, 1),
(40, 62, 113, 2, 2),
(40, 57, 97, 3, 3),
(40, 57, 96, 2, 4),
(40, 53, 52, 1, 5),
(40, 56, 47, 1, 6),
(40, 57, 98, 1, 7),
(40, 56, 116, 4, 8),
(40, 50, 101, 4, 9),
(40, 55, 135, 1, 10),
(40, 62, 109, 2, 11),
(40, 52, 102, 3, 12),
(40, 59, 123, 1, 13),
(40, 62, 92, 1, 14),
(40, 54, 149, 2, 15),
(40, 56, 102, 1, 16),
(40, 62, 118, 1, 17),
(40, 54, 136, 1, 18),
(40, 48, 94, 2, 19),
(40, 55, 119, 1, 20),
(40, 57, 92, 1, 21),
(40, 62, 100, 3, 22),
(40, 59, 121, 1, 23),
(40, 53, 116, 2, 24),
(40, 55, 120, 2, 25),
(40, 51, 91, 1, 26),
(40, 55, 127, 4, 27),
(40, 48, 105, 7, 28),
(40, 48, 108, 3, 29),
(41, 52, 29, 4, 1),
(41, 58, 34, 2, 2),
(41, 52, 28, 1, 3),
(41, 52, 27, 4, 4),
(41, 60, 83, 2, 5),
(41, 54, 63, 2, 6),
(41, 60, 38, 2, 7),
(41, 61, 34, 1, 8),
(41, 56, 47, 1, 9),
(41, 56, 4, 1, 10),
(41, 57, 98, 1, 11),
(41, 56, 116, 2, 12),
(41, 50, 101, 4, 13),
(41, 55, 135, 1, 14),
(41, 62, 109, 2, 15),
(41, 55, 128, 1, 16),
(41, 50, 95, 1, 17),
(41, 51, 89, 4, 18),
(41, 48, 99, 2, 19),
(41, 59, 123, 1, 20),
(41, 54, 149, 3, 21),
(41, 60, 104, 1, 22),
(41, 52, 100, 3, 23),
(41, 59, 121, 1, 24),
(41, 57, 88, 1, 25),
(41, 60, 97, 1, 26),
(41, 55, 120, 1, 27),
(41, 48, 104, 1, 28),
(41, 5005, 28, 3, 29),
(41, 48, 107, 6, 30),
(42, 55, 72, 3, 1),
(42, 55, 71, 4, 2),
(42, 53, 52, 1, 3),
(42, 56, 47, 1, 4),
(42, 55, 73, 1, 5),
(42, 56, 116, 4, 6),
(42, 50, 101, 4, 7),
(42, 55, 135, 3, 8),
(42, 61, 111, 4, 9),
(42, 62, 109, 2, 10),
(42, 54, 137, 1, 11),
(42, 51, 89, 1, 12),
(42, 62, 118, 1, 13),
(42, 62, 102, 4, 14),
(42, 60, 104, 2, 15),
(42, 52, 94, 4, 16),
(42, 49, 92, 1, 17),
(42, 59, 121, 3, 18),
(42, 56, 99, 2, 19),
(42, 57, 88, 1, 20),
(42, 48, 104, 2, 21),
(42, 61, 90, 2, 22),
(42, 51, 92, 3, 23),
(42, 61, 104, 4, 24),
(42, 48, 110, 2, 25),
(43, 62, 120, 3, 1),
(43, 62, 113, 3, 2),
(43, 55, 95, 1, 3),
(43, 50, 34, 1, 4),
(43, 56, 31, 1, 5),
(43, 51, 98, 1, 6),
(43, 54, 142, 1, 7),
(43, 50, 40, 1, 8),
(43, 50, 38, 1, 9),
(43, 57, 98, 1, 10),
(43, 56, 116, 4, 11),
(43, 50, 101, 4, 12),
(43, 55, 135, 2, 13),
(43, 62, 109, 4, 14),
(43, 54, 137, 1, 15),
(43, 52, 102, 4, 16),
(43, 59, 123, 1, 17),
(43, 62, 92, 2, 18),
(43, 62, 118, 1, 19),
(43, 60, 104, 2, 20),
(43, 53, 116, 1, 21),
(43, 62, 100, 3, 22),
(43, 59, 121, 2, 23),
(43, 56, 99, 2, 24),
(43, 48, 104, 1, 25),
(43, 51, 92, 2, 26),
(43, 48, 108, 5, 27),
(43, 48, 107, 5, 28),
(44, 56, 110, 2, 1),
(44, 56, 111, 4, 2),
(44, 56, 31, 3, 3),
(44, 56, 67, 1, 4),
(44, 56, 116, 4, 5),
(44, 50, 101, 4, 6),
(44, 55, 135, 2, 7),
(44, 62, 109, 3, 8),
(44, 54, 149, 2, 9),
(44, 56, 105, 2, 10),
(44, 52, 102, 1, 11),
(44, 55, 119, 3, 12),
(44, 60, 104, 2, 13),
(44, 60, 105, 1, 14),
(44, 62, 97, 2, 15),
(44, 59, 121, 3, 16),
(44, 56, 99, 1, 17),
(44, 55, 129, 1, 18),
(44, 48, 104, 2, 19),
(44, 55, 123, 3, 20),
(44, 55, 126, 1, 21),
(44, 55, 127, 4, 22),
(44, 53, 118, 4, 23),
(44, 51, 93, 4, 24),
(44, 48, 108, 1, 25),
(45, 55, 72, 4, 1),
(45, 55, 71, 4, 2),
(45, 61, 63, 1, 3),
(45, 61, 34, 1, 4),
(45, 53, 52, 1, 5),
(45, 56, 47, 1, 6),
(45, 56, 33, 1, 7),
(45, 59, 44, 1, 8),
(45, 56, 116, 3, 9),
(45, 50, 101, 4, 10),
(45, 61, 111, 3, 11),
(45, 62, 109, 2, 12),
(45, 54, 137, 1, 13),
(45, 51, 89, 2, 14),
(45, 59, 123, 1, 15),
(45, 62, 118, 1, 16),
(45, 62, 102, 4, 17),
(45, 60, 104, 2, 18),
(45, 52, 94, 1, 19),
(45, 59, 121, 3, 20),
(45, 57, 88, 1, 21),
(45, 56, 99, 1, 22),
(45, 53, 116, 1, 23),
(45, 48, 104, 2, 24),
(45, 61, 90, 3, 25),
(45, 51, 92, 4, 26),
(45, 61, 104, 4, 27),
(45, 48, 110, 3, 28),
(46, 59, 144, 3, 1),
(46, 59, 78, 2, 2),
(46, 53, 54, 2, 3),
(46, 53, 53, 2, 4),
(46, 52, 107, 2, 5),
(46, 61, 106, 1, 6),
(46, 57, 98, 1, 7),
(46, 56, 116, 4, 8),
(46, 50, 101, 4, 9),
(46, 55, 135, 3, 10),
(46, 55, 128, 1, 11),
(46, 52, 102, 4, 12),
(46, 52, 93, 3, 13),
(46, 60, 104, 3, 14),
(46, 59, 121, 3, 15),
(46, 56, 99, 2, 16),
(46, 55, 120, 1, 17),
(46, 48, 104, 1, 18),
(46, 55, 123, 4, 19),
(46, 55, 126, 2, 20),
(46, 51, 92, 4, 21),
(46, 48, 111, 8, 22),
(47, 57, 97, 3, 1),
(47, 57, 96, 4, 2),
(47, 59, 43, 2, 3),
(47, 59, 42, 2, 4),
(47, 57, 98, 1, 5),
(47, 56, 116, 4, 6),
(47, 50, 101, 4, 7),
(47, 55, 135, 1, 8),
(47, 50, 95, 1, 9),
(47, 52, 102, 3, 10),
(47, 59, 123, 1, 11),
(47, 54, 149, 4, 12),
(47, 56, 102, 2, 13),
(47, 48, 94, 3, 14),
(47, 52, 94, 2, 15),
(47, 57, 92, 1, 16),
(47, 59, 121, 3, 17),
(47, 53, 116, 2, 18),
(47, 51, 91, 3, 19),
(47, 55, 127, 4, 20),
(47, 48, 105, 10, 21),
(48, 59, 144, 3, 1),
(48, 53, 54, 2, 2),
(48, 53, 53, 2, 3),
(48, 52, 107, 1, 4),
(48, 61, 106, 2, 5),
(48, 52, 62, 1, 6),
(48, 56, 116, 4, 7),
(48, 50, 101, 4, 8),
(48, 55, 135, 3, 9),
(48, 55, 128, 1, 10),
(48, 50, 95, 1, 11),
(48, 52, 102, 3, 12),
(48, 59, 123, 1, 13),
(48, 54, 149, 2, 14),
(48, 52, 93, 3, 15),
(48, 60, 104, 1, 16),
(48, 52, 94, 1, 17),
(48, 59, 121, 3, 18),
(48, 56, 99, 3, 19),
(48, 53, 116, 1, 20),
(48, 48, 104, 1, 21),
(48, 55, 123, 3, 22),
(48, 55, 126, 2, 23),
(48, 51, 92, 4, 24),
(48, 48, 111, 8, 25),
(49, 55, 72, 4, 1),
(49, 55, 71, 4, 2),
(49, 48, 113, 1, 3),
(49, 48, 114, 1, 4),
(49, 50, 34, 1, 5),
(49, 54, 144, 1, 6),
(49, 61, 63, 1, 7),
(49, 51, 98, 1, 8),
(49, 61, 34, 1, 9),
(49, 53, 52, 1, 10),
(49, 56, 116, 4, 11),
(49, 50, 101, 4, 12),
(49, 55, 135, 2, 13),
(49, 61, 111, 3, 14),
(49, 54, 137, 1, 15),
(49, 51, 89, 1, 16),
(49, 52, 102, 2, 17),
(49, 55, 117, 1, 18),
(49, 60, 104, 3, 19),
(49, 59, 121, 3, 20),
(49, 57, 88, 1, 21),
(49, 56, 99, 3, 22),
(49, 55, 120, 2, 23),
(49, 61, 90, 3, 24),
(49, 51, 92, 3, 25),
(49, 61, 104, 4, 26),
(49, 48, 110, 4, 27),
(50, 52, 29, 4, 1),
(50, 58, 34, 3, 2),
(50, 52, 27, 4, 3),
(50, 60, 83, 3, 4),
(50, 54, 63, 2, 5),
(50, 60, 38, 2, 6),
(50, 61, 34, 1, 7),
(50, 56, 47, 1, 8),
(50, 56, 4, 1, 9),
(50, 56, 116, 4, 10),
(50, 50, 101, 4, 11),
(50, 55, 135, 2, 12),
(50, 55, 128, 1, 13),
(50, 50, 95, 1, 14),
(50, 51, 89, 3, 15),
(50, 52, 102, 2, 16),
(50, 54, 149, 2, 17),
(50, 52, 100, 3, 18),
(50, 60, 104, 1, 19),
(50, 59, 121, 2, 20),
(50, 57, 88, 1, 21),
(50, 60, 97, 1, 22),
(50, 55, 120, 1, 23),
(50, 48, 104, 1, 24),
(50, 5005, 28, 3, 25),
(50, 48, 107, 7, 26),
(51, 55, 134, 3, 1),
(51, 56, 110, 2, 2),
(51, 56, 111, 4, 3),
(51, 56, 31, 2, 4),
(51, 57, 97, 1, 5),
(51, 57, 96, 1, 6),
(51, 56, 116, 4, 7),
(51, 50, 101, 2, 8),
(51, 55, 135, 2, 9),
(51, 55, 128, 1, 10),
(51, 56, 105, 4, 11),
(51, 54, 149, 4, 12),
(51, 56, 102, 1, 13),
(51, 55, 119, 3, 14),
(51, 60, 104, 1, 15),
(51, 59, 121, 4, 16),
(51, 60, 97, 2, 17),
(51, 48, 104, 3, 18),
(51, 59, 126, 2, 19),
(51, 55, 127, 4, 20),
(51, 51, 92, 4, 21),
(51, 51, 93, 4, 22),
(51, 59, 131, 2, 23),
(52, 61, 106, 4, 1),
(52, 56, 119, 2, 2),
(52, 58, 67, 2, 3),
(52, 60, 12, 1, 4),
(52, 56, 116, 4, 5),
(52, 5005, 100, 4, 6),
(52, 62, 109, 3, 7),
(52, 54, 137, 1, 8),
(52, 56, 122, 3, 9),
(52, 55, 117, 4, 10),
(52, 62, 118, 1, 11),
(52, 60, 104, 1, 12),
(52, 59, 129, 1, 13),
(52, 58, 111, 4, 14),
(52, 62, 94, 2, 15),
(52, 62, 97, 2, 16),
(52, 59, 121, 3, 17),
(52, 56, 99, 2, 18),
(52, 56, 121, 1, 19),
(52, 48, 104, 2, 20),
(52, 55, 123, 4, 21),
(52, 55, 126, 2, 22),
(52, 58, 113, 4, 23),
(52, 59, 134, 3, 24),
(53, 59, 144, 3, 1),
(53, 59, 78, 2, 2),
(53, 53, 54, 2, 3),
(53, 53, 53, 2, 4),
(53, 52, 107, 1, 5),
(53, 61, 106, 1, 6),
(53, 56, 116, 4, 7),
(53, 50, 101, 4, 8),
(53, 55, 135, 2, 9),
(53, 54, 147, 2, 10),
(53, 55, 128, 1, 11),
(53, 52, 102, 4, 12),
(53, 59, 123, 1, 13),
(53, 55, 117, 1, 14),
(53, 52, 93, 3, 15),
(53, 60, 104, 2, 16),
(53, 59, 121, 3, 17),
(53, 56, 99, 3, 18),
(53, 55, 120, 1, 19),
(53, 55, 123, 4, 20),
(53, 55, 126, 2, 21),
(53, 51, 92, 4, 22),
(53, 48, 111, 8, 23),
(54, 59, 144, 3, 1),
(54, 59, 78, 2, 2),
(54, 53, 54, 2, 3),
(54, 53, 53, 2, 4),
(54, 52, 107, 1, 5),
(54, 61, 106, 2, 6),
(54, 57, 98, 1, 7),
(54, 56, 116, 4, 8),
(54, 50, 101, 4, 9),
(54, 54, 147, 1, 10),
(54, 55, 128, 1, 11),
(54, 52, 102, 4, 12),
(54, 55, 117, 3, 13),
(54, 52, 93, 3, 14),
(54, 60, 104, 2, 15),
(54, 59, 121, 4, 16),
(54, 56, 99, 2, 17),
(54, 48, 104, 1, 18),
(54, 55, 123, 4, 19),
(54, 55, 126, 2, 20),
(54, 51, 92, 4, 21),
(54, 48, 111, 8, 22),
(55, 55, 134, 3, 1),
(55, 56, 110, 2, 2),
(55, 56, 111, 4, 3),
(55, 56, 31, 1, 4),
(55, 56, 23, 2, 5),
(55, 61, 80, 2, 6),
(55, 56, 116, 3, 7),
(55, 50, 101, 2, 8),
(55, 55, 135, 3, 9),
(55, 59, 127, 1, 10),
(55, 55, 128, 1, 11),
(55, 56, 105, 1, 12),
(55, 52, 102, 2, 13),
(55, 59, 123, 1, 14),
(55, 54, 149, 2, 15),
(55, 56, 102, 1, 16),
(55, 55, 119, 3, 17),
(55, 60, 104, 2, 18),
(55, 59, 121, 3, 19),
(55, 60, 97, 2, 20),
(55, 55, 120, 2, 21),
(55, 5005, 28, 2, 22),
(55, 55, 127, 4, 23),
(55, 51, 92, 4, 24),
(55, 51, 93, 2, 25),
(55, 59, 131, 2, 26),
(55, 48, 108, 1, 27),
(55, 48, 107, 2, 28),
(56, 60, 20, 4, 1),
(56, 60, 18, 4, 2),
(56, 61, 106, 2, 3),
(56, 51, 98, 2, 4),
(56, 56, 116, 4, 5),
(56, 50, 101, 2, 6),
(56, 54, 137, 1, 7),
(56, 50, 95, 1, 8),
(56, 51, 89, 2, 9),
(56, 52, 102, 4, 10),
(56, 59, 125, 4, 11),
(56, 55, 117, 3, 12),
(56, 60, 88, 3, 13),
(56, 60, 104, 2, 14),
(56, 1006, 36, 4, 15),
(56, 59, 121, 3, 16),
(56, 48, 104, 3, 17),
(56, 51, 92, 4, 18),
(56, 48, 106, 8, 19),
(57, 55, 134, 2, 1),
(57, 56, 110, 3, 2),
(57, 56, 111, 4, 3),
(57, 56, 67, 1, 4),
(57, 56, 116, 4, 5),
(57, 50, 101, 1, 6),
(57, 55, 135, 2, 7),
(57, 55, 128, 1, 8),
(57, 60, 92, 1, 9),
(57, 56, 105, 2, 10),
(57, 52, 102, 2, 11),
(57, 52, 99, 2, 12),
(57, 59, 125, 2, 13),
(57, 55, 117, 4, 14),
(57, 55, 119, 4, 15),
(57, 60, 104, 1, 16),
(57, 59, 121, 3, 17),
(57, 53, 116, 2, 18),
(57, 55, 120, 1, 19),
(57, 48, 104, 2, 20),
(57, 51, 90, 2, 21),
(57, 55, 127, 4, 22),
(57, 51, 92, 4, 23),
(57, 51, 93, 4, 24),
(57, 48, 108, 2, 25),
(58, 57, 97, 3, 1),
(58, 57, 96, 3, 2),
(58, 51, 94, 1, 3),
(58, 53, 51, 1, 4),
(58, 53, 50, 1, 5),
(58, 56, 47, 1, 6),
(58, 57, 98, 1, 7),
(58, 56, 116, 4, 8),
(58, 50, 101, 4, 9),
(58, 50, 95, 1, 10),
(58, 52, 102, 4, 11),
(58, 59, 123, 1, 12),
(58, 54, 149, 4, 13),
(58, 56, 102, 2, 14),
(58, 48, 94, 3, 15),
(58, 55, 119, 1, 16),
(58, 52, 94, 2, 17),
(58, 57, 92, 1, 18),
(58, 59, 121, 3, 19),
(58, 53, 116, 2, 20),
(58, 55, 120, 2, 21),
(58, 51, 91, 2, 22),
(58, 55, 127, 4, 23),
(58, 48, 105, 9, 24),
(59, 54, 144, 2, 1),
(59, 61, 58, 1, 2),
(59, 61, 113, 2, 3),
(59, 61, 107, 2, 4),
(59, 61, 63, 3, 5),
(59, 56, 47, 1, 6),
(59, 56, 33, 1, 7),
(59, 59, 44, 1, 8),
(59, 56, 116, 4, 9),
(59, 50, 101, 4, 10),
(59, 55, 135, 1, 11),
(59, 61, 111, 4, 12),
(59, 54, 137, 1, 13),
(59, 51, 89, 1, 14),
(59, 52, 102, 2, 15),
(59, 59, 123, 1, 16),
(59, 48, 94, 2, 17),
(59, 60, 104, 3, 18),
(59, 59, 121, 3, 19),
(59, 61, 91, 4, 20),
(59, 55, 120, 1, 21),
(59, 48, 104, 1, 22),
(59, 61, 90, 3, 23),
(59, 61, 104, 4, 24),
(59, 48, 110, 8, 25),
(60, 61, 106, 4, 1),
(60, 56, 119, 2, 2),
(60, 58, 67, 2, 3),
(60, 56, 116, 4, 4),
(60, 5005, 100, 4, 5),
(60, 62, 118, 1, 6),
(60, 59, 129, 1, 7),
(60, 60, 104, 1, 8),
(60, 59, 115, 1, 9),
(60, 62, 109, 3, 10),
(60, 54, 137, 1, 11),
(60, 56, 122, 3, 12),
(60, 55, 117, 4, 13),
(60, 58, 111, 4, 14),
(60, 62, 94, 2, 15),
(60, 62, 97, 2, 16),
(60, 59, 121, 3, 17),
(60, 56, 99, 2, 18),
(60, 56, 121, 1, 19),
(60, 61, 100, 3, 20),
(60, 54, 135, 2, 21),
(60, 55, 123, 4, 22),
(60, 55, 126, 2, 23),
(60, 58, 113, 4, 24),
(61, 57, 97, 4, 1),
(61, 57, 96, 4, 2),
(61, 56, 47, 1, 3),
(61, 57, 98, 1, 4),
(61, 56, 116, 4, 5),
(61, 52, 96, 4, 6),
(61, 55, 135, 1, 7),
(61, 52, 102, 4, 8),
(61, 59, 123, 1, 9),
(61, 54, 136, 1, 10),
(61, 1005, 20, 1, 11),
(61, 54, 149, 4, 12),
(61, 56, 102, 2, 13),
(61, 58, 112, 3, 14),
(61, 55, 119, 1, 15),
(61, 52, 94, 2, 16),
(61, 53, 116, 2, 17),
(61, 57, 92, 1, 18),
(61, 59, 121, 3, 19),
(61, 51, 91, 3, 20),
(61, 55, 127, 4, 21),
(61, 59, 132, 9, 22),
(62, 57, 97, 3, 1),
(62, 57, 96, 3, 2),
(62, 58, 136, 1, 3),
(62, 53, 51, 1, 4),
(62, 53, 50, 1, 5),
(62, 56, 116, 4, 6),
(62, 52, 96, 4, 7),
(62, 52, 102, 4, 8),
(62, 59, 123, 1, 9),
(62, 55, 117, 3, 10),
(62, 54, 149, 4, 11),
(62, 56, 102, 2, 12),
(62, 58, 112, 3, 13),
(62, 55, 119, 3, 14),
(62, 52, 94, 2, 15),
(62, 53, 116, 1, 16),
(62, 57, 92, 1, 17),
(62, 59, 121, 3, 18),
(62, 55, 120, 1, 19),
(62, 51, 91, 2, 20),
(62, 55, 127, 4, 21),
(62, 59, 132, 9, 22),
(63, 59, 93, 2, 1),
(63, 59, 92, 3, 2),
(63, 59, 96, 1, 3),
(63, 59, 146, 1, 4),
(63, 60, 109, 2, 5),
(63, 60, 103, 2, 6),
(63, 51, 98, 2, 8),
(63, 57, 20, 1, 9),
(63, 54, 142, 1, 10),
(63, 56, 116, 3, 11),
(63, 52, 96, 4, 12),
(63, 55, 135, 3, 13),
(63, 59, 127, 1, 14),
(63, 54, 147, 1, 15),
(63, 55, 128, 1, 16),
(63, 51, 89, 2, 17),
(63, 51, 88, 1, 18),
(63, 52, 102, 2, 19),
(63, 1005, 20, 1, 20),
(63, 60, 104, 2, 21),
(63, 56, 121, 3, 22),
(63, 59, 121, 3, 23),
(63, 53, 116, 2, 24),
(63, 60, 97, 1, 25),
(63, 59, 117, 4, 26),
(63, 51, 92, 2, 27),
(63, 59, 131, 1, 28),
(63, 59, 140, 7, 29),
(63, 59, 134, 1, 30),
(64, 57, 97, 3, 1),
(64, 57, 96, 3, 2),
(64, 53, 51, 1, 3),
(64, 53, 50, 1, 4),
(64, 56, 116, 4, 5),
(64, 52, 96, 4, 6),
(64, 52, 102, 4, 7),
(64, 59, 123, 1, 8),
(64, 55, 117, 4, 9),
(64, 54, 149, 4, 10),
(64, 56, 102, 2, 11),
(64, 58, 112, 3, 12),
(64, 55, 119, 3, 13),
(64, 52, 94, 2, 14),
(64, 55, 120, 1, 15),
(64, 53, 116, 1, 16),
(64, 57, 92, 1, 17),
(64, 59, 121, 3, 18),
(64, 51, 91, 2, 19),
(64, 55, 127, 4, 20),
(64, 59, 132, 9, 21),
(65, 53, 120, 2, 1),
(65, 52, 11, 3, 2),
(65, 57, 7, 3, 3),
(65, 59, 55, 3, 4),
(65, 59, 54, 4, 5),
(65, 54, 63, 2, 6),
(65, 60, 39, 2, 7),
(65, 60, 38, 2, 8),
(65, 56, 116, 4, 9),
(65, 52, 96, 4, 10),
(65, 55, 135, 1, 11),
(65, 54, 137, 1, 12),
(65, 51, 89, 4, 13),
(65, 52, 102, 2, 14),
(65, 59, 116, 3, 15),
(65, 60, 96, 1, 16),
(65, 54, 136, 1, 17),
(65, 54, 149, 2, 18),
(65, 1006, 36, 2, 19),
(65, 60, 97, 2, 20),
(65, 59, 121, 2, 21),
(65, 56, 99, 4, 22),
(65, 5005, 28, 2, 23),
(65, 51, 92, 4, 24),
(66, 54, 31, 3, 1),
(66, 54, 30, 1, 2),
(66, 54, 29, 4, 3),
(66, 54, 142, 3, 4),
(66, 55, 95, 3, 5),
(66, 56, 33, 1, 6),
(66, 59, 44, 1, 7),
(66, 56, 116, 4, 8),
(66, 52, 96, 3, 9),
(66, 55, 135, 2, 10),
(66, 55, 128, 1, 11),
(66, 52, 102, 4, 12),
(66, 51, 89, 2, 13),
(66, 59, 123, 1, 14),
(66, 56, 103, 3, 15),
(66, 54, 149, 3, 16),
(66, 52, 100, 4, 17),
(66, 1006, 36, 1, 18),
(66, 56, 121, 1, 19),
(66, 60, 97, 2, 20),
(66, 5005, 28, 3, 21),
(66, 59, 134, 8, 22),
(66, 59, 135, 2, 23),
(67, 54, 144, 3, 1),
(67, 55, 133, 2, 2),
(67, 60, 102, 2, 3),
(67, 51, 98, 2, 4),
(67, 57, 96, 1, 5),
(67, 58, 137, 1, 6),
(67, 60, 70, 1, 7),
(67, 56, 116, 4, 8),
(67, 52, 96, 4, 9),
(67, 55, 135, 3, 10),
(67, 54, 137, 1, 11),
(67, 52, 102, 3, 12),
(67, 52, 99, 2, 13),
(67, 56, 121, 4, 14),
(67, 54, 135, 4, 15),
(67, 59, 121, 4, 16),
(67, 55, 123, 4, 17),
(67, 55, 126, 3, 18),
(67, 51, 92, 4, 19),
(67, 51, 93, 4, 20),
(67, 59, 131, 2, 21),
(67, 59, 137, 2, 22),
(68, 59, 144, 3, 1),
(68, 59, 78, 1, 2),
(68, 53, 54, 2, 3),
(68, 53, 53, 2, 4),
(68, 52, 107, 1, 5),
(68, 56, 67, 1, 6),
(68, 5005, 61, 1, 7),
(68, 52, 62, 1, 8),
(68, 57, 98, 1, 9),
(68, 56, 116, 4, 10),
(68, 52, 96, 4, 11),
(68, 55, 135, 1, 12),
(68, 54, 137, 1, 13),
(68, 52, 102, 4, 14),
(68, 59, 123, 1, 15),
(68, 55, 117, 2, 16),
(68, 52, 93, 4, 17),
(68, 60, 104, 1, 18),
(68, 1006, 36, 1, 19),
(68, 54, 135, 1, 20),
(68, 59, 121, 3, 21),
(68, 56, 99, 3, 22),
(68, 55, 123, 4, 23),
(68, 55, 126, 2, 24),
(68, 51, 92, 3, 25),
(68, 59, 138, 8, 26),
(69, 56, 110, 2, 1),
(69, 56, 111, 4, 2),
(69, 56, 31, 3, 3),
(69, 56, 112, 2, 4),
(69, 56, 116, 4, 5),
(69, 52, 96, 4, 6),
(69, 55, 135, 2, 7),
(69, 56, 105, 2, 8),
(69, 52, 102, 2, 9),
(69, 54, 149, 3, 10),
(69, 55, 119, 3, 11),
(69, 60, 104, 2, 12),
(69, 56, 121, 1, 13),
(69, 55, 129, 1, 14),
(69, 54, 135, 3, 15),
(69, 60, 97, 1, 16),
(69, 59, 121, 4, 17),
(69, 55, 123, 2, 18),
(69, 55, 126, 1, 19),
(69, 5005, 28, 1, 20),
(69, 55, 127, 4, 21),
(69, 51, 93, 4, 22),
(69, 59, 131, 4, 23),
(69, 53, 118, 1, 24),
(70, 59, 144, 2, 1),
(70, 53, 54, 3, 2),
(70, 53, 53, 3, 3),
(70, 52, 107, 2, 4),
(70, 51, 98, 3, 5),
(70, 56, 116, 4, 6),
(70, 52, 96, 2, 7),
(70, 55, 135, 2, 8),
(70, 59, 127, 2, 9),
(70, 54, 147, 2, 10),
(70, 54, 137, 1, 11),
(70, 52, 102, 3, 12),
(70, 54, 149, 2, 13),
(70, 52, 93, 2, 14),
(70, 60, 104, 2, 15),
(70, 53, 116, 2, 16),
(70, 59, 121, 3, 17),
(70, 59, 119, 2, 18),
(70, 56, 99, 3, 19),
(70, 55, 123, 2, 20),
(70, 55, 126, 1, 21),
(70, 51, 92, 4, 22),
(70, 59, 138, 8, 23),
(71, 59, 93, 2, 1),
(71, 59, 92, 2, 2),
(71, 56, 110, 2, 3),
(71, 56, 111, 3, 4),
(71, 56, 31, 2, 5),
(71, 56, 67, 1, 6),
(71, 57, 97, 1, 7),
(71, 57, 96, 1, 8),
(71, 54, 144, 1, 9),
(71, 55, 133, 1, 10),
(71, 53, 124, 1, 11),
(71, 56, 116, 4, 12),
(71, 52, 96, 4, 13),
(71, 55, 135, 2, 14),
(71, 59, 127, 2, 15),
(71, 52, 102, 3, 16),
(71, 1005, 20, 1, 17),
(71, 54, 149, 1, 18),
(71, 55, 119, 2, 19),
(71, 60, 104, 1, 20),
(71, 57, 95, 1, 21),
(71, 56, 121, 2, 22),
(71, 53, 116, 3, 23),
(71, 59, 121, 3, 24),
(71, 59, 117, 2, 25),
(71, 55, 127, 4, 26),
(71, 51, 93, 4, 27),
(71, 59, 131, 4, 28),
(72, 59, 144, 2, 1),
(72, 59, 78, 2, 2),
(72, 53, 54, 2, 3),
(72, 53, 53, 3, 4),
(72, 52, 107, 2, 5),
(72, 56, 67, 1, 6),
(72, 53, 110, 1, 7),
(72, 52, 62, 1, 8),
(72, 56, 116, 4, 9),
(72, 52, 96, 4, 10),
(72, 55, 135, 2, 11),
(72, 59, 127, 2, 12),
(72, 52, 102, 3, 13),
(72, 52, 93, 3, 14),
(72, 60, 104, 2, 15),
(72, 52, 94, 2, 16),
(72, 56, 121, 1, 17),
(72, 55, 129, 1, 18),
(72, 55, 120, 1, 19),
(72, 59, 121, 3, 20),
(72, 56, 99, 3, 21),
(72, 55, 123, 3, 22),
(72, 55, 126, 1, 23),
(72, 51, 92, 3, 24),
(72, 59, 138, 8, 25),
(73, 32, 4, 4, 1),
(73, 32, 58, 3, 2),
(73, 32, 93, 4, 3),
(73, 32, 5, 1, 4),
(73, 32, 76, 1, 5),
(73, 25, 37, 2, 6),
(73, 26, 21, 2, 7),
(73, 29, 72, 2, 8),
(73, 29, 73, 3, 9),
(73, 28, 85, 1, 10),
(73, 26, 91, 1, 11),
(73, 26, 93, 3, 12),
(73, 26, 97, 2, 13),
(73, 26, 98, 4, 14),
(73, 31, 83, 1, 15),
(73, 24, 83, 3, 16),
(73, 2002, 8, 1, 17),
(73, 29, 74, 3, 18),
(73, 27, 72, 4, 19),
(73, 23, 95, 3, 20),
(73, 24, 87, 1, 21),
(73, 24, 103, 11, 22),
(74, 30, 92, 3, 1),
(74, 28, 7, 2, 2),
(74, 30, 42, 2, 3),
(74, 28, 84, 4, 4),
(74, 26, 109, 2, 5),
(74, 26, 110, 1, 6),
(74, 26, 68, 3, 7),
(74, 31, 92, 1, 8),
(74, 29, 18, 1, 9),
(74, 29, 61, 1, 10),
(74, 32, 43, 1, 11),
(74, 28, 44, 4, 12),
(74, 26, 71, 1, 13),
(74, 28, 85, 2, 14),
(74, 26, 93, 2, 15),
(74, 26, 95, 1, 16),
(74, 26, 97, 1, 17),
(74, 26, 98, 4, 18),
(74, 30, 73, 2, 19),
(74, 27, 73, 1, 20),
(74, 25, 89, 2, 21),
(74, 24, 83, 4, 22),
(74, 29, 85, 2, 23),
(74, 25, 93, 1, 24),
(74, 23, 85, 1, 25),
(74, 27, 76, 1, 26),
(74, 24, 105, 6, 27),
(74, 24, 104, 4, 28),
(75, 25, 108, 4, 1),
(75, 25, 46, 4, 2),
(75, 32, 9, 1, 3),
(75, 26, 22, 1, 4),
(75, 31, 83, 1, 5),
(75, 30, 73, 2, 6),
(75, 25, 86, 3, 7),
(75, 24, 85, 2, 8),
(75, 29, 73, 1, 9),
(75, 30, 79, 1, 10),
(75, 25, 87, 4, 11),
(75, 29, 72, 3, 12),
(75, 32, 111, 3, 13),
(75, 25, 82, 4, 14),
(75, 32, 109, 4, 15),
(75, 29, 74, 1, 16),
(75, 23, 85, 1, 17),
(75, 23, 92, 2, 18),
(75, 27, 72, 2, 19),
(75, 23, 93, 4, 20),
(75, 25, 99, 4, 21),
(75, 24, 88, 4, 22),
(75, 32, 130, 4, 23),
(76, 30, 97, 2, 1),
(76, 31, 92, 4, 2),
(76, 27, 88, 2, 3),
(76, 26, 109, 3, 4),
(76, 26, 110, 1, 5),
(76, 25, 102, 1, 6),
(76, 26, 68, 4, 7),
(76, 31, 101, 1, 8),
(76, 29, 94, 1, 9),
(76, 30, 19, 1, 10),
(76, 28, 44, 1, 11),
(76, 26, 71, 1, 12),
(76, 28, 85, 1, 13),
(76, 26, 93, 2, 14),
(76, 26, 97, 1, 15),
(76, 26, 98, 4, 16),
(76, 25, 86, 2, 17),
(76, 25, 89, 3, 18),
(76, 24, 84, 1, 19),
(76, 29, 85, 3, 20),
(76, 26, 100, 4, 21),
(76, 27, 75, 1, 22),
(76, 24, 89, 2, 23),
(76, 24, 86, 3, 24),
(76, 24, 104, 7, 25),
(76, 24, 105, 4, 26),
(77, 53, 123, 3, 1),
(77, 52, 105, 1, 2),
(77, 50, 15, 1, 3),
(77, 50, 40, 4, 4),
(77, 50, 38, 4, 5),
(77, 54, 142, 2, 6),
(77, 56, 116, 4, 7),
(77, 50, 101, 4, 8),
(77, 55, 135, 3, 9),
(77, 55, 128, 1, 10),
(77, 51, 89, 4, 11),
(77, 52, 102, 4, 12),
(77, 48, 93, 1, 13),
(77, 50, 95, 2, 14),
(77, 49, 95, 3, 15),
(77, 56, 99, 4, 16),
(77, 5005, 28, 3, 17),
(77, 48, 108, 8, 18),
(77, 48, 106, 4, 19),
(78, 53, 120, 2, 1),
(78, 52, 11, 2, 2),
(78, 52, 10, 3, 3),
(78, 49, 47, 3, 4),
(78, 49, 46, 1, 5),
(78, 49, 43, 4, 6),
(78, 51, 59, 1, 7),
(78, 48, 48, 1, 8),
(78, 54, 63, 1, 9),
(78, 17, 61, 1, 10),
(78, 54, 142, 1, 11),
(78, 56, 116, 4, 12),
(78, 50, 101, 3, 13),
(78, 55, 135, 2, 14),
(78, 54, 137, 1, 15),
(78, 51, 89, 2, 16),
(78, 52, 102, 3, 17),
(78, 48, 99, 2, 18),
(78, 54, 136, 1, 19),
(78, 50, 95, 1, 20),
(78, 54, 149, 4, 21),
(78, 52, 100, 4, 22),
(78, 49, 95, 3, 23),
(78, 53, 116, 1, 24),
(78, 56, 99, 3, 25),
(78, 5005, 28, 2, 26),
(78, 51, 92, 4, 27),
(79, 52, 107, 4, 1),
(79, 52, 62, 3, 2),
(79, 54, 142, 2, 3),
(79, 56, 47, 1, 4),
(79, 56, 116, 4, 5),
(79, 50, 101, 4, 6),
(79, 54, 137, 1, 7),
(79, 52, 102, 3, 8),
(79, 52, 99, 3, 9),
(79, 48, 93, 1, 10),
(79, 55, 117, 2, 11),
(79, 52, 93, 4, 12),
(79, 48, 94, 3, 13),
(79, 49, 95, 4, 14),
(79, 52, 94, 2, 15),
(79, 53, 116, 1, 16),
(79, 52, 92, 2, 17),
(79, 55, 123, 4, 18),
(79, 55, 126, 2, 19),
(79, 48, 111, 10, 20),
(80, 56, 110, 2, 1),
(80, 56, 111, 4, 2),
(80, 56, 31, 4, 3),
(80, 56, 116, 4, 4),
(80, 50, 101, 4, 5),
(80, 55, 135, 2, 6),
(80, 54, 147, 1, 7),
(80, 54, 137, 1, 8),
(80, 56, 105, 2, 9),
(80, 52, 102, 1, 10),
(80, 48, 93, 1, 11),
(80, 54, 149, 3, 12),
(80, 55, 119, 3, 13),
(80, 49, 95, 4, 14),
(80, 48, 104, 3, 15),
(80, 56, 99, 2, 16),
(80, 55, 123, 4, 17),
(80, 55, 126, 2, 18),
(80, 55, 127, 4, 19),
(80, 51, 93, 4, 20),
(80, 48, 108, 2, 21),
(80, 48, 107, 3, 22),
(81, 52, 107, 3, 1),
(81, 51, 98, 3, 2),
(81, 50, 99, 2, 3),
(81, 44, 8, 2, 4),
(81, 45, 8, 2, 5),
(81, 48, 101, 3, 6),
(81, 43, 101, 4, 7),
(81, 50, 101, 2, 8),
(81, 44, 72, 1, 9),
(81, 52, 102, 2, 10),
(81, 52, 99, 2, 11),
(81, 46, 87, 4, 12),
(81, 52, 93, 4, 13),
(81, 49, 95, 3, 14),
(81, 44, 80, 2, 15),
(81, 44, 83, 2, 16),
(81, 43, 102, 2, 17),
(81, 50, 91, 3, 18),
(81, 43, 103, 3, 19),
(81, 51, 93, 2, 20),
(81, 43, 121, 7, 21),
(81, 43, 120, 2, 22),
(82, 51, 98, 4, 1),
(82, 50, 99, 3, 2),
(82, 48, 101, 4, 3),
(82, 43, 101, 4, 4),
(82, 50, 101, 3, 5),
(82, 44, 72, 3, 6),
(82, 52, 99, 3, 7),
(82, 46, 87, 4, 8),
(82, 48, 92, 1, 9),
(82, 43, 91, 1, 10),
(82, 49, 95, 4, 11),
(82, 47, 80, 1, 12),
(82, 44, 80, 3, 13),
(82, 49, 94, 1, 14),
(82, 43, 102, 4, 15),
(82, 51, 87, 2, 16),
(82, 50, 91, 2, 17),
(82, 45, 76, 1, 18),
(82, 43, 103, 4, 19),
(82, 43, 120, 8, 20),
(83, 51, 98, 3, 1),
(83, 52, 105, 1, 2),
(83, 48, 114, 1, 3),
(83, 50, 40, 3, 4),
(83, 52, 45, 4, 5),
(83, 45, 8, 2, 6),
(83, 48, 101, 4, 7),
(83, 43, 101, 2, 8),
(83, 50, 101, 4, 9),
(83, 44, 72, 3, 10),
(83, 51, 89, 2, 11),
(83, 52, 102, 1, 12),
(83, 52, 99, 1, 13),
(83, 46, 87, 4, 14),
(83, 50, 95, 1, 15),
(83, 49, 95, 3, 16),
(83, 44, 80, 2, 17),
(83, 49, 94, 3, 18),
(83, 43, 102, 3, 19),
(83, 51, 91, 1, 20),
(83, 43, 103, 4, 21),
(83, 43, 118, 8, 22),
(84, 59, 144, 3, 1),
(84, 59, 78, 2, 2),
(84, 56, 119, 2, 3),
(84, 58, 67, 2, 4),
(84, 58, 88, 1, 6),
(84, 58, 54, 1, 7),
(84, 61, 106, 1, 8),
(84, 56, 116, 4, 9),
(84, 5005, 100, 4, 10),
(84, 55, 135, 2, 11),
(84, 59, 127, 2, 12),
(84, 55, 128, 1, 13),
(84, 56, 122, 3, 14),
(84, 55, 117, 1, 15),
(84, 59, 123, 1, 16),
(84, 58, 112, 1, 17),
(84, 60, 104, 2, 18),
(84, 55, 120, 1, 19),
(84, 54, 135, 1, 20),
(84, 59, 121, 4, 21),
(84, 56, 99, 3, 22),
(84, 55, 123, 4, 23),
(84, 55, 126, 2, 24),
(84, 58, 113, 4, 25),
(84, 59, 138, 8, 26),
(85, 55, 72, 4, 1),
(85, 55, 71, 4, 2),
(85, 59, 55, 2, 3),
(85, 59, 54, 2, 4),
(85, 57, 20, 2, 5),
(85, 56, 47, 1, 6),
(85, 56, 116, 4, 7),
(85, 5005, 100, 3, 8),
(85, 61, 111, 4, 9),
(85, 54, 137, 1, 10),
(85, 56, 122, 3, 11),
(85, 59, 123, 1, 12),
(85, 55, 117, 1, 13),
(85, 60, 96, 1, 14),
(85, 60, 104, 2, 15),
(85, 55, 120, 1, 16),
(85, 54, 135, 1, 17),
(85, 60, 97, 1, 18),
(85, 59, 121, 3, 19),
(85, 57, 88, 2, 20),
(85, 56, 99, 4, 21),
(85, 61, 90, 3, 22),
(85, 58, 113, 2, 23),
(85, 61, 104, 4, 24),
(85, 59, 137, 4, 25),
(86, 59, 144, 3, 1),
(86, 59, 78, 2, 2),
(86, 56, 119, 2, 3),
(86, 58, 67, 2, 4),
(86, 58, 88, 1, 5),
(86, 58, 54, 1, 6),
(86, 61, 106, 1, 7),
(86, 57, 98, 1, 8),
(86, 56, 116, 4, 9),
(86, 5005, 100, 4, 10),
(86, 55, 135, 2, 11),
(86, 54, 137, 1, 12),
(86, 56, 122, 4, 13),
(86, 59, 123, 1, 14),
(86, 55, 117, 2, 15),
(86, 58, 112, 2, 16),
(86, 60, 104, 2, 17),
(86, 55, 120, 1, 18),
(86, 54, 135, 1, 19),
(86, 59, 121, 3, 20),
(86, 56, 99, 2, 21),
(86, 55, 123, 4, 22),
(86, 55, 126, 2, 23),
(86, 58, 113, 4, 24),
(86, 59, 138, 8, 25),
(87, 55, 134, 3, 1),
(87, 56, 110, 2, 2),
(87, 56, 111, 4, 3),
(87, 56, 31, 1, 4),
(87, 56, 23, 2, 5),
(87, 61, 80, 2, 6),
(87, 56, 116, 4, 7),
(87, 5005, 100, 2, 8),
(87, 55, 135, 2, 9),
(87, 59, 127, 1, 10),
(87, 55, 128, 1, 11),
(87, 56, 105, 1, 12),
(87, 56, 122, 2, 13),
(87, 4006, 11, 1, 14),
(87, 54, 149, 2, 15),
(87, 56, 102, 1, 16),
(87, 55, 119, 3, 17),
(87, 60, 104, 2, 18),
(87, 55, 120, 2, 19),
(87, 60, 97, 2, 20),
(87, 59, 121, 3, 21),
(87, 56, 100, 2, 22),
(87, 55, 127, 4, 23),
(87, 58, 113, 4, 24),
(87, 59, 131, 4, 25),
(87, 59, 135, 1, 26),
(87, 59, 134, 2, 27),
(88, 57, 97, 3, 1),
(88, 57, 96, 3, 2),
(88, 62, 32, 1, 3),
(88, 55, 53, 1, 4),
(88, 57, 98, 1, 5),
(88, 56, 116, 4, 6),
(88, 5005, 100, 4, 7),
(88, 55, 135, 1, 8),
(88, 62, 109, 3, 9),
(88, 56, 122, 4, 10),
(88, 59, 123, 1, 11),
(88, 54, 136, 1, 12),
(88, 58, 112, 3, 13),
(88, 54, 149, 4, 14),
(88, 56, 102, 1, 15),
(88, 60, 104, 1, 16),
(88, 62, 94, 2, 17),
(88, 55, 120, 1, 18),
(88, 54, 135, 2, 19),
(88, 61, 101, 1, 20),
(88, 57, 92, 1, 21),
(88, 59, 121, 3, 22),
(88, 55, 127, 4, 23),
(88, 59, 132, 10, 24),
(89, 12, 19, 4, 1),
(89, 6004, 1, 4, 2),
(89, 8, 12, 3, 3),
(89, 8, 20, 3, 4),
(89, 8, 96, 4, 5),
(89, 15, 138, 4, 6),
(89, 12, 108, 4, 7),
(89, 15, 125, 3, 8),
(89, 8, 100, 4, 9),
(89, 8, 93, 4, 10),
(89, 12, 104, 4, 11),
(89, 8, 19, 4, 12),
(89, 8, 109, 15, 13),
(90, 11, 7, 3, 1),
(90, 10, 8, 1, 2),
(90, 9, 5, 2, 3),
(90, 14, 87, 1, 4),
(90, 15, 66, 1, 5),
(90, 6004, 1, 2, 6),
(90, 12, 16, 2, 7),
(90, 12, 78, 2, 8),
(90, 8, 12, 2, 9),
(90, 8, 20, 2, 10),
(90, 8, 96, 4, 11),
(90, 13, 138, 2, 12),
(90, 15, 138, 2, 13),
(90, 12, 108, 4, 14),
(90, 14, 130, 2, 15),
(90, 12, 103, 3, 16),
(90, 14, 136, 1, 17),
(90, 8, 100, 3, 18),
(90, 13, 150, 1, 19),
(90, 13, 157, 1, 20),
(90, 8, 86, 3, 21),
(90, 8, 104, 4, 22),
(90, 14, 144, 4, 23),
(90, 14, 147, 1, 24),
(90, 8, 107, 5, 25),
(90, 8, 109, 2, 26),
(91, 13, 12, 4, 1),
(92, 19, 89, 2, 1),
(92, 16, 3, 3, 2),
(92, 16, 28, 2, 3),
(92, 16, 74, 4, 4),
(92, 18, 97, 1, 5),
(92, 16, 5, 2, 6),
(92, 16, 71, 2, 7),
(92, 19, 4, 1, 8),
(92, 19, 53, 1, 9),
(92, 20, 16, 1, 10),
(92, 20, 68, 1, 11),
(92, 17, 60, 4, 12),
(92, 20, 92, 4, 13),
(92, 13, 138, 4, 14),
(92, 15, 138, 3, 15),
(92, 13, 148, 1, 16),
(92, 15, 126, 1, 17),
(92, 14, 136, 1, 18),
(92, 17, 88, 4, 19),
(92, 13, 145, 1, 20),
(92, 13, 157, 1, 21),
(92, 17, 93, 3, 22),
(92, 14, 147, 1, 23),
(92, 13, 161, 10, 24),
(92, 13, 163, 2, 25),
(93, 19, 9, 4, 1),
(93, 19, 23, 4, 2),
(93, 19, 8, 2, 3),
(93, 19, 60, 2, 4),
(93, 19, 19, 2, 5),
(93, 19, 64, 1, 6),
(93, 20, 92, 3, 7),
(93, 13, 138, 2, 8),
(93, 18, 88, 3, 9),
(93, 15, 140, 3, 10),
(93, 19, 82, 4, 11),
(93, 19, 80, 2, 12),
(93, 19, 73, 2, 13),
(93, 13, 146, 3, 14),
(93, 18, 87, 2, 15),
(93, 13, 157, 1, 16),
(93, 20, 88, 3, 17),
(93, 19, 87, 4, 18),
(93, 14, 144, 2, 19),
(93, 13, 158, 4, 20),
(93, 13, 160, 6, 21),
(93, 13, 164, 1, 22),
(94, 19, 95, 2, 1),
(94, 16, 13, 3, 2),
(94, 16, 40, 3, 3),
(94, 16, 59, 4, 4),
(94, 19, 94, 1, 5),
(94, 17, 26, 1, 6),
(94, 16, 5, 2, 7),
(94, 16, 44, 2, 8),
(94, 18, 17, 2, 9),
(94, 18, 62, 2, 10),
(94, 17, 60, 2, 11),
(94, 20, 92, 2, 12),
(94, 13, 138, 2, 13),
(94, 15, 138, 3, 14),
(94, 13, 149, 1, 15),
(94, 15, 140, 2, 16),
(94, 14, 130, 1, 17),
(94, 13, 148, 2, 18),
(94, 17, 89, 1, 19),
(94, 17, 88, 2, 20),
(94, 20, 85, 1, 21),
(94, 13, 156, 1, 22),
(94, 13, 157, 1, 23),
(94, 17, 93, 4, 24),
(94, 13, 165, 13, 25),
(95, 17, 96, 2, 1),
(95, 16, 7, 2, 2),
(95, 16, 34, 3, 3),
(95, 17, 74, 4, 4),
(95, 16, 5, 2, 5),
(95, 17, 79, 2, 6),
(95, 18, 17, 2, 7),
(95, 18, 62, 2, 8),
(95, 17, 60, 4, 9),
(95, 20, 92, 1, 10),
(95, 15, 123, 2, 11),
(95, 15, 138, 4, 12),
(95, 13, 148, 3, 13),
(95, 14, 136, 1, 14),
(95, 17, 88, 2, 15),
(95, 13, 146, 3, 16),
(95, 13, 152, 1, 17),
(95, 13, 157, 1, 18),
(95, 14, 141, 1, 19),
(95, 20, 87, 1, 20),
(95, 20, 91, 1, 21),
(95, 14, 145, 4, 22),
(95, 13, 164, 10, 23),
(95, 13, 163, 2, 24),
(96, 20, 18, 3, 1),
(96, 20, 58, 3, 2),
(96, 14, 17, 4, 3),
(96, 14, 60, 3, 4),
(96, 14, 83, 4, 5),
(96, 17, 60, 4, 6),
(96, 20, 92, 4, 7),
(96, 13, 138, 3, 8),
(96, 13, 149, 1, 9),
(96, 18, 88, 3, 10),
(96, 17, 88, 3, 11),
(96, 20, 85, 2, 12),
(96, 13, 145, 1, 13),
(96, 13, 152, 2, 14),
(96, 15, 122, 1, 15),
(96, 20, 88, 3, 16),
(96, 19, 88, 3, 17),
(96, 14, 144, 4, 18),
(96, 17, 93, 4, 19),
(96, 13, 164, 5, 20),
(97, 20, 18, 3, 1),
(97, 20, 58, 4, 2),
(97, 20, 3, 3, 3),
(97, 15, 60, 3, 4),
(97, 20, 83, 4, 5),
(97, 15, 51, 1, 6),
(97, 20, 8, 1, 7),
(97, 20, 37, 1, 8),
(97, 17, 60, 2, 9),
(97, 20, 92, 2, 10),
(97, 13, 138, 2, 11),
(97, 13, 149, 2, 12),
(97, 15, 123, 2, 13),
(97, 15, 140, 2, 14),
(97, 17, 87, 1, 15),
(97, 17, 89, 2, 16),
(97, 15, 124, 1, 17),
(97, 15, 128, 1, 18),
(97, 17, 88, 2, 19),
(97, 20, 85, 2, 20),
(97, 13, 146, 1, 21),
(97, 20, 90, 1, 22),
(97, 13, 152, 2, 23),
(97, 20, 87, 1, 24),
(97, 20, 88, 1, 25),
(97, 19, 88, 3, 26),
(97, 14, 144, 1, 27),
(97, 17, 93, 2, 28),
(97, 13, 164, 7, 29),
(97, 13, 162, 2, 30),
(98, 19, 9, 4, 1),
(98, 19, 23, 4, 2),
(98, 19, 8, 2, 3),
(98, 19, 60, 2, 4),
(98, 19, 19, 2, 5),
(98, 19, 64, 1, 6),
(98, 20, 92, 3, 7),
(98, 13, 138, 2, 8),
(98, 18, 88, 2, 9),
(98, 15, 140, 3, 10),
(98, 19, 82, 3, 11),
(98, 19, 80, 3, 12),
(98, 19, 73, 2, 13),
(98, 13, 150, 2, 14),
(98, 18, 87, 2, 15),
(98, 13, 152, 3, 16),
(98, 20, 88, 2, 17),
(98, 19, 87, 4, 18),
(98, 14, 144, 2, 19),
(98, 13, 158, 4, 20),
(98, 13, 160, 7, 21),
(98, 13, 164, 1, 22),
(99, 19, 95, 3, 1),
(99, 16, 13, 2, 2),
(99, 16, 40, 3, 3),
(99, 16, 59, 4, 4),
(99, 17, 60, 4, 5),
(99, 20, 92, 4, 6),
(99, 13, 138, 1, 7),
(99, 13, 149, 2, 8),
(99, 18, 88, 3, 9),
(99, 15, 138, 4, 10),
(99, 15, 124, 4, 11),
(99, 13, 143, 2, 12),
(99, 15, 125, 1, 13),
(99, 17, 88, 4, 14),
(99, 13, 152, 1, 15),
(99, 20, 89, 2, 16),
(99, 13, 165, 16, 17),
(100, 19, 89, 2, 1),
(100, 16, 3, 3, 2),
(100, 16, 28, 3, 3),
(100, 16, 74, 4, 4),
(100, 18, 97, 2, 5),
(100, 16, 5, 2, 6),
(100, 17, 79, 2, 7),
(100, 17, 60, 4, 8),
(100, 20, 92, 3, 9),
(100, 13, 138, 2, 10),
(100, 13, 149, 1, 11),
(100, 18, 88, 1, 12),
(100, 15, 138, 4, 13),
(100, 14, 136, 1, 14),
(100, 17, 88, 3, 15),
(100, 20, 85, 1, 16),
(100, 13, 145, 1, 17),
(100, 13, 152, 1, 18),
(100, 13, 157, 2, 19),
(100, 20, 87, 1, 20),
(100, 18, 85, 1, 21),
(100, 17, 93, 3, 22),
(100, 13, 161, 11, 23),
(100, 13, 163, 2, 24),
(101, 19, 9, 4, 1),
(101, 19, 23, 4, 2),
(101, 19, 8, 2, 3),
(101, 19, 60, 2, 4),
(101, 19, 19, 2, 5),
(101, 19, 64, 1, 6),
(101, 20, 92, 2, 7),
(101, 13, 138, 2, 8),
(101, 13, 137, 1, 9),
(101, 18, 88, 3, 10),
(101, 15, 140, 3, 11),
(101, 19, 70, 1, 12),
(101, 19, 82, 2, 13),
(101, 19, 80, 2, 14),
(101, 19, 73, 2, 15),
(101, 13, 146, 3, 16),
(101, 18, 87, 1, 17),
(101, 13, 152, 1, 18),
(101, 13, 157, 2, 19),
(101, 20, 88, 2, 20),
(101, 19, 87, 4, 21),
(101, 14, 144, 1, 22),
(101, 13, 158, 4, 23),
(101, 13, 160, 7, 24),
(101, 13, 164, 2, 25),
(102, 19, 9, 4, 1),
(102, 19, 23, 4, 2),
(102, 19, 8, 3, 3),
(102, 19, 61, 2, 4),
(102, 19, 19, 3, 5),
(102, 19, 64, 2, 6),
(102, 20, 92, 3, 7),
(102, 13, 138, 2, 8),
(102, 18, 88, 2, 9),
(102, 15, 140, 4, 10),
(102, 19, 70, 2, 11),
(102, 19, 82, 2, 12),
(102, 19, 80, 2, 13),
(102, 19, 73, 1, 14),
(102, 18, 87, 2, 15),
(102, 13, 152, 1, 16),
(102, 13, 157, 2, 17),
(102, 20, 88, 2, 18),
(102, 19, 87, 4, 19),
(102, 14, 144, 2, 20),
(102, 13, 158, 3, 21),
(102, 13, 160, 6, 22),
(102, 13, 164, 2, 23),
(103, 19, 9, 4, 1),
(103, 19, 23, 4, 2),
(103, 19, 8, 3, 3),
(103, 19, 60, 2, 4),
(103, 19, 19, 2, 5),
(103, 19, 64, 2, 6),
(103, 20, 92, 3, 7),
(103, 13, 138, 2, 8),
(103, 18, 88, 4, 9),
(103, 15, 140, 2, 10),
(103, 19, 70, 1, 11),
(103, 19, 82, 4, 12),
(103, 19, 80, 2, 13),
(103, 19, 73, 2, 14),
(103, 13, 146, 1, 15),
(103, 13, 150, 1, 16),
(103, 18, 87, 1, 17),
(103, 20, 88, 3, 18),
(103, 19, 87, 4, 19),
(103, 14, 144, 2, 20),
(103, 13, 158, 4, 21),
(103, 13, 160, 6, 22),
(103, 13, 164, 1, 23),
(104, 20, 18, 4, 1),
(104, 20, 58, 4, 2),
(104, 17, 96, 1, 3),
(104, 16, 7, 2, 4),
(104, 16, 35, 1, 5),
(104, 16, 66, 2, 6),
(104, 16, 68, 1, 7),
(104, 20, 16, 1, 8),
(104, 20, 68, 1, 9),
(104, 17, 60, 4, 10),
(104, 20, 92, 3, 11),
(104, 13, 138, 3, 12),
(104, 13, 137, 2, 13),
(104, 15, 140, 3, 14),
(104, 13, 148, 3, 15),
(104, 17, 88, 4, 16),
(104, 20, 85, 1, 17),
(104, 13, 152, 2, 18),
(104, 19, 88, 4, 19),
(104, 14, 145, 2, 20),
(104, 17, 93, 4, 21),
(104, 13, 164, 8, 22),
(105, 21, 116, 4, 1),
(105, 23, 38, 3, 2),
(105, 23, 60, 4, 3),
(105, 20, 5, 1, 4),
(105, 20, 80, 4, 5),
(105, 20, 92, 2, 6),
(105, 21, 98, 1, 7),
(105, 17, 87, 1, 8),
(105, 19, 72, 4, 9),
(105, 23, 88, 2, 10),
(105, 24, 84, 2, 11),
(105, 22, 84, 3, 12),
(105, 21, 100, 1, 13),
(105, 24, 79, 2, 14),
(105, 21, 99, 3, 15),
(105, 16, 92, 2, 16),
(105, 24, 75, 2, 17),
(105, 23, 91, 2, 18),
(105, 16, 109, 17, 19),
(106, 24, 95, 4, 1),
(106, 24, 55, 4, 2),
(106, 17, 26, 1, 3),
(106, 23, 9, 4, 4),
(106, 20, 92, 3, 5),
(106, 22, 86, 3, 6),
(106, 18, 88, 3, 7),
(106, 17, 89, 3, 8),
(106, 22, 92, 4, 9),
(106, 24, 84, 2, 10),
(106, 16, 87, 2, 11),
(106, 22, 85, 3, 12),
(106, 16, 80, 4, 13),
(106, 20, 89, 2, 14),
(106, 19, 78, 2, 15),
(106, 16, 94, 4, 16),
(106, 16, 105, 8, 17),
(106, 16, 107, 4, 18),
(107, 22, 19, 3, 1),
(107, 22, 20, 1, 2),
(107, 22, 41, 2, 3),
(107, 22, 62, 4, 4),
(107, 21, 10, 2, 5),
(107, 21, 45, 1, 6),
(107, 21, 73, 2, 7),
(107, 20, 8, 2, 8),
(107, 17, 60, 3, 9),
(107, 20, 92, 4, 10),
(107, 22, 83, 2, 11),
(107, 22, 86, 1, 12),
(107, 13, 137, 4, 13),
(107, 21, 88, 2, 14),
(107, 24, 84, 1, 15),
(107, 22, 84, 1, 16),
(107, 17, 88, 4, 17),
(107, 20, 85, 2, 18),
(107, 20, 87, 1, 19),
(107, 20, 88, 2, 20),
(107, 22, 95, 2, 21),
(107, 23, 95, 3, 22),
(107, 16, 93, 4, 23),
(107, 22, 94, 2, 24),
(107, 23, 94, 3, 25),
(107, 16, 105, 2, 26),
(108, 23, 10, 3, 1),
(108, 17, 45, 2, 2),
(108, 17, 66, 3, 3),
(108, 23, 35, 1, 4),
(108, 23, 20, 2, 5),
(108, 23, 74, 2, 6),
(108, 20, 46, 2, 7),
(108, 20, 70, 2, 8),
(108, 23, 9, 1, 9),
(108, 17, 60, 4, 10),
(108, 20, 92, 3, 11),
(108, 22, 83, 2, 12),
(108, 22, 86, 2, 13),
(108, 21, 88, 4, 14),
(108, 22, 92, 2, 15),
(108, 17, 88, 3, 16),
(108, 20, 85, 1, 17),
(108, 16, 87, 2, 18),
(108, 19, 74, 1, 19),
(108, 23, 85, 1, 20),
(108, 20, 88, 2, 21),
(108, 23, 95, 2, 22),
(108, 19, 88, 3, 23),
(108, 23, 94, 3, 24),
(108, 16, 106, 7, 25),
(109, 21, 9, 4, 1),
(109, 21, 40, 3, 2),
(109, 21, 70, 4, 3),
(109, 21, 10, 3, 4),
(109, 21, 45, 2, 5),
(109, 21, 73, 3, 6),
(109, 20, 12, 1, 7),
(109, 20, 61, 1, 8),
(109, 20, 92, 2, 9),
(109, 22, 83, 4, 10),
(109, 22, 86, 2, 11),
(109, 21, 88, 4, 12),
(109, 21, 92, 3, 13),
(109, 17, 88, 4, 14),
(109, 18, 87, 1, 15),
(109, 20, 88, 4, 16),
(109, 19, 88, 4, 17),
(109, 23, 94, 3, 18),
(109, 16, 105, 2, 19),
(109, 16, 104, 6, 20),
(110, 21, 9, 4, 1),
(110, 21, 40, 3, 2),
(110, 21, 70, 4, 3),
(110, 21, 10, 3, 4),
(110, 21, 45, 2, 5),
(110, 21, 73, 3, 6),
(110, 20, 12, 1, 7),
(110, 20, 61, 1, 8),
(110, 20, 92, 3, 9),
(110, 22, 83, 3, 10),
(110, 22, 86, 2, 11),
(110, 21, 88, 4, 12),
(110, 21, 92, 3, 13),
(110, 17, 88, 4, 14),
(110, 18, 87, 1, 15),
(110, 20, 88, 4, 16),
(110, 19, 88, 4, 17),
(110, 23, 94, 2, 18),
(110, 16, 105, 3, 19),
(110, 16, 104, 6, 20),
(111, 21, 9, 4, 1),
(111, 21, 40, 3, 2),
(111, 21, 70, 4, 3),
(111, 21, 10, 3, 4),
(111, 21, 45, 2, 5),
(111, 21, 73, 3, 6),
(111, 20, 12, 1, 7),
(111, 20, 61, 1, 8),
(111, 20, 92, 3, 9),
(111, 22, 83, 3, 10),
(111, 22, 86, 2, 11),
(111, 21, 88, 4, 12),
(111, 21, 92, 3, 13),
(111, 17, 88, 4, 14),
(111, 18, 87, 1, 15),
(111, 20, 88, 4, 16),
(111, 19, 88, 4, 17),
(111, 23, 94, 2, 18),
(111, 16, 105, 3, 19),
(111, 16, 104, 6, 20),
(112, 24, 95, 4, 1),
(112, 24, 55, 2, 2),
(112, 18, 37, 2, 3),
(112, 17, 26, 1, 4),
(112, 23, 9, 4, 5),
(112, 20, 92, 2, 6),
(112, 22, 86, 4, 7),
(112, 18, 88, 4, 8),
(112, 17, 89, 3, 9),
(112, 22, 92, 4, 10),
(112, 24, 84, 1, 11),
(112, 22, 85, 4, 12),
(112, 16, 80, 4, 13),
(112, 20, 91, 1, 14),
(112, 19, 78, 4, 15),
(112, 16, 94, 4, 16),
(112, 16, 105, 8, 17),
(112, 16, 107, 4, 18),
(113, 22, 19, 3, 1),
(113, 22, 41, 2, 2),
(113, 22, 63, 3, 3),
(113, 21, 107, 2, 4),
(113, 24, 71, 2, 5),
(113, 23, 20, 1, 6),
(113, 23, 74, 1, 7),
(113, 21, 10, 1, 8),
(113, 21, 45, 1, 9),
(113, 21, 73, 1, 10),
(113, 23, 9, 1, 11),
(113, 22, 44, 1, 12),
(113, 17, 60, 3, 13),
(113, 20, 92, 1, 14),
(113, 22, 83, 3, 15),
(113, 22, 86, 2, 16),
(113, 18, 88, 2, 17),
(113, 21, 88, 4, 18),
(113, 22, 92, 3, 19),
(113, 22, 84, 1, 20),
(113, 17, 88, 3, 21),
(113, 22, 85, 4, 22),
(113, 20, 85, 1, 23),
(113, 23, 95, 4, 24),
(113, 16, 95, 2, 25),
(113, 16, 93, 4, 26),
(113, 23, 94, 4, 27),
(114, 22, 19, 3, 1),
(114, 22, 20, 1, 2),
(114, 22, 41, 4, 3),
(114, 22, 63, 4, 4),
(114, 23, 20, 2, 5),
(114, 23, 74, 2, 6),
(114, 17, 60, 4, 7),
(114, 20, 92, 4, 8),
(114, 22, 86, 4, 9),
(114, 18, 88, 4, 10),
(114, 21, 88, 2, 11),
(114, 22, 84, 1, 12),
(114, 21, 100, 1, 13),
(114, 20, 85, 2, 14),
(114, 18, 87, 1, 15),
(114, 19, 85, 1, 16),
(114, 20, 88, 3, 17),
(114, 22, 95, 3, 18),
(114, 23, 95, 2, 19),
(114, 19, 88, 1, 20),
(114, 16, 93, 4, 21),
(114, 23, 94, 1, 22),
(114, 16, 105, 6, 23),
(115, 21, 116, 2, 1),
(115, 23, 102, 2, 2),
(115, 23, 107, 1, 3),
(115, 21, 107, 3, 4),
(115, 20, 80, 3, 5),
(115, 21, 115, 1, 6),
(115, 22, 44, 4, 7),
(115, 20, 92, 3, 8),
(115, 22, 83, 2, 9),
(115, 18, 88, 4, 10),
(115, 22, 88, 2, 11),
(115, 23, 88, 4, 12),
(115, 22, 85, 3, 13),
(115, 21, 99, 3, 14),
(115, 16, 92, 1, 15),
(115, 24, 75, 4, 16),
(115, 23, 91, 1, 17),
(115, 16, 109, 10, 18),
(115, 16, 108, 7, 19),
(116, 23, 10, 2, 1),
(116, 23, 19, 1, 2),
(116, 17, 45, 2, 3),
(116, 17, 66, 3, 4),
(116, 23, 20, 2, 5),
(116, 23, 74, 2, 6),
(116, 20, 22, 2, 7),
(116, 20, 81, 2, 8),
(116, 23, 9, 1, 9),
(116, 17, 60, 3, 10),
(116, 20, 92, 3, 11),
(116, 22, 83, 1, 12),
(116, 22, 86, 2, 13),
(116, 18, 88, 3, 14),
(116, 21, 88, 4, 15),
(116, 22, 92, 3, 16),
(116, 22, 84, 1, 17),
(116, 17, 88, 3, 18),
(116, 18, 87, 1, 19),
(116, 20, 88, 4, 20),
(116, 23, 95, 2, 21),
(116, 19, 88, 3, 22),
(116, 16, 95, 3, 23),
(116, 23, 94, 3, 24),
(116, 16, 106, 4, 25),
(117, 22, 15, 3, 1),
(117, 22, 31, 2, 2),
(117, 22, 53, 3, 3),
(117, 22, 4, 3, 4),
(117, 21, 85, 3, 5),
(117, 22, 103, 2, 6),
(117, 17, 60, 3, 7),
(117, 20, 92, 2, 8),
(117, 22, 83, 2, 9),
(117, 13, 149, 3, 10),
(117, 22, 86, 1, 11),
(117, 22, 88, 2, 12),
(117, 21, 88, 1, 13),
(117, 17, 89, 1, 14),
(117, 22, 92, 2, 15),
(117, 24, 84, 1, 16),
(117, 22, 84, 1, 17),
(117, 17, 88, 2, 18),
(117, 16, 87, 2, 19),
(117, 18, 87, 2, 20),
(117, 19, 85, 1, 21),
(117, 16, 92, 1, 22),
(117, 22, 87, 2, 23),
(117, 22, 95, 3, 24),
(117, 16, 95, 4, 25),
(117, 16, 93, 4, 26),
(117, 22, 94, 4, 27),
(118, 25, 105, 2, 1),
(118, 21, 104, 3, 2),
(118, 21, 50, 2, 3),
(118, 21, 82, 3, 4),
(118, 25, 109, 1, 5),
(118, 22, 69, 1, 6),
(118, 23, 105, 1, 7),
(118, 21, 10, 2, 8),
(118, 21, 45, 1, 9),
(118, 21, 73, 2, 10),
(118, 23, 44, 4, 11),
(118, 26, 21, 2, 12),
(118, 26, 22, 3, 13),
(118, 20, 92, 2, 14),
(118, 22, 83, 2, 15),
(118, 22, 86, 4, 16),
(118, 21, 88, 3, 17),
(118, 25, 89, 1, 18),
(118, 22, 84, 2, 19),
(118, 24, 83, 4, 20),
(118, 27, 76, 3, 21),
(118, 25, 100, 1, 22),
(118, 24, 103, 11, 23),
(119, 26, 108, 2, 1),
(119, 26, 110, 1, 2),
(119, 26, 109, 1, 3),
(119, 25, 102, 2, 4),
(119, 25, 112, 2, 5),
(119, 26, 69, 4, 6),
(119, 21, 10, 3, 7),
(119, 21, 45, 2, 8),
(119, 21, 73, 3, 9),
(119, 26, 21, 2, 10),
(119, 20, 92, 1, 11),
(119, 22, 83, 1, 12),
(119, 22, 86, 3, 13),
(119, 21, 87, 2, 14),
(119, 21, 88, 2, 15),
(119, 25, 89, 2, 16),
(119, 22, 91, 4, 17),
(119, 22, 84, 1, 18),
(119, 24, 83, 3, 19),
(119, 20, 85, 1, 20),
(119, 23, 92, 2, 21),
(119, 27, 74, 2, 22),
(119, 27, 75, 2, 23),
(119, 26, 104, 2, 24),
(119, 26, 106, 3, 25),
(119, 24, 102, 3, 26),
(119, 24, 103, 4, 27),
(120, 23, 47, 3, 1),
(120, 27, 25, 1, 2),
(120, 23, 36, 3, 3),
(120, 27, 20, 1, 4),
(120, 27, 16, 1, 5),
(120, 20, 92, 2, 6),
(120, 22, 86, 2, 7),
(120, 25, 86, 3, 8),
(120, 28, 85, 1, 9),
(120, 26, 91, 1, 10),
(120, 26, 93, 3, 11),
(120, 26, 97, 1, 12),
(120, 26, 98, 4, 13),
(120, 21, 92, 3, 14),
(120, 22, 84, 1, 15),
(120, 21, 97, 3, 16),
(120, 21, 89, 4, 17),
(120, 25, 83, 2, 18),
(120, 25, 93, 1, 19),
(120, 27, 72, 3, 20),
(120, 20, 88, 3, 21),
(120, 21, 103, 4, 22),
(120, 26, 104, 3, 23),
(120, 24, 106, 6, 24),
(120, 24, 105, 1, 25),
(121, 23, 101, 3, 1),
(121, 23, 60, 4, 2),
(121, 27, 88, 4, 3),
(121, 24, 93, 1, 4),
(121, 20, 98, 1, 5),
(121, 27, 42, 1, 6),
(121, 27, 16, 1, 7),
(121, 26, 22, 2, 8),
(121, 22, 86, 4, 9),
(121, 25, 86, 1, 10),
(121, 18, 88, 4, 11),
(121, 25, 89, 4, 12),
(121, 26, 89, 4, 13),
(121, 24, 84, 3, 14),
(121, 22, 85, 2, 15),
(121, 21, 102, 2, 16),
(121, 24, 75, 3, 17),
(121, 27, 72, 1, 18),
(121, 21, 103, 4, 19),
(121, 24, 104, 11, 20),
(122, 27, 85, 3, 1),
(122, 29, 1, 1, 2),
(122, 29, 40, 4, 3),
(122, 23, 36, 2, 4),
(122, 27, 25, 2, 5),
(122, 23, 47, 1, 6),
(122, 26, 22, 1, 7),
(122, 30, 82, 2, 8),
(122, 25, 89, 2, 9),
(122, 24, 84, 2, 10),
(122, 29, 72, 2, 11),
(122, 28, 85, 2, 12),
(122, 26, 93, 2, 13),
(122, 26, 97, 1, 14);
INSERT INTO `decks_lists` (`deck_id`, `set_id`, `card_number`, `quantity`, `card_order`) VALUES
(122, 26, 98, 4, 15),
(122, 25, 84, 1, 16),
(122, 25, 88, 3, 17),
(122, 25, 93, 1, 18),
(122, 30, 72, 3, 19),
(122, 23, 85, 1, 20),
(122, 23, 92, 1, 21),
(122, 29, 75, 3, 22),
(122, 31, 79, 1, 23),
(122, 27, 81, 4, 24),
(122, 25, 99, 2, 25),
(122, 24, 105, 8, 26),
(122, 24, 106, 1, 27),
(123, 32, 4, 4, 1),
(123, 32, 58, 3, 2),
(123, 32, 93, 4, 3),
(123, 25, 37, 2, 4),
(123, 26, 21, 1, 5),
(123, 31, 83, 1, 6),
(123, 30, 73, 1, 7),
(123, 29, 73, 4, 8),
(123, 29, 72, 2, 9),
(123, 28, 85, 2, 10),
(123, 26, 91, 1, 11),
(123, 26, 93, 2, 12),
(123, 26, 97, 2, 13),
(123, 26, 98, 4, 14),
(123, 24, 83, 3, 15),
(123, 29, 74, 4, 16),
(123, 27, 72, 4, 17),
(123, 23, 95, 3, 18),
(123, 24, 87, 1, 19),
(123, 24, 103, 12, 20),
(124, 8, 5, 3, 1),
(124, 8, 32, 3, 2),
(124, 8, 81, 4, 3),
(124, 8, 13, 3, 4),
(124, 8, 20, 4, 5),
(124, 8, 96, 4, 6),
(124, 6, 114, 3, 7),
(124, 6, 126, 4, 9),
(124, 6, 118, 3, 10),
(124, 8, 100, 2, 11),
(124, 10, 60, 1, 12),
(124, 8, 86, 2, 13),
(124, 8, 84, 2, 14),
(124, 8, 19, 4, 15),
(124, 6, 132, 18, 16),
(125, 8, 25, 4, 1),
(125, 7, 15, 3, 2),
(125, 1, 20, 3, 3),
(125, 8, 24, 2, 4),
(125, 8, 20, 2, 5),
(125, 1, 88, 2, 6),
(125, 8, 96, 3, 7),
(125, 1, 71, 4, 8),
(125, 1, 74, 3, 9),
(125, 1, 75, 1, 10),
(125, 1, 93, 3, 11),
(125, 1, 79, 2, 12),
(125, 1, 92, 3, 13),
(125, 8, 93, 2, 14),
(125, 8, 86, 2, 15),
(125, 8, 84, 1, 16),
(125, 8, 97, 1, 17),
(125, 5, 17, 4, 18),
(125, 8, 104, 4, 19),
(125, 8, 19, 2, 20),
(125, 1, 100, 9, 21),
(126, 8, 17, 4, 1),
(126, 8, 47, 4, 2),
(126, 8, 57, 4, 3),
(126, 7, 1, 3, 4),
(126, 7, 62, 3, 5),
(126, 6, 76, 1, 6),
(126, 8, 22, 1, 7),
(126, 8, 20, 4, 8),
(126, 8, 96, 4, 9),
(126, 6, 114, 3, 10),
(126, 7, 116, 2, 11),
(126, 5, 77, 2, 12),
(126, 7, 17, 1, 13),
(126, 8, 100, 4, 14),
(126, 8, 86, 3, 15),
(126, 7, 113, 2, 16),
(126, 6, 128, 15, 17),
(127, 8, 5, 3, 1),
(127, 8, 32, 4, 2),
(127, 8, 81, 4, 3),
(127, 9, 11, 1, 4),
(127, 6, 76, 1, 5),
(127, 8, 12, 1, 6),
(127, 8, 23, 2, 7),
(127, 8, 20, 3, 8),
(127, 8, 96, 4, 9),
(127, 6, 114, 4, 10),
(127, 6, 118, 3, 11),
(127, 6, 126, 3, 12),
(127, 8, 90, 1, 13),
(127, 8, 100, 4, 14),
(127, 8, 86, 3, 15),
(127, 6, 124, 1, 16),
(127, 6, 104, 2, 17),
(127, 6, 132, 16, 18),
(128, 33, 5, 4, 1),
(128, 33, 76, 4, 2),
(128, 36, 55, 3, 3),
(128, 31, 83, 1, 4),
(128, 33, 115, 2, 5),
(128, 30, 82, 2, 6),
(128, 29, 73, 4, 7),
(128, 34, 125, 2, 8),
(128, 29, 72, 4, 9),
(128, 31, 81, 1, 10),
(128, 32, 111, 2, 11),
(128, 33, 124, 1, 12),
(128, 31, 74, 4, 13),
(128, 32, 109, 3, 14),
(128, 29, 74, 4, 15),
(128, 29, 75, 4, 16),
(128, 30, 84, 4, 17),
(128, 28, 106, 10, 18),
(129, 36, 17, 4, 1),
(129, 36, 44, 2, 2),
(129, 32, 58, 1, 3),
(129, 32, 93, 3, 4),
(129, 36, 72, 1, 5),
(129, 32, 2, 1, 6),
(129, 32, 80, 1, 7),
(129, 30, 101, 1, 8),
(129, 35, 15, 3, 9),
(129, 35, 60, 2, 10),
(129, 36, 55, 2, 11),
(129, 29, 12, 1, 12),
(129, 28, 44, 1, 13),
(129, 31, 83, 3, 14),
(129, 30, 73, 1, 15),
(129, 29, 73, 2, 16),
(129, 33, 109, 2, 17),
(129, 34, 125, 2, 18),
(129, 29, 72, 1, 19),
(129, 33, 113, 2, 20),
(129, 28, 90, 4, 21),
(129, 29, 85, 1, 22),
(129, 29, 84, 3, 23),
(129, 29, 74, 3, 24),
(129, 36, 92, 3, 25),
(129, 30, 89, 3, 26),
(129, 29, 88, 1, 27),
(129, 28, 107, 6, 28),
(130, 36, 29, 4, 1),
(130, 36, 46, 4, 2),
(130, 36, 31, 4, 3),
(130, 36, 60, 4, 4),
(130, 34, 26, 1, 5),
(130, 34, 117, 1, 6),
(130, 29, 10, 1, 7),
(130, 31, 83, 4, 8),
(130, 30, 73, 2, 9),
(130, 29, 73, 4, 10),
(130, 34, 125, 4, 11),
(130, 29, 72, 4, 12),
(130, 31, 81, 2, 13),
(130, 29, 74, 4, 14),
(130, 29, 75, 4, 15),
(130, 28, 96, 4, 16),
(130, 28, 95, 1, 17),
(130, 32, 130, 3, 18),
(130, 28, 109, 4, 19),
(130, 28, 108, 1, 20),
(131, 34, 131, 1, 1),
(131, 34, 7, 3, 2),
(131, 34, 6, 2, 3),
(131, 34, 53, 2, 4),
(131, 34, 102, 4, 5),
(131, 29, 94, 1, 6),
(131, 32, 2, 1, 7),
(131, 32, 80, 1, 8),
(131, 31, 101, 1, 9),
(131, 35, 15, 2, 10),
(131, 35, 60, 2, 11),
(131, 31, 83, 2, 12),
(131, 33, 115, 2, 13),
(131, 29, 73, 4, 14),
(131, 33, 109, 2, 15),
(131, 34, 125, 4, 16),
(131, 28, 90, 4, 17),
(131, 29, 85, 2, 18),
(131, 29, 84, 2, 19),
(131, 33, 112, 2, 20),
(131, 36, 92, 4, 21),
(131, 30, 89, 3, 22),
(131, 29, 88, 4, 23),
(131, 31, 90, 1, 24),
(131, 28, 109, 3, 25),
(132, 40, 105, 1, 1),
(132, 40, 5, 2, 2),
(132, 34, 5, 1, 3),
(132, 40, 53, 2, 4),
(132, 34, 115, 4, 5),
(132, 40, 30, 1, 6),
(132, 40, 71, 1, 7),
(132, 37, 144, 1, 8),
(132, 36, 9, 1, 9),
(132, 35, 106, 1, 10),
(132, 35, 26, 1, 11),
(132, 35, 15, 2, 12),
(132, 35, 60, 2, 13),
(132, 37, 43, 1, 14),
(132, 37, 19, 1, 15),
(132, 35, 57, 2, 16),
(132, 34, 125, 4, 17),
(132, 33, 109, 4, 18),
(132, 38, 86, 2, 19),
(132, 35, 101, 2, 20),
(132, 38, 89, 4, 21),
(132, 33, 113, 1, 22),
(132, 35, 102, 4, 23),
(132, 39, 110, 3, 24),
(132, 36, 92, 4, 25),
(132, 40, 102, 1, 26),
(132, 32, 128, 3, 27),
(132, 32, 127, 3, 28),
(132, 32, 125, 1, 29),
(133, 40, 109, 2, 1),
(133, 40, 9, 2, 2),
(133, 39, 94, 1, 3),
(133, 39, 40, 2, 4),
(133, 5003, 41, 1, 5),
(133, 39, 77, 2, 6),
(133, 39, 47, 2, 7),
(133, 39, 41, 1, 8),
(133, 39, 122, 1, 9),
(133, 39, 7, 1, 10),
(133, 40, 8, 1, 11),
(133, 37, 27, 1, 12),
(133, 38, 48, 1, 13),
(133, 37, 146, 1, 14),
(133, 37, 43, 1, 15),
(133, 37, 19, 1, 16),
(133, 35, 57, 2, 17),
(133, 39, 105, 4, 18),
(133, 40, 96, 3, 19),
(133, 39, 117, 3, 20),
(133, 39, 118, 4, 21),
(133, 39, 116, 4, 22),
(133, 40, 88, 1, 23),
(133, 33, 109, 1, 24),
(133, 34, 125, 3, 25),
(133, 33, 113, 1, 26),
(133, 39, 106, 1, 27),
(133, 35, 100, 2, 28),
(133, 40, 101, 1, 29),
(133, 32, 126, 3, 30),
(133, 32, 127, 2, 31),
(133, 32, 129, 3, 32),
(134, 38, 18, 4, 1),
(134, 38, 40, 2, 2),
(134, 38, 62, 4, 3),
(134, 40, 30, 2, 4),
(134, 40, 73, 1, 5),
(134, 40, 71, 2, 6),
(134, 39, 66, 1, 7),
(134, 39, 47, 2, 8),
(134, 35, 15, 2, 9),
(134, 35, 60, 2, 10),
(134, 37, 146, 2, 11),
(134, 35, 57, 2, 12),
(134, 39, 109, 2, 13),
(134, 33, 109, 3, 14),
(134, 34, 125, 4, 15),
(134, 38, 86, 1, 16),
(134, 32, 111, 3, 17),
(134, 33, 113, 2, 18),
(134, 35, 102, 4, 19),
(134, 39, 118, 1, 20),
(134, 32, 116, 2, 21),
(134, 39, 104, 2, 22),
(134, 36, 92, 3, 23),
(134, 32, 127, 7, 24),
(135, 35, 13, 2, 1),
(135, 40, 15, 2, 2),
(135, 40, 66, 4, 3),
(135, 35, 93, 4, 4),
(135, 40, 109, 1, 5),
(135, 40, 9, 1, 6),
(135, 39, 47, 1, 7),
(135, 35, 15, 3, 8),
(135, 35, 60, 2, 9),
(135, 37, 19, 1, 10),
(135, 36, 55, 1, 11),
(135, 35, 57, 2, 12),
(135, 39, 105, 2, 13),
(135, 40, 96, 1, 14),
(135, 39, 118, 4, 15),
(135, 39, 116, 1, 16),
(135, 37, 131, 2, 17),
(135, 33, 109, 3, 18),
(135, 34, 125, 4, 19),
(135, 38, 86, 1, 20),
(135, 33, 113, 4, 21),
(135, 35, 102, 4, 22),
(135, 32, 116, 2, 23),
(135, 39, 104, 2, 24),
(135, 33, 118, 2, 25),
(135, 32, 123, 3, 26),
(135, 32, 126, 1, 27),
(136, 40, 109, 2, 1),
(136, 40, 9, 2, 2),
(136, 41, 145, 2, 3),
(136, 41, 60, 2, 4),
(136, 41, 56, 1, 5),
(136, 39, 122, 1, 6),
(136, 39, 7, 1, 7),
(136, 39, 47, 1, 8),
(136, 39, 41, 1, 9),
(136, 40, 8, 1, 10),
(136, 37, 146, 1, 11),
(136, 37, 43, 2, 12),
(136, 37, 19, 1, 13),
(136, 39, 105, 4, 14),
(136, 40, 96, 3, 15),
(136, 39, 117, 3, 16),
(136, 39, 118, 4, 17),
(136, 39, 116, 4, 18),
(136, 43, 101, 3, 19),
(136, 33, 109, 2, 20),
(136, 43, 97, 2, 21),
(136, 34, 125, 2, 22),
(136, 40, 88, 1, 23),
(136, 38, 86, 1, 24),
(136, 43, 98, 1, 25),
(136, 33, 113, 1, 26),
(136, 43, 103, 4, 27),
(136, 38, 95, 3, 28),
(136, 32, 126, 2, 29),
(136, 32, 130, 2, 30),
(137, 38, 19, 4, 1),
(137, 38, 65, 4, 2),
(137, 38, 48, 4, 3),
(137, 40, 109, 1, 4),
(137, 40, 9, 1, 5),
(137, 39, 47, 2, 6),
(137, 33, 4, 1, 7),
(137, 37, 19, 1, 8),
(137, 37, 34, 1, 9),
(137, 37, 43, 1, 10),
(137, 36, 49, 1, 11),
(137, 38, 57, 1, 12),
(137, 35, 98, 4, 13),
(137, 37, 131, 1, 14),
(137, 33, 109, 3, 15),
(137, 43, 97, 4, 16),
(137, 39, 115, 4, 17),
(137, 41, 140, 2, 18),
(137, 32, 115, 4, 19),
(137, 39, 118, 4, 20),
(137, 42, 87, 2, 21),
(137, 39, 104, 4, 22),
(137, 38, 94, 3, 23),
(137, 38, 95, 3, 24),
(138, 43, 6, 4, 1),
(138, 34, 65, 3, 2),
(138, 43, 67, 3, 3),
(138, 34, 90, 1, 4),
(138, 39, 47, 1, 5),
(138, 35, 15, 3, 6),
(138, 35, 60, 3, 7),
(138, 37, 43, 2, 8),
(138, 37, 77, 4, 9),
(138, 36, 49, 1, 10),
(138, 44, 78, 2, 11),
(138, 33, 109, 1, 12),
(138, 43, 97, 3, 13),
(138, 34, 125, 4, 14),
(138, 38, 86, 1, 15),
(138, 43, 98, 4, 16),
(138, 33, 113, 2, 17),
(138, 35, 102, 3, 18),
(138, 32, 109, 3, 19),
(138, 32, 116, 2, 20),
(138, 42, 87, 1, 21),
(138, 39, 104, 3, 22),
(138, 32, 123, 6, 23),
(139, 34, 131, 1, 1),
(139, 34, 7, 3, 2),
(139, 34, 6, 1, 3),
(139, 39, 51, 2, 4),
(139, 39, 89, 4, 5),
(139, 38, 20, 1, 6),
(139, 32, 86, 1, 7),
(139, 32, 2, 1, 8),
(139, 38, 35, 1, 9),
(139, 34, 86, 1, 10),
(139, 35, 15, 1, 11),
(139, 41, 89, 1, 12),
(139, 37, 140, 1, 13),
(139, 37, 19, 1, 14),
(139, 37, 43, 1, 15),
(139, 42, 32, 3, 16),
(139, 35, 57, 1, 17),
(139, 44, 78, 1, 18),
(139, 39, 109, 2, 19),
(139, 33, 109, 4, 20),
(139, 34, 125, 4, 21),
(139, 38, 86, 1, 22),
(139, 33, 113, 1, 23),
(139, 40, 92, 1, 24),
(139, 35, 102, 3, 25),
(139, 32, 116, 1, 26),
(139, 42, 87, 2, 27),
(139, 35, 100, 2, 28),
(139, 43, 103, 4, 29),
(139, 36, 92, 3, 30),
(139, 32, 127, 5, 31),
(139, 32, 128, 1, 32),
(140, 46, 96, 3, 1),
(140, 38, 6, 1, 2),
(140, 38, 42, 2, 3),
(140, 38, 66, 4, 4),
(140, 46, 93, 1, 5),
(140, 38, 106, 1, 6),
(140, 37, 36, 1, 7),
(140, 37, 19, 1, 8),
(140, 37, 43, 1, 9),
(140, 37, 77, 3, 10),
(140, 36, 49, 1, 11),
(140, 42, 32, 1, 12),
(140, 43, 97, 1, 13),
(140, 41, 139, 1, 14),
(140, 38, 89, 4, 15),
(140, 39, 114, 4, 16),
(140, 38, 86, 1, 17),
(140, 43, 98, 2, 18),
(140, 39, 115, 2, 19),
(140, 46, 87, 3, 20),
(140, 35, 102, 4, 21),
(140, 42, 87, 1, 22),
(140, 39, 104, 1, 23),
(140, 40, 94, 1, 24),
(140, 36, 92, 2, 25),
(140, 38, 94, 3, 26),
(140, 38, 95, 2, 27),
(140, 43, 118, 8, 28),
(141, 40, 109, 2, 1),
(141, 40, 9, 2, 2),
(141, 41, 145, 2, 3),
(141, 41, 60, 2, 4),
(141, 41, 56, 1, 5),
(141, 40, 12, 1, 6),
(141, 39, 47, 1, 7),
(141, 39, 17, 1, 8),
(141, 39, 41, 1, 9),
(141, 40, 8, 1, 10),
(141, 45, 10, 1, 11),
(141, 45, 48, 1, 12),
(141, 45, 8, 1, 13),
(141, 37, 146, 1, 14),
(141, 37, 43, 2, 15),
(141, 37, 19, 1, 16),
(141, 36, 49, 1, 17),
(141, 39, 105, 4, 18),
(141, 40, 96, 3, 19),
(141, 39, 117, 3, 20),
(141, 39, 118, 4, 21),
(141, 39, 116, 4, 22),
(141, 40, 89, 2, 23),
(141, 43, 97, 3, 24),
(141, 40, 88, 2, 25),
(141, 46, 89, 1, 26),
(141, 43, 103, 4, 27),
(141, 38, 95, 3, 28),
(141, 43, 118, 3, 29),
(141, 43, 121, 2, 30),
(142, 40, 109, 2, 1),
(142, 40, 9, 2, 2),
(142, 41, 145, 2, 3),
(142, 41, 60, 2, 4),
(142, 41, 56, 1, 5),
(142, 5003, 41, 1, 6),
(142, 39, 41, 1, 7),
(142, 39, 47, 2, 8),
(142, 40, 8, 1, 9),
(142, 45, 8, 1, 10),
(142, 37, 146, 1, 11),
(142, 37, 43, 2, 12),
(142, 37, 19, 1, 13),
(142, 36, 49, 1, 14),
(142, 39, 105, 4, 15),
(142, 40, 96, 3, 16),
(142, 39, 117, 3, 17),
(142, 39, 118, 4, 18),
(142, 39, 116, 4, 19),
(142, 43, 101, 2, 20),
(142, 40, 89, 1, 21),
(142, 43, 97, 2, 22),
(142, 40, 88, 1, 23),
(142, 38, 86, 1, 24),
(142, 43, 96, 1, 25),
(142, 46, 87, 1, 26),
(142, 47, 80, 2, 27),
(142, 43, 103, 4, 28),
(142, 38, 95, 3, 29),
(142, 43, 118, 3, 30),
(142, 43, 119, 1, 31),
(143, 57, 97, 3, 1),
(143, 57, 96, 3, 2),
(143, 56, 11, 2, 3),
(143, 56, 90, 2, 4),
(143, 56, 111, 1, 5),
(143, 56, 47, 1, 6),
(143, 57, 98, 1, 7),
(143, 56, 116, 4, 8),
(143, 52, 96, 4, 9),
(143, 55, 135, 1, 10),
(143, 54, 149, 4, 11),
(143, 56, 102, 2, 12),
(143, 56, 105, 1, 13),
(143, 52, 102, 3, 14),
(143, 54, 128, 1, 15),
(143, 54, 136, 1, 16),
(143, 1005, 20, 1, 17),
(143, 58, 112, 3, 18),
(143, 56, 121, 1, 19),
(143, 54, 135, 2, 20),
(143, 53, 116, 2, 21),
(143, 57, 92, 1, 22),
(143, 51, 91, 2, 23),
(143, 55, 127, 4, 24),
(143, 59, 132, 10, 25),
(144, 1, 7, 4, 1),
(144, 1, 20, 4, 2),
(144, 2, 10, 4, 3),
(144, 1, 88, 3, 4),
(144, 1, 91, 4, 5),
(144, 1, 71, 2, 6),
(144, 1, 74, 1, 7),
(144, 1, 93, 2, 8),
(144, 1, 79, 2, 9),
(144, 1, 92, 4, 10),
(144, 1, 84, 4, 11),
(144, 1, 78, 2, 12),
(144, 1, 95, 2, 13),
(144, 1, 81, 2, 14),
(144, 1, 96, 3, 15),
(144, 1, 97, 9, 16),
(144, 1, 100, 8, 17),
(145, 2, 16, 4, 1),
(145, 2, 54, 4, 2),
(145, 2, 10, 4, 3),
(145, 3, 3, 2, 4),
(145, 1, 3, 2, 5),
(145, 1, 88, 4, 6),
(145, 1, 91, 4, 7),
(145, 1, 71, 4, 8),
(145, 1, 74, 3, 9),
(145, 5, 77, 1, 10),
(145, 5, 16, 3, 11),
(145, 1, 75, 2, 12),
(145, 1, 93, 2, 13),
(145, 1, 84, 4, 14),
(145, 1, 78, 1, 15),
(145, 1, 96, 4, 16),
(145, 5, 81, 4, 17),
(145, 5, 82, 4, 18),
(145, 1, 99, 4, 19),
(146, 2, 16, 4, 1),
(146, 2, 54, 4, 2),
(146, 2, 10, 4, 3),
(146, 3, 3, 2, 4),
(146, 1, 3, 2, 5),
(146, 1, 88, 4, 6),
(146, 1, 91, 4, 7),
(146, 1, 71, 4, 8),
(146, 1, 74, 3, 9),
(146, 5, 77, 1, 10),
(146, 5, 16, 3, 11),
(146, 1, 75, 2, 12),
(146, 1, 93, 2, 13),
(146, 1, 84, 4, 14),
(146, 1, 78, 1, 15),
(146, 1, 96, 4, 16),
(146, 5, 81, 4, 17),
(146, 5, 82, 4, 18),
(146, 1, 99, 4, 19),
(147, 2, 16, 4, 1),
(147, 2, 54, 4, 2),
(147, 1, 7, 4, 3),
(147, 2, 10, 4, 4),
(147, 1, 88, 4, 5),
(147, 1, 91, 4, 6),
(147, 1, 71, 3, 7),
(147, 1, 74, 3, 8),
(147, 1, 93, 2, 9),
(147, 1, 84, 4, 10),
(147, 6, 122, 2, 11),
(147, 1, 78, 3, 12),
(147, 1, 95, 2, 13),
(147, 1, 96, 4, 14),
(147, 1, 97, 7, 15),
(147, 1, 99, 6, 16),
(148, 3, 39, 4, 1),
(148, 2, 38, 3, 2),
(148, 6, 22, 1, 3),
(148, 2, 10, 3, 4),
(148, 1, 3, 1, 5),
(148, 1, 88, 4, 6),
(148, 1, 91, 1, 7),
(148, 1, 71, 3, 8),
(148, 1, 74, 3, 9),
(148, 5, 77, 1, 10),
(148, 1, 75, 2, 11),
(148, 1, 93, 1, 12),
(148, 1, 79, 2, 13),
(148, 1, 92, 4, 14),
(148, 1, 84, 4, 15),
(148, 5, 78, 1, 16),
(148, 1, 85, 2, 17),
(148, 1, 78, 4, 18),
(148, 1, 96, 4, 19),
(148, 1, 98, 12, 20),
(149, 2, 16, 3, 1),
(149, 2, 54, 4, 2),
(149, 5001, 3, 3, 3),
(149, 2, 10, 3, 4),
(149, 6, 42, 1, 5),
(149, 1, 88, 4, 6),
(149, 1, 91, 4, 7),
(149, 1, 71, 4, 8),
(149, 1, 74, 3, 9),
(149, 5, 77, 3, 10),
(149, 5, 16, 2, 11),
(149, 1, 75, 2, 12),
(149, 1, 93, 3, 13),
(149, 1, 84, 4, 14),
(149, 1, 78, 3, 15),
(149, 1, 96, 4, 16),
(149, 5, 81, 3, 17),
(149, 1, 101, 7, 18),
(150, 2, 16, 3, 1),
(150, 2, 54, 4, 2),
(150, 1, 7, 3, 3),
(150, 2, 10, 2, 4),
(150, 6, 42, 2, 5),
(150, 1, 88, 4, 6),
(150, 1, 91, 2, 7),
(150, 1, 71, 4, 8),
(150, 1, 74, 4, 9),
(150, 6, 19, 4, 10),
(150, 5, 16, 4, 11),
(150, 5, 76, 2, 12),
(150, 1, 93, 2, 13),
(150, 1, 92, 3, 14),
(150, 1, 84, 4, 15),
(150, 1, 78, 2, 16),
(150, 1, 96, 4, 17),
(150, 1, 97, 6, 18),
(150, 1, 99, 1, 19),
(151, 5001, 3, 3, 1),
(151, 5001, 9, 1, 2),
(151, 1, 7, 3, 3),
(151, 2, 38, 2, 4),
(151, 2, 10, 2, 5),
(151, 3, 3, 2, 6),
(151, 1, 88, 4, 7),
(151, 1, 91, 4, 8),
(151, 1, 71, 3, 9),
(151, 1, 74, 3, 10),
(151, 5, 77, 2, 11),
(151, 1, 75, 1, 12),
(151, 1, 79, 2, 13),
(151, 1, 92, 2, 14),
(151, 1, 93, 2, 15),
(151, 1, 84, 3, 16),
(151, 1, 78, 2, 17),
(151, 1, 95, 2, 18),
(151, 1, 96, 4, 19),
(151, 1, 101, 7, 20),
(151, 1, 97, 6, 21),
(152, 2, 16, 4, 1),
(152, 2, 54, 4, 2),
(152, 1, 7, 4, 3),
(152, 2, 10, 4, 4),
(152, 1, 88, 4, 5),
(152, 1, 91, 4, 6),
(152, 1, 71, 4, 7),
(152, 1, 74, 3, 8),
(152, 1, 75, 2, 9),
(152, 1, 93, 3, 10),
(152, 1, 84, 4, 11),
(152, 1, 78, 2, 12),
(152, 1, 81, 2, 13),
(152, 1, 96, 4, 14),
(152, 1, 97, 12, 15),
(153, 3, 39, 3, 1),
(153, 1, 7, 4, 2),
(153, 2, 10, 3, 3),
(153, 2, 38, 2, 4),
(153, 1, 88, 3, 5),
(153, 1, 91, 4, 6),
(153, 1, 71, 2, 7),
(153, 1, 74, 3, 8),
(153, 5, 77, 2, 9),
(153, 5, 16, 3, 10),
(153, 1, 75, 3, 11),
(153, 1, 79, 3, 12),
(153, 1, 92, 3, 13),
(153, 1, 93, 2, 14),
(153, 1, 78, 2, 15),
(153, 1, 81, 2, 16),
(153, 1, 96, 3, 17),
(153, 1, 97, 7, 18),
(153, 1, 98, 6, 19),
(154, 1, 7, 3, 1),
(154, 1, 20, 3, 2),
(154, 2, 10, 3, 3),
(154, 1, 27, 1, 4),
(154, 3, 3, 2, 5),
(154, 1, 3, 1, 6),
(154, 1, 88, 3, 7),
(154, 1, 71, 3, 8),
(154, 1, 74, 3, 9),
(154, 5, 77, 2, 10),
(154, 1, 75, 1, 11),
(154, 5, 76, 1, 12),
(154, 1, 79, 2, 13),
(154, 1, 92, 2, 14),
(154, 1, 93, 3, 15),
(154, 1, 84, 4, 16),
(154, 1, 78, 3, 17),
(154, 1, 95, 1, 18),
(154, 1, 81, 1, 19),
(154, 1, 96, 4, 20),
(154, 1, 97, 8, 21),
(154, 1, 100, 6, 22),
(155, 2, 16, 3, 1),
(155, 2, 54, 4, 2),
(155, 1, 7, 3, 3),
(155, 5001, 3, 3, 4),
(155, 2, 6, 2, 5),
(155, 1, 88, 3, 6),
(155, 1, 91, 4, 7),
(155, 1, 71, 2, 8),
(155, 1, 74, 2, 9),
(155, 5, 74, 2, 10),
(155, 5, 77, 1, 11),
(155, 5, 16, 3, 12),
(155, 1, 93, 2, 13),
(155, 1, 84, 4, 14),
(155, 1, 78, 3, 15),
(155, 1, 96, 4, 16),
(155, 1, 97, 7, 17),
(155, 1, 101, 8, 18),
(156, 2, 16, 4, 1),
(156, 2, 54, 4, 2),
(156, 1, 20, 4, 3),
(156, 2, 10, 4, 4),
(156, 1, 88, 4, 5),
(156, 1, 71, 4, 6),
(156, 1, 74, 3, 7),
(156, 5, 16, 3, 8),
(156, 1, 92, 3, 9),
(156, 1, 93, 3, 10),
(156, 1, 84, 4, 11),
(156, 1, 78, 3, 12),
(156, 1, 96, 4, 13),
(156, 5, 81, 4, 14),
(156, 1, 100, 9, 15),
(157, 2, 16, 3, 1),
(157, 2, 54, 3, 2),
(157, 1, 7, 2, 3),
(157, 5001, 3, 3, 4),
(157, 3, 33, 2, 5),
(157, 1, 88, 3, 6),
(157, 1, 91, 4, 7),
(157, 1, 71, 3, 8),
(157, 1, 74, 3, 9),
(157, 5, 77, 2, 10),
(157, 5, 16, 3, 11),
(157, 1, 79, 3, 12),
(157, 1, 92, 3, 13),
(157, 1, 93, 4, 14),
(157, 5, 78, 1, 15),
(157, 1, 78, 3, 16),
(157, 1, 96, 3, 17),
(157, 5, 17, 2, 18),
(157, 1, 97, 4, 19),
(157, 1, 101, 6, 20),
(158, 3, 39, 4, 1),
(158, 1, 7, 3, 2),
(158, 3, 3, 2, 3),
(158, 1, 3, 3, 4),
(158, 1, 88, 4, 5),
(158, 1, 91, 4, 6),
(158, 1, 71, 2, 7),
(158, 1, 74, 2, 8),
(158, 5, 77, 2, 9),
(158, 1, 79, 3, 10),
(158, 1, 92, 4, 11),
(158, 1, 93, 3, 12),
(158, 1, 78, 4, 13),
(158, 1, 96, 2, 14),
(158, 1, 98, 10, 15),
(158, 1, 97, 8, 16),
(159, 1, 2, 3, 1),
(159, 1, 63, 4, 2),
(159, 3, 2, 4, 3),
(159, 3, 10, 3, 4),
(159, 1, 88, 4, 5),
(159, 1, 91, 4, 6),
(159, 1, 71, 4, 7),
(159, 1, 77, 2, 8),
(159, 1, 76, 3, 9),
(159, 5, 16, 4, 10),
(159, 1, 84, 4, 11),
(159, 1, 80, 2, 12),
(159, 1, 102, 19, 13),
(160, 1, 20, 3, 1),
(160, 5001, 3, 3, 2),
(160, 2, 10, 4, 3),
(160, 3, 3, 2, 4),
(160, 1, 3, 2, 5),
(160, 1, 88, 4, 6),
(160, 1, 71, 4, 7),
(160, 1, 74, 3, 8),
(160, 5, 77, 3, 9),
(160, 5, 16, 3, 10),
(160, 1, 79, 3, 11),
(160, 1, 92, 3, 12),
(160, 1, 93, 2, 13),
(160, 1, 84, 2, 14),
(160, 1, 78, 3, 15),
(160, 1, 96, 4, 16),
(160, 1, 100, 6, 17),
(160, 1, 101, 6, 18),
(161, 2, 16, 4, 1),
(161, 2, 54, 4, 2),
(161, 2, 10, 4, 3),
(161, 3, 3, 2, 4),
(161, 1, 3, 2, 5),
(161, 1, 88, 4, 6),
(161, 1, 91, 4, 7),
(161, 1, 71, 4, 8),
(161, 1, 74, 4, 9),
(161, 1, 75, 2, 10),
(161, 1, 79, 3, 11),
(161, 1, 93, 3, 12),
(161, 1, 84, 4, 13),
(161, 1, 78, 2, 14),
(161, 1, 96, 4, 15),
(161, 5, 81, 4, 16),
(161, 1, 99, 6, 17),
(162, 1, 7, 3, 1),
(162, 1, 20, 3, 2),
(162, 2, 10, 3, 3),
(162, 3, 3, 2, 4),
(162, 1, 88, 4, 5),
(162, 1, 71, 3, 6),
(162, 1, 74, 3, 7),
(162, 5, 16, 2, 8),
(162, 1, 79, 3, 9),
(162, 1, 92, 3, 10),
(162, 1, 93, 3, 11),
(162, 1, 84, 4, 12),
(162, 1, 78, 3, 13),
(162, 1, 95, 1, 14),
(162, 1, 81, 2, 15),
(162, 1, 96, 4, 16),
(162, 1, 97, 7, 17),
(162, 1, 100, 7, 18),
(163, 2, 16, 3, 1),
(163, 2, 54, 4, 2),
(163, 1, 20, 3, 3),
(163, 2, 10, 2, 4),
(163, 3, 3, 3, 5),
(163, 1, 88, 4, 6),
(163, 1, 91, 4, 7),
(163, 1, 71, 2, 8),
(163, 1, 74, 2, 9),
(163, 5, 16, 3, 10),
(163, 1, 75, 2, 11),
(163, 1, 79, 3, 12),
(163, 1, 93, 3, 13),
(163, 1, 84, 3, 14),
(163, 1, 95, 2, 15),
(163, 1, 81, 2, 16),
(163, 1, 96, 4, 17),
(163, 5, 17, 2, 18),
(163, 1, 100, 9, 19),
(164, 2, 16, 4, 1),
(164, 2, 54, 4, 2),
(164, 5001, 3, 4, 3),
(164, 2, 10, 4, 4),
(164, 1, 88, 3, 5),
(164, 1, 91, 3, 6),
(164, 1, 71, 4, 7),
(164, 1, 74, 3, 8),
(164, 5, 16, 3, 9),
(164, 1, 75, 2, 10),
(164, 1, 93, 3, 11),
(164, 1, 84, 4, 12),
(164, 1, 78, 3, 13),
(164, 1, 96, 4, 14),
(164, 1, 101, 12, 15),
(165, 1, 7, 3, 1),
(165, 1, 20, 3, 2),
(165, 2, 10, 4, 3),
(165, 1, 88, 4, 4),
(165, 1, 91, 2, 5),
(165, 1, 71, 3, 6),
(165, 1, 74, 2, 7),
(165, 3, 59, 2, 8),
(165, 5, 77, 1, 9),
(165, 5, 16, 2, 10),
(165, 1, 79, 2, 11),
(165, 1, 92, 4, 12),
(165, 1, 93, 3, 13),
(165, 1, 84, 4, 14),
(165, 1, 78, 2, 15),
(165, 1, 95, 2, 16),
(165, 1, 81, 1, 17),
(165, 1, 96, 4, 18),
(165, 1, 97, 6, 19),
(165, 1, 100, 6, 20),
(166, 2, 16, 3, 1),
(166, 2, 54, 3, 2),
(166, 1, 7, 3, 3),
(166, 3, 39, 4, 4),
(166, 2, 10, 3, 5),
(166, 3, 3, 1, 6),
(166, 1, 88, 3, 7),
(166, 1, 91, 4, 8),
(166, 1, 71, 3, 9),
(166, 1, 79, 2, 10),
(166, 1, 92, 2, 11),
(166, 1, 93, 2, 12),
(166, 1, 84, 3, 13),
(166, 1, 78, 2, 14),
(166, 1, 95, 1, 15),
(166, 1, 96, 4, 16),
(166, 1, 97, 8, 17),
(166, 1, 98, 8, 18),
(166, 1, 99, 1, 19),
(167, 2, 16, 4, 1),
(167, 2, 54, 4, 2),
(167, 5001, 3, 4, 3),
(167, 2, 10, 4, 4),
(167, 1, 88, 4, 5),
(167, 1, 91, 3, 6),
(167, 1, 71, 3, 7),
(167, 1, 74, 4, 8),
(167, 5, 16, 4, 9),
(167, 1, 75, 2, 10),
(167, 1, 93, 2, 11),
(167, 1, 84, 4, 12),
(167, 5, 78, 2, 13),
(167, 1, 96, 4, 14),
(167, 1, 101, 12, 15),
(168, 1, 20, 3, 1),
(168, 3, 39, 3, 2),
(168, 5001, 3, 3, 3),
(168, 2, 10, 3, 4),
(168, 1, 88, 3, 5),
(168, 1, 91, 4, 6),
(168, 1, 79, 4, 7),
(168, 1, 92, 4, 8),
(168, 1, 93, 3, 9),
(168, 1, 84, 3, 10),
(168, 1, 85, 2, 11),
(168, 1, 95, 3, 12),
(168, 1, 96, 1, 13),
(168, 5, 17, 1, 14),
(168, 1, 100, 5, 15),
(168, 1, 98, 7, 16),
(168, 1, 101, 8, 17),
(169, 1, 20, 3, 1),
(169, 3, 39, 2, 2),
(169, 2, 6, 3, 3),
(169, 2, 10, 2, 4),
(169, 3, 3, 2, 5),
(169, 1, 88, 3, 6),
(169, 1, 91, 3, 7),
(169, 3, 60, 1, 8),
(169, 1, 71, 1, 9),
(169, 1, 74, 4, 10),
(169, 1, 75, 1, 11),
(169, 1, 79, 2, 12),
(169, 1, 92, 3, 13),
(169, 1, 93, 3, 14),
(169, 1, 84, 3, 15),
(169, 1, 78, 2, 16),
(169, 1, 81, 2, 17),
(169, 1, 96, 3, 18),
(169, 5, 17, 1, 19),
(169, 1, 100, 6, 20),
(169, 1, 98, 5, 21),
(169, 1, 101, 5, 22),
(170, 5001, 3, 4, 1),
(170, 1, 7, 3, 2),
(170, 2, 10, 4, 3),
(170, 1, 3, 2, 4),
(170, 1, 88, 4, 5),
(170, 1, 91, 2, 6),
(170, 1, 71, 2, 7),
(170, 1, 74, 2, 8),
(170, 5, 77, 1, 9),
(170, 5, 15, 1, 10),
(170, 5, 16, 2, 11),
(170, 1, 92, 3, 12),
(170, 1, 93, 2, 13),
(170, 1, 84, 3, 14),
(170, 4, 117, 2, 15),
(170, 1, 81, 1, 16),
(170, 1, 96, 4, 17),
(170, 5, 81, 2, 18),
(170, 5, 17, 4, 19),
(170, 1, 101, 7, 20),
(170, 1, 97, 5, 21),
(171, 1, 7, 4, 1),
(171, 1, 20, 3, 2),
(171, 2, 10, 4, 3),
(171, 2, 1, 3, 4),
(171, 1, 5, 3, 5),
(171, 1, 88, 3, 6),
(171, 1, 91, 4, 7),
(171, 1, 71, 2, 8),
(171, 5, 16, 2, 9),
(171, 1, 79, 3, 10),
(171, 1, 92, 2, 11),
(171, 1, 93, 4, 12),
(171, 1, 84, 2, 13),
(171, 1, 96, 1, 14),
(171, 1, 97, 12, 15),
(171, 1, 100, 8, 16),
(172, 1, 7, 3, 1),
(172, 1, 20, 3, 2),
(172, 2, 10, 4, 3),
(172, 3, 3, 2, 4),
(172, 1, 88, 3, 5),
(172, 1, 91, 4, 6),
(172, 1, 71, 3, 7),
(172, 1, 74, 1, 8),
(172, 1, 79, 3, 9),
(172, 1, 92, 4, 10),
(172, 1, 93, 2, 11),
(172, 1, 84, 3, 12),
(172, 1, 78, 2, 13),
(172, 1, 81, 1, 14),
(172, 1, 96, 4, 15),
(172, 1, 97, 9, 16),
(172, 1, 100, 9, 17),
(173, 2, 16, 3, 1),
(173, 2, 54, 3, 2),
(173, 1, 7, 3, 3),
(173, 3, 39, 3, 4),
(173, 2, 10, 3, 5),
(173, 3, 3, 2, 6),
(173, 1, 88, 3, 7),
(173, 1, 91, 3, 8),
(173, 1, 71, 2, 9),
(173, 1, 74, 2, 10),
(173, 1, 79, 3, 11),
(173, 1, 92, 3, 12),
(173, 1, 93, 2, 13),
(173, 1, 84, 4, 14),
(173, 1, 81, 1, 15),
(173, 1, 96, 4, 16),
(173, 1, 97, 8, 17),
(173, 1, 98, 8, 18),
(174, 1, 2, 4, 1),
(174, 1, 63, 4, 2),
(174, 3, 2, 2, 3),
(174, 5001, 22, 1, 4),
(174, 1, 88, 4, 5),
(174, 1, 91, 4, 6),
(174, 1, 71, 4, 7),
(174, 1, 74, 4, 8),
(174, 5, 77, 2, 9),
(174, 1, 76, 4, 10),
(174, 5, 16, 2, 11),
(174, 1, 93, 3, 12),
(174, 1, 84, 4, 13),
(174, 1, 95, 2, 14),
(174, 1, 102, 16, 15),
(175, 2, 16, 3, 1),
(175, 2, 54, 3, 2),
(175, 7, 15, 3, 3),
(175, 1, 20, 1, 4),
(175, 1, 7, 3, 5),
(175, 2, 10, 3, 6),
(175, 3, 3, 2, 7),
(175, 1, 3, 2, 8),
(175, 1, 88, 3, 9),
(175, 6, 114, 1, 10),
(175, 1, 71, 2, 11),
(175, 1, 74, 2, 12),
(175, 1, 93, 2, 13),
(175, 1, 84, 2, 14),
(175, 1, 78, 1, 15),
(175, 1, 95, 1, 16),
(175, 6, 103, 1, 17),
(175, 1, 96, 3, 18),
(175, 5, 81, 2, 19),
(175, 1, 97, 11, 20),
(175, 1, 100, 9, 21),
(176, 7, 15, 3, 1),
(176, 1, 20, 2, 2),
(176, 2, 10, 1, 3),
(176, 7, 69, 2, 4),
(176, 1, 88, 4, 5),
(176, 1, 91, 4, 6),
(176, 1, 71, 4, 7),
(176, 1, 74, 4, 8),
(176, 5, 77, 2, 9),
(176, 6, 19, 4, 10),
(176, 5, 16, 4, 11),
(176, 1, 75, 1, 12),
(176, 5, 76, 3, 13),
(176, 1, 84, 4, 14),
(176, 1, 78, 2, 15),
(176, 6, 103, 2, 16),
(176, 1, 96, 4, 17),
(176, 5, 81, 2, 18),
(176, 1, 100, 8, 19),
(177, 46, 96, 3, 1),
(177, 46, 43, 2, 2),
(177, 46, 68, 3, 3),
(177, 46, 98, 3, 4),
(177, 46, 84, 4, 5),
(177, 44, 85, 2, 6),
(177, 44, 40, 1, 7),
(177, 44, 49, 2, 8),
(177, 47, 18, 1, 9),
(177, 43, 33, 1, 10),
(177, 43, 17, 1, 11),
(177, 43, 101, 3, 12),
(177, 43, 90, 2, 13),
(177, 44, 78, 3, 14),
(177, 43, 97, 4, 15),
(177, 43, 98, 4, 16),
(177, 46, 87, 3, 17),
(177, 44, 82, 3, 18),
(177, 43, 99, 4, 19),
(177, 43, 102, 1, 20),
(177, 43, 118, 10, 21),
(178, 48, 113, 4, 1),
(178, 43, 110, 4, 2),
(178, 43, 49, 1, 3),
(178, 43, 61, 4, 4),
(178, 48, 101, 4, 5),
(178, 43, 101, 2, 6),
(178, 45, 77, 4, 7),
(178, 44, 75, 2, 8),
(178, 43, 97, 4, 9),
(178, 43, 100, 1, 10),
(178, 43, 98, 2, 11),
(178, 48, 102, 1, 12),
(178, 43, 96, 3, 13),
(178, 46, 87, 4, 14),
(178, 44, 82, 4, 15),
(178, 44, 80, 3, 16),
(178, 48, 92, 1, 17),
(178, 46, 90, 2, 18),
(178, 43, 116, 10, 19),
(179, 45, 24, 2, 1),
(179, 45, 27, 2, 2),
(179, 45, 60, 3, 3),
(179, 48, 57, 2, 4),
(179, 48, 56, 2, 5),
(179, 48, 55, 3, 6),
(179, 43, 107, 2, 7),
(179, 43, 77, 2, 8),
(179, 48, 114, 2, 9),
(179, 44, 94, 1, 10),
(179, 44, 95, 1, 11),
(179, 43, 106, 1, 12),
(179, 43, 58, 1, 13),
(179, 43, 28, 2, 14),
(179, 43, 17, 1, 15),
(179, 43, 101, 1, 16),
(179, 43, 90, 1, 17),
(179, 45, 77, 4, 18),
(179, 46, 89, 4, 19),
(179, 43, 97, 3, 20),
(179, 43, 98, 3, 21),
(179, 44, 82, 3, 22),
(179, 46, 88, 2, 23),
(179, 5005, 28, 1, 24),
(179, 43, 103, 4, 25),
(179, 43, 104, 4, 26),
(179, 43, 120, 2, 27),
(179, 43, 116, 1, 28),
(180, 46, 96, 3, 1),
(180, 46, 43, 1, 2),
(180, 46, 68, 3, 3),
(180, 48, 20, 2, 4),
(180, 48, 18, 1, 5),
(180, 48, 15, 3, 6),
(180, 48, 113, 2, 7),
(180, 45, 89, 1, 8),
(180, 45, 90, 1, 9),
(180, 43, 17, 2, 10),
(180, 43, 101, 3, 11),
(180, 46, 89, 3, 12),
(180, 43, 97, 4, 13),
(180, 43, 98, 4, 14),
(180, 46, 87, 3, 15),
(180, 44, 82, 4, 16),
(180, 43, 102, 2, 17),
(180, 43, 92, 1, 18),
(180, 48, 92, 2, 19),
(180, 46, 90, 2, 20),
(180, 43, 116, 9, 21),
(180, 43, 118, 4, 22),
(181, 46, 92, 3, 1),
(181, 51, 98, 3, 2),
(181, 50, 99, 2, 3),
(181, 52, 108, 1, 4),
(181, 44, 8, 1, 5),
(181, 45, 8, 2, 6),
(181, 48, 101, 3, 7),
(181, 43, 101, 4, 8),
(181, 50, 101, 1, 9),
(181, 44, 72, 4, 10),
(181, 52, 99, 3, 11),
(181, 48, 93, 1, 12),
(181, 48, 102, 1, 13),
(181, 46, 87, 4, 14),
(181, 49, 95, 3, 15),
(181, 44, 80, 2, 16),
(181, 48, 100, 1, 17),
(181, 43, 102, 3, 18),
(181, 48, 92, 1, 19),
(181, 50, 91, 2, 20),
(181, 51, 91, 2, 21),
(181, 43, 103, 4, 22),
(181, 43, 115, 6, 23),
(181, 43, 120, 3, 24),
(182, 1, 25, 2, 1),
(182, 1, 41, 2, 2),
(182, 2, 43, 2, 3),
(182, 2, 55, 3, 4),
(182, 2, 61, 1, 5),
(182, 1, 63, 1, 6),
(182, 2, 51, 2, 7),
(182, 1, 88, 1, 8),
(182, 1, 91, 1, 9),
(182, 1, 71, 1, 10),
(182, 1, 77, 1, 11),
(182, 1, 92, 1, 12),
(182, 1, 93, 2, 13),
(182, 1, 84, 1, 14),
(182, 1, 80, 1, 15),
(182, 1, 94, 2, 16),
(182, 1, 96, 1, 17),
(182, 1, 102, 8, 18),
(182, 1, 97, 7, 19),
(183, 8, 25, 2, 1),
(183, 14, 32, 3, 2),
(183, 2, 10, 3, 3),
(183, 8, 24, 2, 4),
(183, 9, 40, 1, 5),
(183, 8, 20, 3, 6),
(183, 1, 88, 4, 7),
(183, 13, 138, 4, 8),
(183, 1, 71, 3, 9),
(183, 14, 130, 1, 10),
(183, 1, 77, 3, 11),
(183, 14, 136, 1, 12),
(183, 1, 93, 4, 13),
(183, 8, 86, 3, 14),
(183, 8, 93, 3, 15),
(183, 8, 84, 2, 16),
(183, 1, 96, 3, 17),
(183, 5, 17, 3, 18),
(183, 8, 104, 4, 19),
(183, 8, 19, 4, 20),
(183, 1, 99, 4, 21),
(184, 46, 96, 3, 1),
(184, 38, 6, 1, 2),
(184, 38, 43, 2, 3),
(184, 38, 42, 1, 4),
(184, 38, 66, 3, 5),
(184, 38, 67, 1, 6),
(184, 37, 38, 2, 7),
(184, 39, 22, 1, 8),
(184, 39, 69, 1, 9),
(184, 37, 19, 1, 10),
(184, 37, 43, 1, 11),
(184, 42, 32, 4, 12),
(184, 36, 49, 1, 13),
(184, 44, 78, 4, 14),
(184, 46, 89, 2, 15),
(184, 40, 89, 2, 16),
(184, 43, 97, 4, 17),
(184, 38, 86, 1, 18),
(184, 41, 140, 3, 19),
(184, 44, 82, 2, 20),
(184, 40, 94, 2, 21),
(184, 46, 90, 2, 22),
(184, 38, 95, 2, 23),
(184, 43, 118, 6, 24),
(184, 43, 120, 8, 25),
(185, 55, 72, 4, 1),
(185, 55, 71, 4, 2),
(185, 62, 36, 3, 3),
(185, 58, 43, 2, 4),
(185, 61, 63, 1, 5),
(185, 56, 116, 4, 6),
(185, 5005, 100, 4, 7),
(185, 55, 135, 2, 8),
(185, 61, 111, 4, 9),
(185, 54, 137, 1, 10),
(185, 56, 122, 1, 11),
(185, 62, 109, 2, 12),
(185, 60, 104, 3, 13),
(185, 62, 102, 3, 14),
(185, 56, 99, 3, 15),
(185, 59, 121, 2, 16),
(185, 57, 88, 2, 17),
(185, 61, 90, 3, 18),
(185, 58, 113, 3, 19),
(185, 61, 104, 4, 20),
(185, 59, 137, 5, 21),
(186, 55, 72, 4, 1),
(186, 55, 71, 4, 2),
(186, 62, 36, 3, 3),
(186, 58, 43, 2, 4),
(186, 61, 63, 1, 5),
(186, 56, 116, 4, 6),
(186, 5005, 100, 4, 7),
(186, 55, 135, 2, 8),
(186, 61, 111, 4, 9),
(186, 54, 137, 1, 10),
(186, 56, 122, 1, 11),
(186, 62, 109, 2, 12),
(186, 60, 104, 3, 13),
(186, 62, 102, 3, 14),
(186, 56, 99, 3, 15),
(186, 59, 121, 2, 16),
(186, 57, 88, 2, 17),
(186, 61, 90, 3, 18),
(186, 58, 113, 3, 19),
(186, 61, 104, 4, 20),
(186, 59, 137, 5, 21),
(187, 55, 72, 4, 1),
(187, 55, 71, 4, 2),
(187, 62, 36, 3, 3),
(187, 58, 43, 2, 4),
(187, 61, 63, 1, 5),
(187, 56, 116, 4, 6),
(187, 5005, 100, 4, 7),
(187, 55, 135, 2, 8),
(187, 61, 111, 4, 9),
(187, 54, 137, 1, 10),
(187, 56, 122, 1, 11),
(187, 62, 109, 2, 12),
(187, 60, 104, 3, 13),
(187, 62, 102, 3, 14),
(187, 56, 99, 3, 15),
(187, 59, 121, 2, 16),
(187, 57, 88, 2, 17),
(187, 61, 90, 3, 18),
(187, 58, 113, 3, 19),
(187, 61, 104, 4, 20),
(187, 59, 137, 5, 21),
(188, 55, 72, 4, 1),
(188, 55, 71, 4, 2),
(188, 62, 36, 3, 3),
(188, 58, 43, 2, 4),
(188, 61, 63, 1, 5),
(188, 56, 116, 4, 6),
(188, 5005, 100, 4, 7),
(188, 55, 135, 2, 8),
(188, 61, 111, 4, 9),
(188, 54, 137, 1, 10),
(188, 56, 122, 1, 11),
(188, 62, 109, 2, 12),
(188, 60, 104, 3, 13),
(188, 62, 102, 3, 14),
(188, 56, 99, 3, 15),
(188, 59, 121, 2, 16),
(188, 57, 88, 2, 17),
(188, 61, 90, 3, 18),
(188, 58, 113, 3, 19),
(188, 61, 104, 4, 20),
(188, 59, 137, 5, 21),
(189, 55, 65, 4, 1),
(189, 57, 41, 3, 2),
(189, 56, 118, 1, 3),
(189, 57, 98, 1, 4),
(189, 56, 116, 4, 5),
(189, 5005, 100, 4, 6),
(189, 56, 122, 4, 7),
(189, 59, 125, 4, 8),
(189, 55, 117, 1, 9),
(189, 62, 109, 3, 10),
(189, 62, 118, 1, 11),
(189, 60, 104, 2, 12),
(189, 56, 107, 1, 13),
(189, 59, 121, 4, 14),
(189, 56, 99, 4, 15),
(189, 59, 119, 4, 16),
(189, 62, 97, 3, 17),
(189, 62, 93, 4, 18),
(189, 59, 136, 8, 19),
(190, 57, 97, 3, 1),
(190, 57, 96, 3, 2),
(190, 62, 33, 1, 3),
(190, 62, 32, 1, 4),
(190, 55, 53, 1, 5),
(190, 57, 98, 1, 6),
(190, 56, 116, 4, 7),
(190, 5005, 100, 4, 8),
(190, 55, 135, 1, 9),
(190, 62, 109, 3, 10),
(190, 56, 122, 4, 11),
(190, 59, 123, 1, 12),
(190, 54, 136, 1, 13),
(190, 58, 112, 3, 14),
(190, 54, 149, 4, 15),
(190, 56, 102, 1, 16),
(190, 60, 104, 1, 17),
(190, 62, 94, 2, 18),
(190, 55, 120, 1, 19),
(190, 54, 135, 2, 20),
(190, 57, 92, 1, 21),
(190, 59, 121, 3, 22),
(190, 55, 127, 4, 23),
(190, 59, 132, 10, 24),
(191, 52, 107, 4, 1),
(191, 52, 62, 2, 2),
(191, 56, 47, 1, 3),
(191, 56, 116, 4, 4),
(191, 52, 96, 4, 5),
(191, 52, 102, 3, 6),
(191, 52, 99, 3, 7),
(191, 54, 128, 1, 8),
(191, 55, 117, 4, 9),
(191, 55, 128, 1, 10),
(191, 52, 93, 4, 11),
(191, 52, 111, 3, 12),
(191, 56, 121, 1, 13),
(191, 55, 120, 1, 14),
(191, 53, 116, 2, 15),
(191, 52, 92, 3, 16),
(191, 56, 99, 2, 17),
(191, 55, 123, 4, 18),
(191, 55, 126, 2, 19),
(191, 59, 138, 11, 20),
(192, 59, 144, 3, 1),
(192, 59, 78, 2, 2),
(192, 58, 88, 2, 3),
(192, 61, 106, 2, 4),
(192, 57, 98, 1, 5),
(192, 56, 116, 4, 6),
(192, 5005, 100, 4, 7),
(192, 55, 135, 1, 8),
(192, 54, 149, 2, 9),
(192, 56, 102, 1, 10),
(192, 60, 104, 2, 11),
(192, 54, 137, 1, 12),
(192, 56, 122, 3, 13),
(192, 59, 123, 1, 14),
(192, 62, 109, 4, 15),
(192, 58, 112, 2, 16),
(192, 62, 94, 3, 17),
(192, 55, 120, 1, 18),
(192, 54, 135, 1, 19),
(192, 59, 121, 3, 20),
(192, 59, 119, 1, 21),
(192, 62, 97, 2, 22),
(192, 59, 126, 3, 23),
(192, 58, 113, 4, 24),
(192, 59, 138, 7, 25),
(193, 63, 50, 4, 1),
(193, 63, 49, 4, 2),
(193, 53, 119, 4, 3),
(193, 56, 47, 1, 4),
(193, 57, 98, 1, 5),
(193, 56, 116, 4, 6),
(193, 50, 101, 3, 7),
(193, 54, 149, 3, 8),
(193, 60, 104, 2, 9),
(193, 55, 128, 1, 10),
(193, 62, 109, 4, 11),
(193, 52, 102, 4, 12),
(193, 62, 92, 4, 13),
(193, 48, 104, 2, 14),
(193, 53, 116, 1, 15),
(193, 57, 88, 2, 16),
(193, 51, 91, 2, 17),
(193, 48, 107, 6, 18),
(193, 48, 110, 1, 19),
(193, 48, 106, 1, 20),
(193, 48, 105, 1, 21),
(193, 48, 108, 1, 22),
(193, 48, 109, 1, 23),
(193, 48, 111, 1, 24),
(193, 48, 112, 1, 25),
(193, 4006, 12, 1, 26),
(194, 62, 61, 4, 1),
(194, 62, 60, 4, 2),
(194, 62, 122, 3, 3),
(194, 62, 65, 1, 4),
(194, 61, 106, 1, 5),
(194, 51, 98, 1, 6),
(194, 57, 98, 1, 7),
(194, 56, 116, 4, 8),
(194, 50, 101, 3, 9),
(194, 55, 135, 2, 10),
(194, 63, 160, 1, 11),
(194, 62, 118, 1, 12),
(194, 60, 104, 2, 13),
(194, 54, 137, 1, 14),
(194, 62, 109, 4, 15),
(194, 52, 102, 4, 16),
(194, 51, 89, 3, 17),
(194, 49, 94, 1, 18),
(194, 48, 104, 4, 19),
(194, 59, 121, 3, 20),
(194, 51, 92, 4, 21),
(194, 48, 112, 8, 22),
(195, 59, 144, 3, 1),
(195, 59, 78, 2, 2),
(195, 52, 107, 2, 3),
(195, 53, 110, 1, 4),
(195, 57, 98, 1, 5),
(195, 50, 67, 1, 6),
(195, 56, 116, 4, 7),
(195, 50, 101, 1, 8),
(195, 63, 158, 1, 9),
(195, 62, 118, 1, 10),
(195, 60, 104, 1, 11),
(195, 54, 137, 1, 12),
(195, 62, 109, 4, 13),
(195, 52, 102, 4, 14),
(195, 59, 123, 1, 15),
(195, 62, 92, 4, 16),
(195, 63, 122, 4, 17),
(195, 52, 93, 4, 18),
(195, 59, 121, 3, 19),
(195, 55, 123, 4, 20),
(195, 55, 126, 2, 21),
(195, 51, 92, 3, 22),
(195, 48, 111, 8, 23),
(196, 54, 144, 2, 1),
(196, 61, 107, 1, 2),
(196, 61, 63, 3, 3),
(196, 62, 33, 3, 4),
(196, 62, 32, 4, 5),
(196, 55, 53, 4, 6),
(196, 61, 34, 1, 7),
(196, 57, 98, 1, 8),
(196, 56, 116, 4, 9),
(196, 50, 101, 2, 10),
(196, 55, 135, 2, 11),
(196, 61, 111, 2, 12),
(196, 60, 104, 1, 13),
(196, 62, 117, 2, 14),
(196, 57, 95, 1, 15),
(196, 62, 109, 3, 16),
(196, 48, 99, 2, 17),
(196, 51, 89, 4, 18),
(196, 59, 123, 1, 19),
(196, 55, 120, 1, 20),
(196, 59, 121, 3, 21),
(196, 57, 88, 1, 22),
(196, 61, 90, 3, 23),
(196, 61, 104, 4, 24),
(196, 48, 110, 5, 25),
(197, 59, 96, 4, 1),
(197, 63, 156, 2, 2),
(197, 63, 155, 3, 3),
(197, 59, 93, 3, 4),
(197, 59, 92, 3, 5),
(197, 58, 87, 1, 6),
(197, 57, 98, 1, 7),
(197, 56, 116, 4, 8),
(197, 50, 101, 4, 9),
(197, 55, 135, 1, 10),
(197, 60, 104, 2, 11),
(197, 55, 128, 1, 12),
(197, 62, 109, 4, 13),
(197, 52, 102, 3, 14),
(197, 51, 89, 1, 15),
(197, 48, 99, 1, 16),
(197, 50, 95, 1, 17),
(197, 49, 94, 3, 18),
(197, 53, 116, 1, 19),
(197, 63, 130, 2, 20),
(197, 59, 117, 4, 21),
(197, 59, 140, 11, 22),
(198, 59, 96, 4, 1),
(198, 63, 156, 2, 2),
(198, 63, 155, 3, 3),
(198, 59, 93, 3, 4),
(198, 59, 92, 3, 5),
(198, 58, 87, 1, 6),
(198, 57, 98, 1, 7),
(198, 56, 116, 4, 8),
(198, 50, 101, 4, 9),
(198, 55, 135, 1, 10),
(198, 60, 104, 2, 11),
(198, 55, 128, 1, 12),
(198, 62, 109, 4, 13),
(198, 52, 102, 3, 14),
(198, 51, 89, 1, 15),
(198, 48, 99, 1, 16),
(198, 50, 95, 1, 17),
(198, 49, 94, 3, 18),
(198, 53, 116, 1, 19),
(198, 63, 130, 2, 20),
(198, 59, 117, 4, 21),
(198, 59, 140, 11, 22),
(199, 62, 61, 3, 1),
(199, 51, 75, 4, 2),
(199, 62, 122, 3, 3),
(199, 62, 65, 2, 4),
(199, 62, 113, 1, 5),
(199, 54, 142, 1, 6),
(199, 56, 116, 4, 7),
(199, 50, 101, 4, 8),
(199, 55, 135, 1, 9),
(199, 54, 149, 2, 10),
(199, 60, 104, 2, 11),
(199, 55, 128, 1, 12),
(199, 62, 109, 3, 13),
(199, 52, 102, 3, 14),
(199, 51, 88, 2, 15),
(199, 62, 92, 1, 16),
(199, 49, 94, 2, 17),
(199, 53, 116, 2, 18),
(199, 59, 121, 3, 19),
(199, 56, 99, 3, 20),
(199, 5005, 28, 2, 21),
(199, 51, 92, 3, 22),
(199, 48, 112, 8, 23),
(200, 54, 144, 3, 1),
(200, 61, 107, 1, 2),
(200, 61, 63, 3, 3),
(200, 62, 33, 3, 4),
(200, 62, 32, 4, 5),
(200, 55, 53, 4, 6),
(200, 57, 98, 1, 7),
(200, 56, 116, 4, 8),
(200, 50, 101, 3, 9),
(200, 55, 135, 1, 10),
(200, 61, 111, 3, 11),
(200, 60, 104, 2, 12),
(200, 57, 95, 1, 13),
(200, 62, 109, 3, 14),
(200, 51, 89, 3, 15),
(200, 63, 136, 1, 16),
(200, 59, 123, 1, 17),
(200, 61, 100, 4, 18),
(200, 59, 121, 3, 19),
(200, 61, 90, 3, 20),
(200, 61, 104, 4, 21),
(200, 48, 110, 5, 22),
(201, 54, 144, 2, 1),
(201, 61, 107, 1, 2),
(201, 61, 63, 3, 3),
(201, 62, 33, 3, 4),
(201, 62, 32, 4, 5),
(201, 55, 53, 4, 6),
(201, 57, 98, 1, 7),
(201, 56, 116, 4, 8),
(201, 5005, 100, 4, 9),
(201, 55, 135, 3, 10),
(201, 60, 104, 2, 11),
(201, 54, 137, 1, 12),
(201, 62, 109, 3, 13),
(201, 56, 122, 4, 14),
(201, 63, 136, 2, 15),
(201, 61, 100, 3, 16),
(201, 59, 121, 3, 17),
(201, 61, 90, 3, 18),
(201, 61, 104, 4, 19),
(201, 59, 137, 6, 20),
(202, 62, 26, 4, 1),
(202, 62, 44, 4, 2),
(202, 62, 42, 4, 3),
(202, 58, 139, 3, 4),
(202, 62, 113, 1, 5),
(202, 56, 47, 1, 6),
(202, 57, 98, 1, 7),
(202, 56, 116, 4, 8),
(202, 5005, 100, 3, 9),
(202, 55, 135, 1, 10),
(202, 63, 160, 1, 11),
(202, 60, 104, 2, 12),
(202, 54, 137, 1, 13),
(202, 62, 109, 4, 14),
(202, 62, 92, 4, 15),
(202, 56, 122, 3, 16),
(202, 63, 122, 1, 17),
(202, 55, 117, 1, 18),
(202, 54, 135, 1, 19),
(202, 59, 121, 2, 20),
(202, 57, 88, 2, 21),
(202, 62, 93, 4, 22),
(202, 58, 113, 4, 23),
(202, 59, 135, 4, 24),
(203, 1, 7, 4, 1),
(203, 1, 20, 4, 2),
(203, 1, 27, 2, 3),
(203, 1, 48, 2, 4),
(203, 1, 88, 3, 5),
(203, 1, 91, 4, 6),
(203, 1, 71, 1, 7),
(203, 1, 74, 1, 8),
(203, 1, 79, 2, 9),
(203, 1, 92, 4, 10),
(203, 1, 93, 3, 11),
(203, 1, 84, 4, 12),
(203, 1, 78, 4, 13),
(203, 1, 96, 2, 14),
(203, 1, 97, 11, 15),
(203, 1, 100, 9, 16),
(204, 38, 96, 1, 1),
(204, 32, 2, 1, 2),
(204, 38, 1, 1, 3),
(204, 54, 63, 1, 4),
(204, 60, 40, 1, 5),
(204, 24, 94, 1, 6),
(204, 17, 4, 1, 7),
(204, 29, 17, 1, 8),
(204, 29, 51, 1, 9),
(204, 34, 86, 1, 10),
(204, 38, 105, 1, 11),
(204, 60, 38, 1, 12),
(204, 59, 55, 1, 13),
(204, 59, 54, 1, 14),
(204, 45, 12, 1, 15),
(204, 36, 61, 1, 16),
(204, 62, 36, 1, 17),
(204, 35, 15, 1, 18),
(204, 35, 60, 1, 19),
(204, 37, 146, 1, 20),
(204, 37, 43, 1, 21),
(204, 17, 60, 1, 22),
(204, 42, 32, 1, 23),
(204, 1, 21, 1, 24),
(204, 59, 44, 1, 25),
(204, 33, 65, 1, 26),
(204, 35, 57, 1, 27),
(204, 36, 49, 1, 28),
(204, 56, 116, 1, 29),
(204, 59, 122, 1, 30),
(204, 55, 135, 1, 31),
(204, 50, 101, 1, 32),
(204, 22, 86, 1, 33),
(204, 56, 115, 1, 34),
(204, 46, 89, 1, 35),
(204, 5006, 33, 1, 36),
(204, 21, 88, 1, 37),
(204, 33, 109, 1, 38),
(204, 61, 111, 1, 39),
(204, 34, 125, 1, 40),
(204, 43, 97, 1, 41),
(204, 17, 87, 1, 42),
(204, 26, 93, 1, 43),
(204, 54, 149, 1, 44),
(204, 29, 72, 1, 45),
(204, 38, 87, 1, 46),
(204, 60, 104, 1, 47),
(204, 62, 119, 1, 48),
(204, 62, 117, 1, 49),
(204, 60, 105, 1, 50),
(204, 21, 100, 1, 51),
(204, 17, 88, 1, 52),
(204, 1, 76, 1, 53),
(204, 1, 88, 1, 54),
(204, 1, 91, 1, 55),
(204, 1, 71, 1, 56),
(204, 54, 137, 1, 57),
(204, 38, 86, 1, 58),
(204, 51, 88, 1, 59),
(204, 51, 89, 1, 60),
(204, 52, 102, 1, 61),
(204, 43, 98, 1, 62),
(204, 22, 91, 1, 63),
(204, 1, 74, 1, 64),
(204, 46, 87, 1, 65),
(204, 5, 77, 1, 66),
(204, 1, 75, 1, 67),
(204, 1, 79, 1, 68),
(204, 1, 92, 1, 69),
(204, 1, 93, 1, 70),
(204, 8, 100, 1, 71),
(204, 7, 126, 1, 72),
(204, 55, 123, 1, 73),
(204, 5, 78, 1, 74),
(204, 1, 86, 1, 75),
(204, 62, 106, 1, 76),
(204, 6, 110, 1, 77),
(204, 1, 85, 1, 78),
(204, 49, 94, 1, 79),
(204, 62, 97, 1, 80),
(204, 42, 87, 1, 81),
(204, 59, 121, 1, 82),
(204, 56, 99, 1, 83),
(204, 25, 85, 1, 84),
(204, 39, 104, 1, 85),
(204, 62, 93, 1, 86),
(204, 35, 100, 1, 87),
(204, 1, 96, 1, 88),
(204, 62, 112, 1, 89),
(204, 1, 101, 11, 90),
(205, 59, 146, 2, 1),
(205, 59, 96, 2, 2),
(205, 62, 116, 1, 3),
(205, 59, 93, 3, 4),
(205, 60, 67, 3, 5),
(205, 61, 73, 1, 6),
(205, 58, 54, 1, 7),
(205, 58, 87, 1, 8),
(205, 54, 142, 1, 9),
(205, 56, 116, 4, 10),
(205, 5005, 100, 4, 11),
(205, 55, 135, 2, 12),
(205, 60, 104, 2, 13),
(205, 55, 128, 1, 14),
(205, 62, 109, 4, 15),
(205, 56, 122, 4, 16),
(205, 56, 121, 4, 17),
(205, 62, 98, 3, 18),
(205, 59, 119, 4, 19),
(205, 59, 117, 3, 20),
(205, 59, 140, 10, 21),
(206, 54, 144, 3, 1),
(206, 61, 107, 1, 2),
(206, 61, 63, 3, 3),
(206, 62, 33, 3, 4),
(206, 62, 32, 3, 5),
(206, 55, 53, 4, 6),
(206, 57, 98, 1, 7),
(206, 56, 116, 4, 8),
(206, 5005, 100, 3, 9),
(206, 55, 135, 1, 10),
(206, 61, 111, 3, 11),
(206, 60, 104, 1, 12),
(206, 62, 117, 1, 13),
(206, 57, 95, 1, 14),
(206, 62, 109, 3, 15),
(206, 63, 136, 2, 16),
(206, 56, 122, 2, 17),
(206, 59, 123, 1, 18),
(206, 62, 106, 1, 19),
(206, 61, 100, 3, 20),
(206, 55, 120, 1, 21),
(206, 59, 121, 3, 22),
(206, 61, 90, 3, 23),
(206, 61, 104, 4, 24),
(206, 59, 137, 5, 25),
(207, 54, 144, 3, 1),
(207, 61, 107, 1, 2),
(207, 61, 63, 3, 3),
(207, 62, 33, 3, 4),
(207, 62, 32, 4, 5),
(207, 55, 53, 4, 6),
(207, 61, 34, 1, 7),
(207, 57, 98, 1, 8),
(207, 56, 116, 4, 9),
(207, 50, 101, 3, 10),
(207, 55, 135, 1, 11),
(207, 61, 111, 3, 12),
(207, 60, 104, 1, 13),
(207, 57, 95, 1, 14),
(207, 62, 109, 3, 15),
(207, 51, 89, 3, 16),
(207, 52, 102, 1, 17),
(207, 48, 99, 1, 18),
(207, 59, 123, 1, 19),
(207, 48, 103, 3, 20),
(207, 55, 120, 1, 21),
(207, 59, 121, 3, 22),
(207, 61, 90, 2, 23),
(207, 61, 104, 4, 24),
(207, 48, 110, 5, 25),
(208, 61, 106, 4, 1),
(208, 62, 69, 3, 2),
(208, 62, 68, 3, 3),
(208, 58, 54, 1, 4),
(208, 54, 142, 1, 5),
(208, 57, 98, 1, 6),
(208, 56, 116, 4, 7),
(208, 5005, 100, 3, 8),
(208, 54, 149, 2, 9),
(208, 56, 102, 1, 10),
(208, 62, 118, 1, 11),
(208, 59, 129, 1, 12),
(208, 62, 119, 1, 13),
(208, 60, 104, 2, 14),
(208, 59, 115, 1, 15),
(208, 60, 105, 1, 16),
(208, 62, 109, 4, 17),
(208, 54, 137, 1, 18),
(208, 63, 161, 1, 19),
(208, 56, 122, 2, 20),
(208, 58, 111, 3, 21),
(208, 54, 135, 1, 22),
(208, 62, 97, 2, 23),
(208, 59, 121, 2, 24),
(208, 56, 99, 2, 25),
(208, 55, 123, 3, 26),
(208, 55, 126, 2, 27),
(208, 58, 113, 4, 28),
(208, 59, 134, 3, 29),
(209, 56, 12, 4, 1),
(209, 56, 11, 3, 2),
(209, 56, 90, 3, 3),
(209, 61, 80, 1, 4),
(209, 52, 29, 2, 5),
(209, 62, 69, 1, 6),
(209, 62, 68, 1, 7),
(209, 54, 108, 1, 8),
(209, 54, 126, 2, 9),
(209, 56, 47, 1, 10),
(209, 57, 98, 2, 11),
(209, 56, 4, 2, 12),
(209, 56, 116, 4, 13),
(209, 50, 101, 1, 14),
(209, 63, 157, 1, 15),
(209, 60, 104, 1, 16),
(209, 62, 118, 1, 17),
(209, 62, 109, 4, 18),
(209, 54, 137, 1, 19),
(209, 62, 92, 4, 20),
(209, 52, 102, 4, 21),
(209, 63, 122, 4, 22),
(209, 54, 136, 1, 23),
(209, 57, 88, 2, 24),
(209, 56, 99, 1, 25),
(209, 61, 102, 1, 26),
(209, 51, 92, 4, 27),
(209, 48, 107, 2, 28),
(209, 48, 105, 1, 29),
(210, 56, 12, 4, 1),
(210, 56, 11, 2, 2),
(210, 56, 90, 3, 3),
(210, 61, 80, 1, 4),
(210, 56, 117, 2, 5),
(210, 62, 69, 1, 6),
(210, 62, 68, 1, 7),
(210, 54, 108, 1, 8),
(210, 54, 126, 3, 9),
(210, 56, 47, 1, 10),
(210, 57, 98, 2, 11),
(210, 56, 4, 2, 12),
(210, 56, 116, 4, 13),
(210, 5005, 100, 1, 14),
(210, 63, 157, 1, 15),
(210, 60, 104, 1, 16),
(210, 62, 118, 1, 17),
(210, 62, 109, 4, 18),
(210, 54, 137, 1, 19),
(210, 62, 92, 4, 20),
(210, 56, 122, 4, 21),
(210, 59, 123, 1, 22),
(210, 63, 122, 4, 23),
(210, 54, 136, 1, 24),
(210, 57, 88, 2, 25),
(210, 56, 99, 1, 26),
(210, 58, 113, 4, 27),
(210, 59, 134, 2, 28),
(210, 59, 132, 1, 29),
(211, 1, 2, 4, 1),
(211, 1, 63, 4, 2),
(211, 1, 6, 3, 3),
(211, 1, 35, 3, 4),
(211, 1, 3, 2, 5),
(211, 1, 88, 4, 6),
(211, 1, 91, 4, 7),
(211, 1, 71, 4, 8),
(211, 1, 74, 3, 9),
(211, 1, 76, 4, 10),
(211, 1, 93, 2, 11),
(211, 1, 84, 2, 12),
(211, 1, 102, 21, 13),
(212, 62, 26, 4, 1),
(212, 62, 44, 4, 2),
(212, 62, 42, 4, 3),
(212, 58, 139, 3, 4),
(212, 57, 96, 1, 5),
(212, 56, 47, 1, 6),
(212, 57, 98, 1, 7),
(212, 56, 116, 4, 8),
(212, 5005, 100, 2, 9),
(212, 60, 104, 2, 10),
(212, 54, 137, 1, 11),
(212, 62, 109, 4, 12),
(212, 62, 92, 4, 13),
(212, 56, 122, 4, 14),
(212, 55, 117, 4, 15),
(212, 59, 125, 3, 16),
(212, 55, 120, 1, 17),
(212, 59, 121, 3, 18),
(212, 62, 93, 3, 19),
(212, 58, 113, 4, 20),
(212, 59, 132, 3, 21),
(213, 61, 106, 4, 1),
(213, 62, 69, 4, 2),
(213, 62, 68, 4, 3),
(213, 55, 131, 1, 4),
(213, 56, 116, 4, 5),
(213, 5005, 100, 4, 6),
(213, 54, 149, 3, 7),
(213, 62, 118, 1, 8),
(213, 60, 104, 1, 9),
(213, 59, 129, 2, 10),
(213, 59, 115, 1, 11),
(213, 60, 105, 1, 12),
(213, 55, 130, 1, 13),
(213, 62, 109, 4, 14),
(213, 56, 122, 3, 15),
(213, 58, 111, 3, 16),
(213, 62, 94, 2, 17),
(213, 54, 135, 2, 18),
(213, 62, 97, 2, 19),
(213, 59, 121, 1, 20),
(213, 56, 99, 1, 21),
(213, 55, 123, 4, 22),
(213, 55, 126, 2, 23),
(213, 58, 113, 4, 24),
(213, 59, 133, 1, 25),
(214, 61, 106, 4, 1),
(214, 62, 69, 4, 2),
(214, 62, 68, 4, 3),
(214, 55, 131, 1, 4),
(214, 56, 116, 4, 5),
(214, 5005, 100, 4, 6),
(214, 54, 149, 3, 7),
(214, 62, 118, 1, 8),
(214, 60, 104, 2, 9),
(214, 59, 129, 1, 10),
(214, 59, 115, 1, 11),
(214, 60, 105, 1, 12),
(214, 55, 130, 1, 13),
(214, 62, 109, 4, 14),
(214, 56, 122, 3, 15),
(214, 58, 111, 3, 16),
(214, 62, 94, 2, 17),
(214, 54, 135, 2, 18),
(214, 62, 97, 2, 19),
(214, 59, 121, 1, 20),
(214, 56, 99, 1, 21),
(214, 55, 123, 4, 22),
(214, 55, 126, 2, 23),
(214, 58, 113, 4, 24),
(214, 59, 133, 1, 25),
(215, 61, 106, 4, 1),
(215, 62, 69, 4, 2),
(215, 62, 68, 4, 3),
(215, 54, 142, 1, 4),
(215, 57, 98, 1, 5),
(215, 56, 116, 4, 6),
(215, 5005, 100, 3, 7),
(215, 54, 149, 3, 8),
(215, 56, 102, 1, 9),
(215, 62, 118, 1, 10),
(215, 60, 104, 2, 11),
(215, 59, 129, 1, 12),
(215, 59, 115, 1, 13),
(215, 60, 105, 1, 14),
(215, 54, 137, 1, 15),
(215, 62, 109, 4, 16),
(215, 62, 92, 1, 17),
(215, 56, 122, 3, 18),
(215, 62, 94, 2, 19),
(215, 54, 135, 2, 20),
(215, 62, 97, 2, 21),
(215, 59, 121, 2, 22),
(215, 56, 99, 1, 23),
(215, 55, 123, 4, 24),
(215, 55, 126, 2, 25),
(215, 58, 113, 4, 26),
(215, 59, 134, 1, 27),
(216, 56, 12, 4, 1),
(216, 56, 11, 1, 2),
(216, 61, 7, 1, 3),
(216, 56, 90, 3, 4),
(216, 61, 80, 1, 5),
(216, 62, 69, 3, 6),
(216, 62, 68, 3, 7),
(216, 54, 108, 2, 8),
(216, 54, 126, 2, 9),
(216, 56, 111, 2, 10),
(216, 57, 98, 1, 11),
(216, 56, 4, 1, 12),
(216, 56, 116, 3, 13),
(216, 5005, 100, 1, 14),
(216, 62, 118, 1, 15),
(216, 60, 104, 2, 16),
(216, 54, 137, 1, 17),
(216, 62, 109, 4, 18),
(216, 62, 92, 4, 19),
(216, 56, 122, 4, 20),
(216, 55, 117, 3, 21),
(216, 57, 88, 3, 22),
(216, 56, 99, 3, 23),
(216, 58, 113, 4, 24),
(216, 59, 132, 3, 25),
(217, 61, 106, 4, 1),
(217, 58, 54, 1, 2),
(217, 56, 119, 2, 3),
(217, 58, 67, 2, 4),
(217, 57, 98, 1, 5),
(217, 56, 116, 4, 6),
(217, 5005, 100, 4, 7),
(217, 55, 135, 2, 8),
(217, 54, 149, 2, 9),
(217, 56, 102, 1, 10),
(217, 60, 104, 2, 11),
(217, 57, 95, 1, 12),
(217, 62, 109, 2, 13),
(217, 56, 122, 3, 14),
(217, 58, 111, 3, 15),
(217, 62, 94, 2, 16),
(217, 55, 120, 1, 17),
(217, 62, 97, 3, 18),
(217, 59, 121, 3, 19),
(217, 56, 99, 2, 20),
(217, 55, 123, 4, 21),
(217, 55, 126, 2, 22),
(217, 58, 113, 4, 23),
(217, 59, 134, 5, 24),
(218, 54, 144, 2, 1),
(218, 61, 107, 1, 2),
(218, 61, 63, 3, 3),
(218, 62, 33, 3, 4),
(218, 62, 32, 4, 5),
(218, 55, 53, 4, 6),
(218, 56, 47, 1, 7),
(218, 57, 98, 1, 8),
(218, 56, 116, 4, 9),
(218, 5005, 100, 3, 10),
(218, 55, 135, 3, 11),
(218, 60, 104, 2, 12),
(218, 62, 117, 1, 13),
(218, 54, 137, 1, 14),
(218, 62, 109, 3, 15),
(218, 63, 136, 2, 16),
(218, 56, 122, 3, 17),
(218, 61, 100, 3, 18),
(218, 59, 121, 3, 19),
(218, 61, 90, 2, 20),
(218, 63, 140, 1, 21),
(218, 61, 104, 4, 22),
(218, 59, 137, 6, 23),
(219, 63, 151, 3, 1),
(219, 63, 150, 3, 2),
(219, 61, 58, 3, 3),
(219, 57, 2, 2, 4),
(219, 63, 13, 2, 5),
(219, 58, 87, 1, 6),
(219, 56, 116, 4, 7),
(219, 5005, 100, 3, 8),
(219, 55, 135, 1, 9),
(219, 61, 111, 4, 10),
(219, 60, 104, 2, 11),
(219, 55, 129, 1, 12),
(219, 62, 109, 3, 13),
(219, 56, 122, 2, 14),
(219, 59, 123, 1, 15),
(219, 54, 135, 1, 16),
(219, 63, 131, 2, 17),
(219, 63, 128, 1, 18),
(219, 59, 119, 1, 19),
(219, 63, 164, 1, 20),
(219, 56, 99, 2, 21),
(219, 63, 138, 3, 22),
(219, 63, 140, 2, 23),
(219, 61, 104, 4, 24),
(219, 59, 137, 8, 25),
(220, 1, 7, 3, 1),
(220, 1, 20, 4, 2),
(220, 2, 10, 3, 3),
(220, 2, 34, 2, 4),
(220, 1, 48, 2, 5),
(220, 1, 88, 3, 6),
(220, 1, 91, 4, 7),
(220, 1, 71, 2, 8),
(220, 1, 74, 1, 9),
(220, 1, 77, 1, 10),
(220, 1, 79, 2, 11),
(220, 1, 92, 4, 12),
(220, 1, 93, 3, 13),
(220, 1, 84, 4, 14),
(220, 1, 81, 1, 15),
(220, 1, 96, 2, 16),
(220, 1, 97, 10, 17),
(220, 1, 100, 9, 18),
(221, 22, 15, 3, 1),
(221, 22, 31, 3, 2),
(221, 22, 53, 4, 3),
(221, 22, 4, 2, 4),
(221, 21, 85, 2, 5),
(221, 22, 103, 1, 6),
(221, 17, 60, 4, 7),
(221, 20, 92, 4, 8),
(221, 22, 83, 3, 9),
(221, 18, 88, 2, 10),
(221, 21, 88, 2, 11),
(221, 18, 87, 2, 12),
(221, 21, 100, 1, 13),
(221, 17, 88, 3, 14),
(221, 22, 89, 3, 15),
(221, 22, 84, 1, 16),
(221, 19, 74, 1, 17),
(221, 20, 85, 1, 18),
(221, 20, 87, 1, 19),
(221, 20, 88, 2, 20),
(221, 22, 95, 3, 21),
(221, 16, 95, 4, 22),
(221, 16, 93, 4, 23),
(221, 22, 94, 4, 24),
(222, 21, 104, 3, 1),
(222, 21, 82, 3, 2),
(222, 18, 17, 4, 3),
(222, 18, 63, 2, 4),
(222, 18, 62, 1, 5),
(222, 16, 5, 4, 6),
(222, 16, 44, 3, 7),
(222, 17, 60, 4, 8),
(222, 20, 92, 4, 9),
(222, 22, 86, 1, 10),
(222, 18, 88, 4, 11),
(222, 21, 88, 4, 12),
(222, 17, 88, 4, 13),
(222, 20, 89, 2, 14),
(222, 16, 106, 14, 15),
(222, 16, 109, 3, 16),
(223, 61, 107, 4, 1),
(223, 61, 63, 1, 2),
(223, 56, 116, 4, 3),
(223, 5005, 100, 4, 4),
(223, 61, 111, 3, 5),
(223, 60, 104, 2, 6),
(223, 60, 105, 1, 7),
(223, 54, 137, 1, 8),
(223, 62, 109, 4, 9),
(223, 62, 92, 3, 10),
(223, 56, 122, 2, 11),
(223, 59, 123, 1, 12),
(223, 55, 117, 1, 13),
(223, 58, 112, 1, 14),
(223, 62, 94, 1, 15),
(223, 56, 121, 3, 16),
(223, 55, 120, 1, 17),
(223, 54, 135, 2, 18),
(223, 59, 121, 4, 19),
(223, 55, 123, 2, 20),
(223, 61, 90, 3, 21),
(223, 61, 104, 4, 22),
(223, 59, 137, 8, 23),
(224, 62, 61, 4, 1),
(224, 62, 60, 4, 2),
(224, 58, 54, 4, 3),
(224, 62, 65, 2, 4),
(224, 62, 63, 1, 5),
(224, 54, 142, 1, 6),
(224, 57, 98, 1, 7),
(224, 56, 116, 4, 8),
(224, 5005, 100, 4, 9),
(224, 55, 135, 2, 10),
(224, 60, 104, 2, 11),
(224, 62, 109, 3, 12),
(224, 54, 137, 1, 13),
(224, 62, 92, 2, 14),
(224, 56, 122, 4, 15),
(224, 60, 96, 1, 16),
(224, 56, 121, 2, 17),
(224, 54, 135, 1, 18),
(224, 59, 121, 3, 19),
(224, 56, 99, 3, 20),
(224, 58, 113, 4, 21),
(224, 59, 139, 7, 22),
(225, 59, 144, 3, 1),
(225, 59, 78, 2, 2),
(225, 58, 88, 1, 3),
(225, 61, 106, 3, 4),
(225, 56, 119, 2, 5),
(225, 58, 67, 2, 6),
(225, 57, 98, 1, 7),
(225, 56, 116, 4, 8),
(225, 5005, 100, 4, 9),
(225, 55, 135, 2, 10),
(225, 62, 118, 1, 11),
(225, 60, 104, 2, 12),
(225, 62, 109, 3, 13),
(225, 54, 137, 1, 14),
(225, 56, 122, 4, 15),
(225, 55, 120, 2, 16),
(225, 59, 121, 3, 17),
(225, 56, 99, 2, 18),
(225, 55, 123, 4, 19),
(225, 55, 126, 2, 20),
(225, 58, 113, 4, 21),
(225, 59, 138, 8, 22),
(226, 59, 144, 3, 1),
(226, 59, 78, 2, 2),
(226, 52, 107, 1, 3),
(226, 61, 106, 2, 4),
(226, 53, 54, 2, 5),
(226, 53, 53, 2, 6),
(226, 57, 98, 1, 7),
(226, 56, 116, 4, 8),
(226, 50, 101, 4, 9),
(226, 55, 135, 2, 10),
(226, 62, 118, 1, 11),
(226, 60, 104, 2, 12),
(226, 62, 109, 3, 13),
(226, 54, 137, 1, 14),
(226, 52, 102, 4, 15),
(226, 52, 93, 3, 16),
(226, 55, 120, 1, 17),
(226, 59, 121, 3, 18),
(226, 56, 99, 2, 19),
(226, 55, 123, 4, 20),
(226, 55, 126, 2, 21),
(226, 51, 92, 4, 22),
(226, 48, 111, 7, 23),
(227, 2, 16, 4, 1),
(227, 2, 54, 4, 2),
(227, 1, 7, 3, 3),
(227, 6, 11, 1, 4),
(227, 2, 10, 4, 5),
(227, 1, 88, 4, 6),
(227, 1, 91, 4, 7),
(227, 1, 71, 4, 8),
(227, 1, 74, 4, 9),
(227, 5, 77, 3, 10),
(227, 5, 16, 4, 11),
(227, 1, 93, 2, 12),
(227, 1, 84, 4, 13),
(227, 1, 78, 2, 14),
(227, 1, 96, 4, 15),
(227, 5, 81, 2, 16),
(227, 1, 97, 7, 17),
(228, 2, 16, 3, 1),
(228, 2, 54, 3, 2),
(228, 7, 15, 2, 3),
(228, 2, 10, 3, 4),
(228, 3, 3, 3, 5),
(228, 1, 88, 3, 6),
(228, 1, 91, 4, 7),
(228, 1, 71, 2, 8),
(228, 1, 74, 3, 9),
(228, 5, 77, 3, 10),
(228, 5, 16, 2, 11),
(228, 1, 79, 2, 12),
(228, 1, 92, 3, 13),
(228, 1, 93, 1, 14),
(228, 1, 80, 2, 15),
(228, 1, 78, 1, 16),
(228, 1, 95, 2, 17),
(228, 1, 96, 4, 18),
(228, 1, 100, 14, 19),
(229, 2, 16, 3, 1),
(229, 2, 54, 3, 2),
(229, 1, 7, 3, 3),
(229, 2, 10, 3, 4),
(229, 3, 3, 2, 5),
(229, 2, 5, 3, 6),
(229, 1, 88, 4, 7),
(229, 1, 91, 4, 8),
(229, 1, 71, 3, 9),
(229, 1, 74, 3, 10),
(229, 1, 75, 3, 11),
(229, 1, 93, 3, 12),
(229, 1, 84, 4, 13),
(229, 1, 78, 2, 14),
(229, 1, 81, 2, 15),
(229, 1, 96, 4, 16),
(229, 1, 97, 11, 17),
(230, 2, 16, 3, 1),
(230, 2, 54, 3, 2),
(230, 1, 7, 3, 3),
(230, 1, 20, 3, 4),
(230, 2, 10, 3, 5),
(230, 1, 88, 3, 6),
(230, 1, 91, 4, 7),
(230, 1, 71, 1, 8),
(230, 1, 74, 1, 9),
(230, 1, 75, 1, 10),
(230, 1, 79, 2, 11),
(230, 1, 92, 4, 12),
(230, 1, 93, 3, 13),
(230, 1, 84, 4, 14),
(230, 1, 81, 2, 15),
(230, 1, 96, 4, 16),
(230, 1, 97, 9, 17),
(230, 1, 100, 7, 18),
(231, 56, 117, 4, 1),
(231, 58, 34, 2, 2),
(231, 58, 121, 4, 3),
(231, 60, 83, 3, 4),
(231, 54, 63, 2, 5),
(231, 60, 38, 2, 6),
(231, 56, 47, 1, 7),
(231, 57, 98, 1, 8),
(231, 56, 4, 1, 9),
(231, 5005, 100, 4, 10),
(231, 54, 147, 4, 11),
(231, 55, 135, 1, 12),
(231, 54, 149, 3, 13),
(231, 62, 118, 1, 14),
(231, 60, 104, 2, 15),
(231, 62, 109, 2, 16),
(231, 54, 137, 1, 17),
(231, 63, 161, 3, 18),
(231, 56, 122, 4, 19),
(231, 59, 123, 1, 20),
(231, 57, 85, 3, 21),
(231, 55, 120, 1, 22),
(231, 54, 135, 1, 23),
(231, 60, 97, 1, 24),
(231, 59, 121, 3, 25),
(231, 59, 134, 5, 26),
(232, 55, 72, 4, 1),
(232, 55, 71, 4, 2),
(232, 61, 63, 4, 3),
(232, 56, 116, 4, 4),
(232, 5005, 100, 2, 5),
(232, 55, 135, 1, 6),
(232, 59, 127, 1, 7),
(232, 61, 111, 4, 8),
(232, 62, 118, 1, 9),
(232, 60, 104, 3, 10),
(232, 62, 109, 3, 11),
(232, 54, 137, 1, 12),
(232, 56, 122, 2, 13),
(232, 59, 123, 1, 14),
(232, 62, 102, 4, 15),
(232, 55, 120, 1, 16),
(232, 60, 97, 1, 17),
(232, 59, 121, 2, 18),
(232, 57, 88, 2, 19),
(232, 61, 90, 3, 20),
(232, 58, 113, 3, 21),
(232, 61, 104, 4, 22),
(232, 59, 137, 5, 23),
(233, 55, 72, 4, 1),
(233, 55, 71, 4, 2),
(233, 61, 63, 2, 3),
(233, 56, 31, 1, 4),
(233, 58, 54, 1, 5),
(233, 56, 118, 1, 6),
(233, 56, 116, 4, 7),
(233, 5005, 100, 3, 8),
(233, 55, 135, 1, 9),
(233, 59, 127, 2, 10),
(233, 61, 111, 3, 11),
(233, 60, 104, 2, 12),
(233, 62, 109, 3, 13),
(233, 54, 137, 1, 14),
(233, 56, 122, 2, 15),
(233, 62, 102, 2, 16),
(233, 62, 94, 1, 17),
(233, 55, 120, 2, 18),
(233, 59, 121, 2, 19),
(233, 57, 88, 1, 20),
(233, 56, 99, 2, 21),
(233, 61, 90, 3, 22),
(233, 58, 113, 4, 23),
(233, 61, 104, 4, 24),
(233, 59, 137, 5, 25),
(234, 59, 93, 2, 1),
(234, 60, 67, 3, 2),
(234, 61, 106, 3, 3),
(234, 55, 133, 1, 4),
(234, 62, 115, 1, 5),
(234, 58, 88, 1, 6),
(234, 54, 142, 1, 7),
(234, 57, 98, 1, 8),
(234, 56, 116, 4, 9),
(234, 5005, 100, 3, 10),
(234, 55, 135, 1, 11),
(234, 54, 149, 1, 12),
(234, 62, 118, 1, 13),
(234, 62, 119, 1, 14),
(234, 60, 104, 1, 15),
(234, 62, 117, 1, 16),
(234, 62, 109, 4, 17),
(234, 54, 137, 1, 18),
(234, 56, 122, 4, 19),
(234, 1006, 36, 1, 20),
(234, 56, 121, 3, 21),
(234, 59, 121, 2, 22),
(234, 55, 123, 4, 23),
(234, 55, 126, 2, 24),
(234, 58, 113, 3, 25),
(234, 59, 131, 4, 26),
(234, 59, 140, 6, 27),
(235, 54, 144, 3, 1),
(235, 59, 43, 2, 2),
(235, 59, 42, 2, 3),
(235, 51, 98, 2, 4),
(235, 60, 70, 1, 5),
(235, 53, 54, 2, 6),
(235, 53, 53, 2, 7),
(235, 56, 116, 4, 8),
(235, 52, 96, 3, 9),
(235, 59, 127, 1, 10),
(235, 54, 149, 3, 11),
(235, 60, 104, 2, 12),
(235, 54, 137, 1, 13),
(235, 51, 89, 1, 14),
(235, 52, 102, 3, 15),
(235, 59, 123, 1, 16),
(235, 55, 117, 2, 17),
(235, 52, 94, 1, 18),
(235, 54, 135, 2, 19),
(235, 59, 121, 3, 20),
(235, 56, 99, 2, 21),
(235, 55, 123, 4, 22),
(235, 55, 126, 2, 23),
(235, 51, 92, 4, 24),
(235, 59, 137, 7, 25),
(236, 62, 26, 4, 1),
(236, 62, 44, 4, 2),
(236, 62, 42, 4, 3),
(236, 56, 12, 2, 4),
(236, 56, 11, 3, 5),
(236, 61, 80, 3, 6),
(236, 58, 139, 1, 7),
(236, 56, 47, 1, 8),
(236, 57, 98, 1, 9),
(236, 56, 116, 4, 10),
(236, 5005, 100, 4, 11),
(236, 55, 135, 2, 12),
(236, 60, 104, 2, 13),
(236, 62, 109, 3, 14),
(236, 54, 137, 1, 15),
(236, 62, 92, 4, 16),
(236, 56, 122, 4, 17),
(236, 57, 88, 3, 18);
INSERT INTO `decks_lists` (`deck_id`, `set_id`, `card_number`, `quantity`, `card_order`) VALUES
(236, 62, 93, 2, 19),
(236, 58, 113, 4, 20),
(236, 59, 132, 4, 21),
(237, 60, 20, 4, 1),
(237, 60, 18, 4, 2),
(237, 60, 12, 1, 3),
(237, 51, 98, 1, 4),
(237, 56, 116, 4, 5),
(237, 52, 96, 2, 6),
(237, 60, 88, 3, 7),
(237, 60, 104, 2, 8),
(237, 54, 137, 1, 9),
(237, 51, 89, 2, 10),
(237, 52, 102, 4, 11),
(237, 55, 117, 3, 12),
(237, 59, 125, 4, 13),
(237, 1006, 36, 4, 14),
(237, 54, 135, 4, 15),
(237, 59, 121, 3, 16),
(237, 5005, 28, 2, 17),
(237, 51, 92, 4, 18),
(237, 59, 133, 8, 19),
(238, 59, 144, 3, 1),
(238, 59, 78, 1, 2),
(238, 53, 54, 2, 3),
(238, 53, 53, 2, 4),
(238, 52, 107, 1, 5),
(238, 56, 67, 1, 6),
(238, 52, 62, 1, 7),
(238, 57, 98, 1, 8),
(238, 56, 116, 4, 9),
(238, 52, 96, 4, 10),
(238, 55, 135, 2, 11),
(238, 60, 104, 1, 12),
(238, 55, 128, 1, 13),
(238, 52, 102, 4, 14),
(238, 59, 123, 1, 15),
(238, 55, 117, 2, 16),
(238, 52, 93, 4, 17),
(238, 54, 135, 1, 18),
(238, 59, 121, 3, 19),
(238, 56, 99, 3, 20),
(238, 55, 123, 4, 21),
(238, 55, 126, 2, 22),
(238, 51, 92, 4, 23),
(238, 59, 138, 8, 24),
(240, 56, 110, 2, 1),
(240, 56, 111, 4, 2),
(240, 56, 31, 4, 3),
(240, 57, 97, 1, 4),
(240, 56, 116, 4, 5),
(240, 52, 96, 4, 6),
(240, 55, 135, 2, 7),
(240, 59, 127, 1, 8),
(240, 54, 149, 1, 9),
(240, 60, 104, 1, 10),
(240, 54, 137, 1, 11),
(240, 56, 105, 3, 12),
(240, 52, 102, 1, 13),
(240, 55, 117, 1, 14),
(240, 55, 119, 3, 15),
(240, 54, 135, 4, 16),
(240, 60, 97, 2, 17),
(240, 59, 121, 3, 18),
(240, 55, 123, 4, 19),
(240, 55, 126, 1, 20),
(240, 55, 127, 4, 21),
(240, 51, 93, 4, 22),
(240, 53, 118, 2, 23),
(240, 59, 135, 1, 24),
(240, 59, 134, 2, 25),
(241, 52, 29, 4, 1),
(241, 58, 34, 1, 2),
(241, 52, 27, 4, 3),
(241, 60, 83, 3, 4),
(241, 54, 63, 2, 5),
(241, 60, 39, 1, 6),
(241, 60, 38, 2, 7),
(241, 57, 98, 1, 8),
(241, 56, 4, 1, 9),
(241, 56, 116, 3, 10),
(241, 52, 96, 4, 11),
(241, 55, 135, 2, 12),
(241, 54, 149, 4, 13),
(241, 60, 104, 1, 14),
(241, 55, 128, 1, 15),
(241, 51, 89, 2, 16),
(241, 52, 102, 3, 17),
(241, 1005, 20, 2, 18),
(241, 52, 100, 4, 19),
(241, 54, 135, 2, 20),
(241, 60, 97, 2, 21),
(241, 59, 121, 3, 22),
(241, 5005, 28, 2, 23),
(241, 59, 134, 6, 24),
(242, 57, 97, 3, 1),
(242, 57, 96, 4, 2),
(242, 59, 43, 2, 3),
(242, 59, 42, 2, 4),
(242, 57, 98, 1, 5),
(242, 56, 116, 4, 6),
(242, 52, 96, 4, 7),
(242, 55, 135, 1, 8),
(242, 54, 149, 4, 9),
(242, 56, 102, 2, 10),
(242, 60, 104, 1, 11),
(242, 57, 92, 1, 12),
(242, 51, 89, 1, 13),
(242, 52, 102, 3, 14),
(242, 59, 123, 1, 15),
(242, 1005, 20, 1, 16),
(242, 55, 119, 1, 17),
(242, 58, 112, 3, 18),
(242, 60, 97, 2, 19),
(242, 59, 121, 2, 20),
(242, 51, 91, 3, 21),
(242, 55, 127, 4, 22),
(242, 59, 132, 10, 23),
(243, 57, 97, 3, 1),
(243, 57, 96, 4, 2),
(243, 56, 111, 1, 3),
(243, 56, 47, 1, 4),
(243, 57, 98, 1, 5),
(243, 56, 116, 4, 6),
(243, 5005, 100, 4, 7),
(243, 55, 135, 2, 8),
(243, 54, 149, 3, 9),
(243, 56, 102, 2, 10),
(243, 56, 105, 1, 11),
(243, 56, 122, 3, 12),
(243, 59, 123, 1, 13),
(243, 57, 80, 1, 14),
(243, 54, 136, 1, 15),
(243, 57, 92, 1, 16),
(243, 55, 119, 2, 17),
(243, 58, 112, 2, 18),
(243, 55, 120, 1, 19),
(243, 54, 135, 2, 20),
(243, 60, 97, 2, 21),
(243, 59, 121, 3, 22),
(243, 55, 124, 1, 23),
(243, 55, 127, 4, 24),
(243, 59, 132, 8, 25),
(243, 59, 136, 2, 26),
(244, 57, 97, 3, 1),
(244, 57, 96, 4, 2),
(244, 56, 47, 1, 3),
(244, 57, 98, 1, 4),
(244, 56, 116, 4, 5),
(244, 5005, 100, 4, 6),
(244, 55, 135, 1, 7),
(244, 54, 149, 4, 8),
(244, 56, 102, 2, 9),
(244, 56, 122, 4, 10),
(244, 59, 123, 1, 11),
(244, 54, 136, 1, 12),
(244, 57, 92, 1, 13),
(244, 55, 119, 1, 14),
(244, 58, 112, 3, 15),
(244, 54, 135, 4, 16),
(244, 60, 97, 2, 17),
(244, 59, 121, 4, 18),
(244, 55, 127, 4, 19),
(244, 59, 132, 11, 20),
(245, 60, 20, 4, 1),
(245, 60, 18, 4, 2),
(245, 60, 12, 1, 3),
(245, 61, 106, 3, 4),
(245, 58, 54, 1, 5),
(245, 56, 116, 4, 6),
(245, 5005, 100, 4, 7),
(245, 55, 135, 1, 8),
(245, 60, 88, 3, 9),
(245, 60, 104, 3, 10),
(245, 54, 137, 1, 11),
(245, 56, 122, 4, 12),
(245, 59, 123, 1, 13),
(245, 55, 117, 2, 14),
(245, 55, 120, 1, 15),
(245, 54, 135, 1, 16),
(245, 60, 97, 1, 17),
(245, 59, 121, 3, 18),
(245, 56, 99, 2, 19),
(245, 55, 123, 4, 20),
(245, 55, 126, 1, 21),
(245, 58, 113, 4, 22),
(245, 59, 133, 7, 23),
(246, 59, 144, 2, 1),
(246, 59, 78, 1, 2),
(246, 52, 107, 2, 3),
(246, 53, 110, 2, 4),
(246, 56, 67, 1, 5),
(246, 52, 62, 1, 6),
(246, 54, 142, 1, 7),
(246, 56, 116, 4, 8),
(246, 52, 96, 4, 9),
(246, 52, 99, 3, 10),
(246, 54, 137, 1, 11),
(246, 52, 102, 3, 12),
(246, 59, 123, 1, 13),
(246, 55, 117, 2, 14),
(246, 52, 93, 4, 15),
(246, 58, 112, 3, 16),
(246, 1006, 36, 3, 17),
(246, 59, 121, 3, 18),
(246, 56, 99, 1, 19),
(246, 55, 123, 4, 20),
(246, 55, 126, 2, 21),
(246, 51, 92, 4, 22),
(246, 59, 138, 8, 23),
(247, 60, 20, 4, 1),
(247, 60, 18, 4, 2),
(247, 51, 98, 2, 3),
(247, 60, 70, 1, 4),
(247, 56, 33, 2, 5),
(247, 56, 32, 2, 6),
(247, 56, 116, 4, 7),
(247, 52, 96, 4, 8),
(247, 60, 88, 3, 9),
(247, 60, 104, 4, 10),
(247, 54, 137, 1, 11),
(247, 60, 92, 2, 12),
(247, 51, 89, 1, 13),
(247, 52, 102, 4, 14),
(247, 1005, 20, 2, 15),
(247, 59, 121, 3, 16),
(247, 54, 135, 3, 17),
(247, 5005, 28, 2, 18),
(247, 51, 92, 4, 19),
(247, 59, 133, 8, 20),
(248, 60, 20, 3, 1),
(248, 60, 18, 3, 2),
(248, 60, 12, 3, 3),
(248, 51, 98, 1, 4),
(248, 56, 33, 1, 5),
(248, 59, 44, 1, 6),
(248, 57, 98, 1, 7),
(248, 56, 116, 4, 8),
(248, 52, 96, 4, 9),
(248, 55, 135, 2, 10),
(248, 60, 88, 3, 11),
(248, 60, 104, 2, 12),
(248, 54, 137, 1, 13),
(248, 51, 89, 1, 14),
(248, 52, 102, 4, 15),
(248, 59, 123, 1, 16),
(248, 1006, 36, 4, 17),
(248, 54, 135, 3, 18),
(248, 60, 97, 1, 19),
(248, 59, 121, 3, 20),
(248, 5005, 28, 2, 21),
(248, 51, 92, 4, 22),
(248, 59, 133, 8, 23),
(249, 57, 97, 3, 1),
(249, 57, 96, 4, 2),
(249, 59, 43, 2, 3),
(249, 59, 42, 2, 4),
(249, 57, 98, 1, 5),
(249, 56, 116, 4, 6),
(249, 52, 96, 4, 7),
(249, 55, 135, 1, 8),
(249, 54, 149, 4, 9),
(249, 56, 102, 2, 10),
(249, 57, 92, 1, 11),
(249, 51, 89, 1, 12),
(249, 52, 102, 3, 13),
(249, 59, 123, 1, 14),
(249, 1005, 20, 1, 15),
(249, 55, 119, 1, 16),
(249, 58, 112, 2, 17),
(249, 52, 94, 1, 18),
(249, 54, 135, 1, 19),
(249, 53, 116, 1, 20),
(249, 59, 121, 3, 21),
(249, 51, 91, 2, 22),
(249, 55, 127, 4, 23),
(249, 51, 92, 1, 24),
(249, 59, 132, 10, 25),
(250, 59, 144, 3, 1),
(250, 59, 43, 2, 2),
(250, 59, 42, 2, 3),
(250, 52, 107, 2, 4),
(250, 60, 70, 1, 5),
(250, 52, 62, 2, 6),
(250, 56, 116, 4, 7),
(250, 52, 96, 4, 8),
(250, 55, 135, 2, 9),
(250, 54, 149, 1, 10),
(250, 60, 104, 1, 11),
(250, 55, 128, 1, 12),
(250, 52, 102, 4, 13),
(250, 59, 123, 1, 14),
(250, 55, 117, 4, 15),
(250, 52, 93, 4, 16),
(250, 52, 94, 1, 17),
(250, 59, 121, 2, 18),
(250, 55, 123, 4, 19),
(250, 55, 126, 2, 20),
(250, 59, 126, 1, 21),
(250, 51, 92, 3, 22),
(250, 59, 138, 9, 23),
(251, 59, 144, 3, 1),
(251, 59, 78, 1, 2),
(251, 59, 43, 2, 3),
(251, 59, 42, 2, 4),
(251, 52, 107, 2, 5),
(251, 60, 70, 1, 6),
(251, 57, 98, 1, 7),
(251, 56, 116, 4, 8),
(251, 52, 96, 4, 9),
(251, 55, 135, 1, 10),
(251, 54, 149, 1, 11),
(251, 60, 104, 1, 12),
(251, 55, 129, 1, 13),
(251, 52, 102, 4, 14),
(251, 59, 123, 1, 15),
(251, 55, 117, 3, 16),
(251, 52, 93, 4, 17),
(251, 58, 112, 1, 18),
(251, 60, 97, 1, 19),
(251, 59, 121, 3, 20),
(251, 55, 123, 4, 21),
(251, 55, 126, 2, 22),
(251, 51, 90, 2, 23),
(251, 51, 92, 4, 24),
(251, 59, 138, 7, 25),
(252, 62, 120, 3, 1),
(252, 62, 113, 3, 2),
(252, 56, 31, 3, 3),
(252, 55, 95, 2, 4),
(252, 56, 116, 4, 5),
(252, 5005, 100, 1, 6),
(252, 55, 135, 1, 7),
(252, 63, 159, 1, 8),
(252, 59, 127, 3, 9),
(252, 54, 149, 2, 10),
(252, 62, 118, 1, 11),
(252, 60, 104, 3, 12),
(252, 62, 109, 3, 13),
(252, 54, 137, 1, 14),
(252, 56, 122, 3, 15),
(252, 59, 123, 1, 16),
(252, 56, 121, 2, 17),
(252, 54, 135, 2, 18),
(252, 62, 100, 2, 19),
(252, 59, 121, 3, 20),
(252, 56, 99, 2, 21),
(252, 63, 137, 2, 22),
(252, 59, 135, 5, 23),
(252, 59, 134, 7, 24),
(253, 1, 7, 4, 1),
(253, 1, 20, 4, 2),
(253, 1, 27, 4, 3),
(253, 1, 3, 2, 4),
(253, 1, 5, 1, 5),
(253, 1, 88, 3, 6),
(253, 1, 91, 4, 7),
(253, 1, 79, 4, 8),
(253, 1, 92, 4, 9),
(253, 1, 93, 1, 10),
(253, 1, 78, 3, 11),
(253, 1, 96, 4, 12),
(253, 1, 97, 13, 13),
(253, 1, 100, 9, 14),
(254, 1, 7, 4, 1),
(254, 1, 31, 3, 2),
(254, 1, 27, 3, 3),
(254, 1, 3, 2, 4),
(254, 1, 88, 3, 5),
(254, 1, 91, 4, 6),
(254, 1, 71, 2, 7),
(254, 1, 74, 2, 8),
(254, 1, 79, 2, 9),
(254, 1, 92, 4, 10),
(254, 1, 93, 2, 11),
(254, 1, 84, 4, 12),
(254, 1, 78, 2, 13),
(254, 1, 96, 4, 14),
(254, 1, 97, 11, 15),
(254, 1, 101, 8, 16),
(255, 1, 2, 4, 1),
(255, 1, 63, 4, 2),
(255, 1, 6, 4, 3),
(255, 1, 35, 4, 4),
(255, 1, 88, 4, 5),
(255, 1, 91, 4, 6),
(255, 1, 71, 4, 7),
(255, 1, 74, 1, 8),
(255, 1, 84, 1, 9),
(255, 1, 77, 3, 10),
(255, 1, 76, 4, 11),
(255, 1, 102, 23, 12),
(256, 3, 39, 4, 1),
(256, 1, 20, 3, 2),
(256, 6, 42, 4, 3),
(256, 3, 3, 1, 4),
(256, 1, 88, 3, 5),
(256, 1, 91, 4, 6),
(256, 1, 71, 2, 7),
(256, 1, 74, 1, 8),
(256, 6, 125, 1, 9),
(256, 5, 77, 2, 10),
(256, 1, 79, 1, 11),
(256, 1, 92, 4, 12),
(256, 1, 93, 2, 13),
(256, 1, 84, 4, 14),
(256, 1, 78, 3, 15),
(256, 6, 122, 1, 16),
(256, 1, 96, 4, 17),
(256, 1, 98, 8, 18),
(256, 1, 100, 8, 19),
(257, 3, 39, 3, 1),
(257, 6, 6, 3, 2),
(257, 2, 10, 3, 3),
(257, 3, 3, 3, 4),
(257, 1, 88, 3, 5),
(257, 1, 91, 3, 6),
(257, 1, 71, 2, 7),
(257, 1, 74, 3, 8),
(257, 6, 125, 2, 9),
(257, 5, 77, 3, 10),
(257, 1, 79, 3, 11),
(257, 1, 92, 3, 12),
(257, 1, 93, 3, 13),
(257, 1, 84, 3, 14),
(257, 1, 78, 2, 15),
(257, 1, 96, 4, 16),
(257, 1, 98, 7, 17),
(257, 1, 100, 7, 18),
(258, 1, 7, 4, 1),
(258, 1, 20, 4, 2),
(258, 1, 27, 4, 3),
(258, 1, 88, 3, 4),
(258, 1, 91, 4, 5),
(258, 1, 71, 1, 6),
(258, 1, 74, 1, 7),
(258, 1, 79, 3, 8),
(258, 1, 92, 4, 9),
(258, 1, 93, 3, 10),
(258, 1, 84, 3, 11),
(258, 1, 78, 2, 12),
(258, 1, 95, 2, 13),
(258, 1, 96, 4, 14),
(258, 1, 97, 10, 15),
(258, 1, 100, 8, 16),
(259, 1, 7, 4, 1),
(259, 1, 20, 4, 2),
(259, 1, 27, 4, 3),
(259, 1, 3, 3, 4),
(259, 1, 88, 2, 5),
(259, 1, 91, 4, 6),
(259, 1, 79, 3, 7),
(259, 1, 92, 4, 8),
(259, 1, 93, 3, 9),
(259, 1, 78, 3, 10),
(259, 1, 96, 4, 11),
(259, 1, 97, 13, 12),
(259, 1, 100, 9, 13),
(260, 1, 7, 4, 1),
(260, 1, 20, 4, 2),
(260, 1, 27, 4, 3),
(260, 1, 3, 2, 4),
(260, 1, 88, 3, 5),
(260, 1, 91, 4, 6),
(260, 1, 79, 3, 7),
(260, 1, 92, 4, 8),
(260, 1, 93, 3, 9),
(260, 1, 94, 3, 10),
(260, 1, 96, 4, 11),
(260, 1, 97, 13, 12),
(260, 1, 100, 9, 13),
(261, 1, 7, 4, 1),
(261, 1, 20, 4, 2),
(261, 1, 27, 4, 3),
(261, 1, 3, 2, 4),
(261, 1, 88, 3, 5),
(261, 1, 91, 4, 6),
(261, 1, 71, 1, 7),
(261, 1, 74, 1, 8),
(261, 1, 79, 3, 9),
(261, 1, 92, 4, 10),
(261, 1, 93, 3, 11),
(261, 1, 84, 2, 12),
(261, 1, 78, 2, 13),
(261, 1, 96, 4, 14),
(261, 1, 97, 11, 15),
(261, 1, 100, 8, 16),
(262, 5001, 3, 4, 1),
(262, 2, 6, 2, 2),
(262, 2, 10, 3, 3),
(262, 2, 38, 2, 4),
(262, 3, 3, 2, 5),
(262, 1, 88, 3, 6),
(262, 1, 91, 4, 7),
(262, 1, 71, 4, 8),
(262, 1, 74, 4, 9),
(262, 1, 75, 2, 10),
(262, 1, 79, 3, 11),
(262, 1, 92, 4, 12),
(262, 1, 93, 3, 13),
(262, 1, 78, 3, 14),
(262, 1, 96, 4, 15),
(262, 1, 101, 12, 16),
(262, 1, 99, 1, 17),
(263, 57, 97, 3, 1),
(263, 57, 96, 4, 2),
(263, 59, 43, 2, 3),
(263, 59, 42, 3, 4),
(263, 61, 34, 1, 5),
(263, 57, 98, 1, 6),
(263, 56, 116, 4, 7),
(263, 50, 101, 4, 8),
(263, 55, 135, 2, 9),
(263, 54, 149, 3, 10),
(263, 56, 102, 1, 11),
(263, 60, 104, 1, 12),
(263, 57, 92, 1, 13),
(263, 51, 89, 2, 14),
(263, 52, 102, 3, 15),
(263, 59, 123, 1, 16),
(263, 54, 136, 1, 17),
(263, 50, 95, 1, 18),
(263, 49, 94, 1, 19),
(263, 55, 120, 1, 20),
(263, 59, 121, 3, 21),
(263, 51, 91, 2, 22),
(263, 55, 127, 3, 23),
(263, 51, 92, 3, 24),
(263, 48, 105, 9, 25),
(264, 54, 31, 2, 1),
(264, 63, 50, 3, 2),
(264, 63, 49, 3, 3),
(264, 56, 31, 1, 4),
(264, 54, 142, 3, 5),
(264, 57, 98, 1, 6),
(264, 56, 4, 2, 7),
(264, 56, 116, 4, 8),
(264, 5005, 100, 1, 9),
(264, 63, 157, 2, 10),
(264, 62, 118, 1, 11),
(264, 60, 104, 1, 12),
(264, 54, 137, 1, 13),
(264, 62, 109, 4, 14),
(264, 62, 92, 4, 15),
(264, 56, 122, 4, 16),
(264, 63, 122, 4, 17),
(264, 61, 96, 2, 18),
(264, 56, 103, 2, 19),
(264, 56, 99, 3, 20),
(264, 63, 137, 1, 21),
(264, 59, 134, 11, 22),
(265, 1, 7, 4, 1),
(265, 1, 20, 4, 2),
(265, 1, 27, 4, 3),
(265, 1, 3, 2, 4),
(265, 1, 88, 3, 5),
(265, 1, 91, 4, 6),
(265, 1, 71, 1, 7),
(265, 1, 79, 3, 8),
(265, 1, 92, 4, 9),
(265, 1, 93, 3, 10),
(265, 1, 84, 2, 11),
(265, 1, 78, 2, 12),
(265, 1, 96, 4, 13),
(265, 1, 97, 11, 14),
(265, 1, 100, 9, 15),
(266, 2, 16, 3, 1),
(266, 2, 54, 4, 2),
(266, 1, 7, 4, 3),
(266, 1, 20, 3, 4),
(266, 1, 27, 3, 5),
(266, 1, 48, 2, 6),
(266, 1, 88, 3, 7),
(266, 1, 91, 4, 8),
(266, 1, 71, 3, 9),
(266, 1, 79, 3, 10),
(266, 1, 92, 3, 11),
(266, 1, 93, 2, 12),
(266, 1, 84, 3, 13),
(266, 1, 96, 4, 14),
(266, 1, 97, 8, 15),
(266, 1, 100, 8, 16),
(267, 1, 7, 4, 1),
(267, 1, 20, 4, 2),
(267, 2, 10, 3, 3),
(267, 1, 27, 1, 4),
(267, 1, 3, 2, 5),
(267, 1, 88, 4, 6),
(267, 1, 91, 2, 7),
(267, 1, 71, 2, 8),
(267, 1, 79, 3, 9),
(267, 1, 92, 4, 10),
(267, 1, 84, 4, 11),
(267, 1, 78, 4, 12),
(267, 1, 96, 4, 13),
(267, 1, 97, 11, 14),
(267, 1, 100, 8, 15),
(268, 1, 7, 4, 1),
(268, 2, 10, 4, 2),
(268, 2, 47, 4, 3),
(268, 1, 88, 3, 4),
(268, 1, 91, 4, 5),
(268, 1, 71, 1, 6),
(268, 1, 79, 3, 7),
(268, 1, 92, 4, 8),
(268, 1, 93, 4, 9),
(268, 1, 84, 4, 10),
(268, 1, 78, 2, 11),
(268, 1, 96, 4, 12),
(268, 1, 97, 11, 13),
(268, 1, 99, 8, 14),
(269, 1, 20, 4, 1),
(269, 2, 10, 4, 2),
(269, 1, 27, 2, 3),
(269, 2, 5, 2, 4),
(269, 1, 88, 3, 5),
(269, 1, 91, 4, 6),
(269, 1, 79, 3, 7),
(269, 1, 92, 4, 8),
(269, 1, 93, 4, 9),
(269, 1, 84, 4, 10),
(269, 1, 78, 2, 11),
(269, 1, 96, 4, 12),
(269, 1, 100, 10, 13),
(269, 1, 99, 10, 14),
(270, 62, 61, 3, 1),
(270, 51, 75, 4, 2),
(270, 62, 122, 2, 3),
(270, 62, 65, 2, 4),
(270, 55, 133, 1, 5),
(270, 62, 63, 1, 6),
(270, 51, 98, 2, 7),
(270, 54, 142, 1, 8),
(270, 56, 116, 4, 9),
(270, 50, 101, 4, 10),
(270, 55, 135, 2, 11),
(270, 62, 119, 1, 12),
(270, 60, 104, 2, 13),
(270, 62, 117, 1, 14),
(270, 62, 109, 3, 15),
(270, 55, 128, 1, 16),
(270, 62, 92, 1, 17),
(270, 51, 88, 2, 18),
(270, 52, 102, 3, 19),
(270, 55, 120, 1, 20),
(270, 60, 97, 1, 21),
(270, 59, 121, 3, 22),
(270, 56, 99, 3, 23),
(270, 51, 92, 4, 24),
(270, 48, 112, 8, 25),
(271, 1, 20, 4, 1),
(271, 2, 10, 4, 2),
(271, 1, 55, 3, 3),
(271, 1, 27, 4, 4),
(271, 1, 3, 2, 5),
(271, 1, 88, 3, 6),
(271, 1, 91, 4, 7),
(271, 1, 79, 3, 8),
(271, 1, 92, 4, 9),
(271, 1, 93, 3, 10),
(271, 1, 84, 3, 11),
(271, 1, 96, 3, 12),
(271, 1, 100, 9, 13),
(271, 1, 99, 11, 14),
(272, 1, 7, 3, 1),
(272, 1, 20, 4, 2),
(272, 1, 27, 4, 3),
(272, 1, 88, 4, 4),
(272, 1, 91, 4, 5),
(272, 1, 71, 1, 6),
(272, 1, 74, 1, 7),
(272, 1, 79, 2, 8),
(272, 1, 92, 4, 9),
(272, 1, 93, 3, 10),
(272, 1, 84, 3, 11),
(272, 1, 94, 3, 12),
(272, 1, 95, 3, 13),
(272, 1, 96, 4, 14),
(272, 1, 97, 9, 15),
(272, 1, 100, 8, 16),
(273, 1, 7, 3, 1),
(273, 1, 20, 3, 2),
(273, 1, 10, 2, 3),
(273, 1, 27, 3, 4),
(273, 1, 88, 4, 5),
(273, 1, 91, 4, 6),
(273, 1, 71, 2, 7),
(273, 1, 74, 2, 8),
(273, 1, 81, 1, 9),
(273, 1, 79, 2, 10),
(273, 1, 92, 4, 11),
(273, 1, 93, 3, 12),
(273, 1, 84, 3, 13),
(273, 1, 78, 2, 14),
(273, 1, 96, 3, 15),
(273, 1, 97, 9, 16),
(273, 1, 100, 7, 17),
(273, 1, 101, 3, 18),
(274, 1, 7, 4, 1),
(274, 1, 20, 4, 2),
(274, 1, 27, 3, 3),
(274, 1, 48, 1, 4),
(274, 1, 88, 4, 5),
(274, 1, 91, 4, 6),
(274, 1, 71, 2, 7),
(274, 1, 74, 2, 8),
(274, 1, 79, 2, 9),
(274, 1, 92, 4, 10),
(274, 1, 93, 3, 11),
(274, 1, 84, 4, 12),
(274, 1, 78, 2, 13),
(274, 1, 96, 3, 14),
(274, 1, 97, 10, 15),
(274, 1, 100, 8, 16),
(275, 1, 7, 4, 1),
(275, 1, 20, 4, 2),
(275, 1, 27, 4, 3),
(275, 1, 3, 2, 4),
(275, 1, 88, 2, 5),
(275, 1, 91, 4, 6),
(275, 1, 71, 2, 7),
(275, 1, 79, 4, 8),
(275, 1, 92, 4, 9),
(275, 1, 93, 2, 10),
(275, 1, 84, 3, 11),
(275, 1, 96, 4, 12),
(275, 1, 97, 11, 13),
(275, 1, 100, 10, 14),
(276, 1, 7, 4, 1),
(276, 1, 20, 4, 2),
(276, 1, 27, 3, 3),
(276, 1, 18, 2, 4),
(276, 1, 26, 2, 5),
(276, 1, 88, 3, 6),
(276, 1, 91, 4, 7),
(276, 1, 79, 3, 8),
(276, 1, 92, 4, 9),
(276, 1, 93, 3, 10),
(276, 1, 84, 4, 11),
(276, 1, 96, 4, 12),
(276, 1, 97, 11, 13),
(276, 1, 100, 9, 14),
(277, 1, 7, 4, 1),
(277, 1, 20, 4, 2),
(277, 1, 27, 4, 3),
(277, 1, 88, 3, 4),
(277, 1, 91, 4, 5),
(277, 1, 71, 1, 6),
(277, 1, 74, 1, 7),
(277, 1, 79, 3, 8),
(277, 1, 92, 4, 9),
(277, 1, 93, 3, 10),
(277, 1, 84, 3, 11),
(277, 1, 95, 2, 12),
(277, 1, 96, 4, 13),
(277, 1, 97, 11, 14),
(277, 1, 100, 9, 15),
(278, 1, 7, 4, 1),
(278, 1, 31, 3, 2),
(278, 1, 10, 1, 3),
(278, 1, 27, 3, 4),
(278, 1, 3, 2, 5),
(278, 1, 88, 3, 6),
(278, 1, 91, 4, 7),
(278, 1, 71, 2, 8),
(278, 1, 74, 2, 9),
(278, 1, 79, 2, 10),
(278, 1, 92, 4, 11),
(278, 1, 93, 2, 12),
(278, 1, 84, 3, 13),
(278, 1, 78, 2, 14),
(278, 1, 96, 4, 15),
(278, 1, 97, 11, 16),
(278, 1, 101, 8, 17),
(279, 1, 7, 4, 1),
(279, 1, 20, 4, 2),
(279, 1, 27, 4, 3),
(279, 1, 88, 4, 4),
(279, 1, 91, 4, 5),
(279, 1, 71, 1, 6),
(279, 1, 74, 1, 7),
(279, 1, 79, 2, 8),
(279, 1, 92, 3, 9),
(279, 1, 93, 3, 10),
(279, 1, 84, 3, 11),
(279, 1, 94, 3, 12),
(279, 1, 95, 3, 13),
(279, 1, 96, 4, 14),
(279, 1, 97, 9, 15),
(279, 1, 100, 8, 16),
(280, 1, 7, 4, 1),
(280, 2, 10, 4, 2),
(280, 1, 60, 3, 3),
(280, 1, 27, 3, 4),
(280, 1, 3, 1, 5),
(280, 1, 88, 3, 6),
(280, 1, 91, 4, 7),
(280, 1, 79, 4, 8),
(280, 1, 92, 4, 9),
(280, 1, 93, 3, 10),
(280, 1, 84, 4, 11),
(280, 1, 96, 4, 12),
(280, 1, 97, 10, 13),
(280, 1, 99, 9, 14),
(281, 1, 7, 4, 1),
(281, 1, 20, 4, 2),
(281, 2, 10, 3, 3),
(281, 3, 1, 1, 4),
(281, 1, 88, 3, 5),
(281, 1, 91, 4, 6),
(281, 1, 74, 1, 7),
(281, 1, 81, 1, 8),
(281, 3, 62, 1, 9),
(281, 1, 79, 3, 10),
(281, 1, 92, 4, 11),
(281, 1, 93, 2, 12),
(281, 1, 84, 4, 13),
(281, 1, 78, 2, 14),
(281, 1, 96, 3, 15),
(281, 1, 97, 11, 16),
(281, 1, 100, 9, 17),
(282, 1, 20, 4, 1),
(282, 5001, 3, 3, 2),
(282, 3, 3, 3, 3),
(282, 2, 5, 2, 4),
(282, 1, 88, 4, 5),
(282, 1, 91, 4, 6),
(282, 1, 71, 2, 7),
(282, 1, 74, 2, 8),
(282, 1, 81, 2, 9),
(282, 1, 79, 2, 10),
(282, 1, 92, 4, 11),
(282, 1, 93, 3, 12),
(282, 1, 78, 2, 13),
(282, 3, 58, 2, 14),
(282, 1, 96, 4, 15),
(282, 1, 100, 8, 16),
(282, 1, 101, 9, 17),
(283, 1, 7, 4, 1),
(283, 1, 20, 4, 2),
(283, 1, 88, 4, 3),
(283, 1, 91, 4, 4),
(283, 1, 71, 4, 5),
(283, 1, 74, 3, 6),
(283, 3, 59, 4, 7),
(283, 1, 81, 3, 8),
(283, 1, 75, 3, 9),
(283, 1, 79, 2, 10),
(283, 1, 92, 4, 11),
(283, 1, 93, 2, 12),
(283, 1, 84, 4, 13),
(283, 1, 78, 3, 14),
(283, 1, 97, 6, 15),
(283, 1, 100, 6, 16),
(284, 3, 39, 4, 1),
(284, 1, 20, 4, 2),
(284, 1, 88, 4, 3),
(284, 1, 91, 4, 4),
(284, 1, 71, 4, 5),
(284, 1, 74, 4, 6),
(284, 3, 59, 4, 7),
(284, 1, 81, 4, 8),
(284, 1, 75, 2, 9),
(284, 1, 92, 4, 10),
(284, 1, 93, 3, 11),
(284, 1, 84, 4, 12),
(284, 1, 78, 3, 13),
(284, 1, 98, 6, 14),
(284, 1, 100, 6, 15),
(285, 2, 16, 4, 1),
(285, 2, 54, 4, 2),
(285, 1, 7, 4, 3),
(285, 2, 10, 4, 4),
(285, 1, 88, 4, 5),
(285, 1, 91, 4, 6),
(285, 1, 71, 4, 7),
(285, 1, 74, 4, 8),
(285, 1, 75, 1, 9),
(285, 1, 79, 1, 10),
(285, 1, 92, 4, 11),
(285, 1, 93, 3, 12),
(285, 1, 84, 3, 13),
(285, 1, 95, 1, 14),
(285, 1, 96, 4, 15),
(285, 1, 97, 10, 16),
(285, 1, 99, 1, 17),
(286, 1, 20, 3, 1),
(286, 3, 39, 3, 2),
(286, 2, 6, 3, 3),
(286, 2, 10, 3, 4),
(286, 2, 38, 1, 5),
(286, 2, 54, 1, 6),
(286, 1, 88, 3, 7),
(286, 1, 91, 4, 8),
(286, 1, 71, 1, 9),
(286, 1, 74, 2, 10),
(286, 1, 81, 2, 11),
(286, 1, 79, 3, 12),
(286, 1, 92, 2, 13),
(286, 1, 93, 3, 14),
(286, 1, 78, 3, 15),
(286, 3, 58, 1, 16),
(286, 1, 96, 3, 17),
(286, 1, 100, 6, 18),
(286, 1, 98, 7, 19),
(286, 1, 101, 6, 20),
(287, 1, 2, 4, 1),
(287, 1, 63, 4, 2),
(287, 3, 2, 4, 3),
(287, 1, 88, 4, 4),
(287, 1, 91, 4, 5),
(287, 1, 71, 4, 6),
(287, 1, 74, 4, 7),
(287, 1, 81, 1, 8),
(287, 1, 76, 4, 9),
(287, 1, 84, 2, 10),
(287, 1, 93, 2, 11),
(287, 1, 102, 23, 12),
(288, 1, 2, 4, 1),
(288, 1, 63, 4, 2),
(288, 3, 2, 3, 3),
(288, 3, 10, 3, 4),
(288, 1, 88, 4, 5),
(288, 1, 91, 4, 6),
(288, 1, 71, 4, 7),
(288, 1, 74, 2, 8),
(288, 1, 77, 2, 9),
(288, 1, 76, 4, 10),
(288, 1, 78, 3, 11),
(288, 1, 102, 23, 12),
(289, 3, 39, 4, 1),
(289, 1, 20, 4, 2),
(289, 2, 10, 4, 3),
(289, 1, 88, 3, 4),
(289, 1, 91, 2, 5),
(289, 1, 71, 3, 6),
(289, 1, 79, 3, 7),
(289, 1, 92, 4, 8),
(289, 1, 93, 2, 9),
(289, 1, 84, 4, 10),
(289, 1, 78, 3, 11),
(289, 1, 96, 4, 12),
(289, 1, 98, 10, 13),
(289, 1, 100, 10, 14),
(290, 1, 7, 3, 1),
(290, 1, 20, 4, 2),
(290, 2, 10, 3, 3),
(290, 3, 3, 2, 4),
(290, 1, 88, 3, 5),
(290, 1, 91, 4, 6),
(290, 1, 71, 3, 7),
(290, 1, 74, 2, 8),
(290, 1, 81, 2, 9),
(290, 1, 75, 2, 10),
(290, 1, 79, 3, 11),
(290, 1, 92, 4, 12),
(290, 1, 93, 4, 13),
(290, 1, 78, 3, 14),
(290, 1, 96, 4, 15),
(290, 1, 97, 7, 16),
(290, 1, 100, 7, 17),
(291, 1, 2, 4, 1),
(291, 1, 63, 4, 2),
(291, 3, 2, 3, 3),
(291, 3, 10, 3, 4),
(291, 1, 88, 4, 5),
(291, 1, 91, 4, 6),
(291, 1, 71, 3, 7),
(291, 1, 74, 2, 8),
(291, 1, 81, 2, 9),
(291, 1, 76, 4, 10),
(291, 1, 93, 3, 11),
(291, 1, 84, 4, 12),
(291, 1, 102, 20, 13),
(292, 2, 16, 4, 1),
(292, 2, 54, 4, 2),
(292, 1, 20, 4, 3),
(292, 2, 10, 4, 4),
(292, 3, 3, 4, 5),
(292, 1, 88, 4, 6),
(292, 1, 91, 1, 7),
(292, 1, 71, 3, 8),
(292, 1, 74, 1, 9),
(292, 1, 93, 3, 10),
(292, 1, 84, 4, 11),
(292, 1, 96, 4, 12),
(292, 1, 100, 20, 13),
(293, 3, 39, 4, 1),
(293, 1, 20, 4, 2),
(293, 2, 10, 4, 3),
(293, 1, 88, 3, 4),
(293, 1, 91, 4, 5),
(293, 1, 71, 1, 6),
(293, 1, 74, 2, 7),
(293, 3, 59, 2, 8),
(293, 1, 81, 1, 9),
(293, 1, 79, 1, 10),
(293, 1, 92, 4, 11),
(293, 1, 93, 2, 12),
(293, 1, 84, 3, 13),
(293, 1, 78, 2, 14),
(293, 1, 96, 4, 15),
(293, 1, 98, 8, 16),
(293, 1, 100, 8, 17),
(293, 1, 99, 3, 18),
(294, 5001, 3, 4, 1),
(294, 3, 3, 2, 2),
(294, 2, 47, 2, 3),
(294, 1, 88, 4, 4),
(294, 1, 91, 4, 5),
(294, 1, 71, 4, 6),
(294, 1, 74, 4, 7),
(294, 5, 77, 3, 8),
(294, 1, 79, 2, 9),
(294, 1, 92, 3, 10),
(294, 1, 93, 3, 11),
(294, 1, 84, 4, 12),
(294, 5, 78, 2, 13),
(294, 1, 78, 4, 14),
(294, 1, 96, 4, 15),
(294, 1, 101, 11, 16),
(295, 1, 20, 4, 1),
(295, 5001, 3, 3, 2),
(295, 2, 10, 3, 3),
(295, 3, 3, 2, 4),
(295, 1, 88, 3, 5),
(295, 1, 91, 4, 6),
(295, 1, 71, 3, 7),
(295, 1, 74, 2, 8),
(295, 5, 77, 2, 9),
(295, 1, 79, 4, 10),
(295, 1, 92, 4, 11),
(295, 1, 93, 3, 12),
(295, 1, 78, 3, 13),
(295, 1, 96, 3, 14),
(295, 1, 100, 8, 15),
(295, 1, 101, 9, 16),
(296, 1, 20, 3, 1),
(296, 5001, 3, 3, 2),
(296, 2, 10, 3, 3),
(296, 3, 3, 2, 4),
(296, 1, 88, 3, 5),
(296, 1, 91, 4, 6),
(296, 1, 71, 3, 7),
(296, 1, 74, 2, 8),
(296, 5, 77, 2, 9),
(296, 1, 79, 4, 10),
(296, 1, 92, 4, 11),
(296, 1, 93, 3, 12),
(296, 1, 84, 3, 13),
(296, 1, 78, 3, 14),
(296, 1, 96, 3, 15),
(296, 1, 100, 7, 16),
(296, 1, 101, 8, 17),
(297, 2, 16, 3, 1),
(297, 2, 54, 4, 2),
(297, 1, 7, 3, 3),
(297, 2, 10, 3, 4),
(297, 6, 42, 2, 5),
(297, 1, 88, 4, 6),
(297, 1, 91, 4, 7),
(297, 1, 71, 3, 8),
(297, 1, 74, 3, 9),
(297, 5, 77, 3, 10),
(297, 5, 16, 3, 11),
(297, 1, 75, 2, 12),
(297, 1, 93, 3, 13),
(297, 1, 84, 3, 14),
(297, 1, 78, 2, 15),
(297, 1, 96, 4, 16),
(297, 5, 81, 2, 17),
(297, 1, 97, 9, 18),
(298, 2, 16, 4, 1),
(298, 2, 54, 4, 2),
(298, 7, 15, 3, 3),
(298, 2, 10, 3, 4),
(298, 1, 88, 4, 5),
(298, 1, 91, 2, 6),
(298, 6, 114, 1, 7),
(298, 1, 71, 4, 8),
(298, 1, 74, 2, 9),
(298, 5, 77, 2, 10),
(298, 5, 16, 4, 11),
(298, 1, 93, 3, 12),
(298, 1, 84, 4, 13),
(298, 6, 122, 1, 14),
(298, 1, 78, 2, 15),
(298, 6, 103, 2, 16),
(298, 1, 96, 4, 17),
(298, 1, 100, 11, 18),
(299, 7, 15, 4, 1),
(299, 1, 3, 4, 2),
(299, 1, 88, 4, 3),
(299, 6, 114, 2, 4),
(299, 1, 71, 3, 5),
(299, 1, 74, 4, 6),
(299, 5, 77, 2, 7),
(299, 1, 79, 4, 8),
(299, 1, 92, 4, 9),
(299, 1, 93, 1, 10),
(299, 1, 84, 4, 11),
(299, 1, 80, 3, 12),
(299, 4, 117, 3, 13),
(299, 1, 78, 2, 14),
(299, 1, 96, 3, 15),
(299, 5, 81, 3, 16),
(299, 1, 100, 10, 17),
(300, 2, 16, 3, 1),
(300, 2, 54, 3, 2),
(300, 7, 15, 2, 3),
(300, 1, 20, 3, 4),
(300, 5001, 3, 3, 5),
(300, 3, 3, 2, 6),
(300, 1, 88, 3, 7),
(300, 1, 71, 1, 8),
(300, 5, 74, 1, 9),
(300, 1, 79, 2, 10),
(300, 1, 93, 2, 11),
(300, 1, 84, 2, 12),
(300, 1, 80, 1, 13),
(300, 1, 90, 1, 14),
(300, 1, 78, 1, 15),
(300, 1, 95, 1, 16),
(300, 1, 96, 3, 17),
(300, 5, 82, 2, 18),
(300, 5, 17, 1, 19),
(300, 1, 100, 14, 20),
(300, 1, 101, 9, 21),
(301, 62, 61, 3, 1),
(301, 62, 60, 4, 2),
(301, 62, 122, 2, 3),
(301, 62, 65, 2, 4),
(301, 55, 133, 1, 5),
(301, 62, 63, 1, 6),
(301, 58, 54, 2, 7),
(301, 54, 142, 1, 8),
(301, 56, 116, 4, 9),
(301, 5005, 100, 4, 10),
(301, 55, 135, 2, 11),
(301, 62, 119, 1, 12),
(301, 60, 104, 2, 13),
(301, 62, 117, 1, 14),
(301, 62, 109, 3, 15),
(301, 55, 128, 1, 16),
(301, 62, 92, 2, 17),
(301, 56, 122, 4, 18),
(301, 55, 120, 1, 19),
(301, 60, 97, 1, 20),
(301, 59, 121, 3, 21),
(301, 56, 99, 3, 22),
(301, 58, 113, 4, 23),
(301, 59, 139, 8, 24),
(302, 62, 26, 4, 1),
(302, 62, 44, 4, 2),
(302, 62, 42, 4, 3),
(302, 58, 139, 3, 4),
(302, 62, 113, 1, 5),
(302, 56, 47, 1, 6),
(302, 57, 98, 1, 7),
(302, 56, 116, 4, 8),
(302, 5005, 100, 2, 9),
(302, 55, 135, 1, 10),
(302, 59, 127, 2, 11),
(302, 60, 104, 2, 12),
(302, 62, 109, 4, 13),
(302, 54, 137, 1, 14),
(302, 62, 92, 4, 15),
(302, 56, 122, 3, 16),
(302, 1006, 36, 1, 17),
(302, 55, 120, 1, 18),
(302, 59, 121, 2, 19),
(302, 57, 88, 1, 20),
(302, 59, 119, 2, 21),
(302, 62, 93, 4, 22),
(302, 58, 113, 4, 23),
(302, 59, 135, 4, 24),
(303, 62, 26, 4, 1),
(303, 62, 44, 4, 2),
(303, 62, 42, 4, 3),
(303, 58, 139, 3, 4),
(303, 62, 113, 1, 5),
(303, 56, 47, 1, 6),
(303, 57, 98, 1, 7),
(303, 56, 116, 4, 8),
(303, 5005, 100, 3, 9),
(303, 55, 135, 1, 10),
(303, 60, 104, 3, 11),
(303, 62, 109, 4, 12),
(303, 54, 137, 1, 13),
(303, 62, 92, 4, 14),
(303, 56, 122, 3, 15),
(303, 55, 120, 1, 16),
(303, 54, 135, 1, 17),
(303, 59, 121, 2, 18),
(303, 57, 88, 1, 19),
(303, 59, 119, 2, 20),
(303, 62, 93, 4, 21),
(303, 58, 113, 4, 22),
(303, 59, 135, 4, 23),
(304, 59, 144, 3, 1),
(304, 59, 78, 2, 2),
(304, 58, 88, 1, 3),
(304, 61, 106, 3, 4),
(304, 56, 119, 2, 5),
(304, 58, 67, 2, 6),
(304, 57, 98, 1, 7),
(304, 56, 116, 4, 8),
(304, 5005, 100, 4, 9),
(304, 55, 135, 2, 10),
(304, 62, 118, 1, 11),
(304, 60, 104, 2, 12),
(304, 62, 109, 3, 13),
(304, 54, 137, 1, 14),
(304, 56, 122, 4, 15),
(304, 55, 120, 2, 16),
(304, 59, 121, 3, 17),
(304, 56, 99, 2, 18),
(304, 55, 123, 4, 19),
(304, 55, 126, 2, 20),
(304, 58, 113, 4, 21),
(304, 59, 138, 8, 22),
(305, 59, 144, 3, 1),
(305, 59, 78, 2, 2),
(305, 52, 107, 1, 3),
(305, 61, 106, 2, 4),
(305, 53, 54, 2, 5),
(305, 53, 53, 2, 6),
(305, 57, 98, 1, 7),
(305, 56, 116, 4, 8),
(305, 50, 101, 4, 9),
(305, 55, 135, 2, 10),
(305, 62, 118, 1, 11),
(305, 60, 104, 2, 12),
(305, 62, 109, 3, 13),
(305, 54, 137, 1, 14),
(305, 52, 102, 4, 15),
(305, 52, 93, 3, 16),
(305, 55, 120, 1, 17),
(305, 59, 121, 3, 18),
(305, 56, 99, 2, 19),
(305, 55, 123, 4, 20),
(305, 55, 126, 2, 21),
(305, 51, 92, 4, 22),
(305, 48, 111, 7, 23),
(306, 62, 26, 4, 1),
(306, 62, 44, 4, 2),
(306, 62, 42, 4, 3),
(306, 58, 139, 3, 4),
(306, 56, 117, 2, 5),
(306, 56, 47, 1, 6),
(306, 57, 98, 1, 7),
(306, 56, 116, 4, 8),
(306, 5005, 100, 2, 9),
(306, 63, 157, 1, 10),
(306, 63, 160, 1, 11),
(306, 60, 104, 1, 12),
(306, 62, 109, 4, 13),
(306, 54, 137, 1, 14),
(306, 62, 92, 4, 15),
(306, 56, 122, 3, 16),
(306, 63, 122, 4, 17),
(306, 55, 120, 1, 18),
(306, 59, 121, 3, 19),
(306, 62, 93, 4, 20),
(306, 58, 113, 4, 21),
(306, 59, 134, 4, 22),
(307, 54, 144, 1, 1),
(307, 61, 107, 2, 2),
(307, 61, 63, 3, 3),
(307, 62, 33, 3, 4),
(307, 62, 32, 4, 5),
(307, 55, 53, 4, 6),
(307, 61, 34, 1, 7),
(307, 57, 98, 1, 8),
(307, 56, 116, 4, 9),
(307, 5005, 100, 4, 10),
(307, 55, 135, 2, 11),
(307, 60, 104, 2, 12),
(307, 62, 117, 1, 13),
(307, 62, 109, 3, 14),
(307, 54, 137, 1, 15),
(307, 56, 122, 4, 16),
(307, 63, 136, 2, 17),
(307, 61, 100, 3, 18),
(307, 59, 121, 3, 19),
(307, 61, 90, 3, 20),
(307, 61, 104, 4, 21),
(307, 59, 137, 5, 22),
(308, 63, 149, 3, 1),
(308, 63, 148, 4, 2),
(308, 56, 31, 1, 3),
(308, 54, 142, 2, 4),
(308, 56, 116, 4, 5),
(308, 5005, 100, 4, 6),
(308, 59, 127, 4, 7),
(308, 60, 104, 3, 8),
(308, 62, 109, 3, 9),
(308, 54, 137, 1, 10),
(308, 63, 125, 3, 11),
(308, 59, 123, 2, 12),
(308, 57, 80, 2, 13),
(308, 61, 101, 1, 14),
(308, 63, 132, 3, 15),
(308, 56, 99, 3, 16),
(308, 63, 164, 1, 17),
(308, 63, 137, 4, 18),
(308, 59, 134, 12, 19),
(309, 55, 72, 4, 1),
(309, 55, 71, 4, 2),
(309, 61, 63, 3, 3),
(309, 63, 151, 1, 4),
(309, 63, 150, 1, 5),
(309, 56, 47, 1, 6),
(309, 56, 116, 3, 7),
(309, 5005, 100, 3, 8),
(309, 55, 135, 2, 9),
(309, 61, 111, 4, 10),
(309, 63, 160, 1, 11),
(309, 60, 104, 2, 12),
(309, 62, 118, 1, 13),
(309, 62, 109, 3, 14),
(309, 54, 137, 1, 15),
(309, 59, 123, 1, 16),
(309, 62, 102, 4, 17),
(309, 54, 135, 1, 18),
(309, 63, 131, 1, 19),
(309, 59, 121, 3, 20),
(309, 57, 88, 1, 21),
(309, 61, 90, 3, 22),
(309, 58, 113, 2, 23),
(309, 61, 104, 4, 24),
(309, 59, 137, 6, 25),
(310, 59, 144, 3, 1),
(310, 59, 78, 2, 2),
(310, 58, 88, 1, 3),
(310, 56, 119, 2, 4),
(310, 58, 67, 2, 5),
(310, 61, 106, 2, 6),
(310, 57, 98, 1, 7),
(310, 56, 116, 4, 8),
(310, 5005, 100, 4, 9),
(310, 55, 135, 2, 10),
(310, 60, 104, 2, 11),
(310, 62, 118, 1, 12),
(310, 60, 105, 1, 13),
(310, 62, 109, 3, 14),
(310, 54, 137, 1, 15),
(310, 56, 122, 4, 16),
(310, 55, 120, 2, 17),
(310, 59, 121, 3, 18),
(310, 56, 99, 2, 19),
(310, 55, 123, 4, 20),
(310, 55, 126, 2, 21),
(310, 58, 113, 4, 22),
(310, 59, 138, 8, 23),
(311, 62, 26, 4, 1),
(311, 62, 44, 4, 2),
(311, 62, 42, 4, 3),
(311, 58, 139, 3, 4),
(311, 57, 98, 2, 5),
(311, 56, 116, 4, 6),
(311, 60, 104, 1, 7),
(311, 62, 109, 3, 8),
(311, 54, 137, 1, 9),
(311, 62, 92, 4, 10),
(311, 56, 122, 4, 11),
(311, 55, 138, 2, 12),
(311, 55, 117, 1, 13),
(311, 59, 125, 4, 14),
(311, 1006, 36, 4, 15),
(311, 55, 120, 1, 16),
(311, 54, 135, 1, 17),
(311, 59, 121, 2, 18),
(311, 62, 93, 3, 19),
(311, 58, 113, 4, 20),
(311, 59, 137, 2, 21),
(311, 59, 138, 2, 22),
(312, 62, 120, 1, 1),
(312, 62, 113, 3, 2),
(312, 62, 33, 3, 3),
(312, 62, 32, 4, 4),
(312, 55, 53, 4, 5),
(312, 57, 98, 1, 6),
(312, 56, 116, 4, 7),
(312, 5005, 100, 4, 8),
(312, 55, 135, 2, 9),
(312, 60, 106, 2, 10),
(312, 60, 104, 2, 11),
(312, 62, 118, 1, 12),
(312, 62, 109, 3, 13),
(312, 57, 95, 1, 14),
(312, 56, 122, 3, 15),
(312, 63, 136, 1, 16),
(312, 61, 100, 4, 17),
(312, 62, 97, 4, 18),
(312, 59, 121, 3, 19),
(312, 63, 137, 2, 20),
(312, 59, 135, 8, 21),
(313, 59, 144, 3, 1),
(313, 59, 78, 3, 2),
(313, 58, 88, 2, 3),
(313, 61, 106, 3, 4),
(313, 54, 142, 1, 5),
(313, 57, 98, 1, 6),
(313, 56, 116, 4, 7),
(313, 5005, 100, 4, 8),
(313, 55, 135, 2, 9),
(313, 60, 104, 2, 10),
(313, 62, 118, 1, 11),
(313, 62, 109, 3, 12),
(313, 54, 137, 1, 13),
(313, 56, 122, 4, 14),
(313, 58, 112, 3, 15),
(313, 62, 97, 2, 16),
(313, 59, 121, 3, 17),
(313, 55, 123, 4, 18),
(313, 55, 126, 2, 19),
(313, 58, 113, 4, 20),
(313, 59, 138, 8, 21),
(314, 63, 151, 3, 1),
(314, 63, 150, 3, 2),
(314, 61, 58, 3, 3),
(314, 57, 2, 2, 4),
(314, 63, 13, 2, 5),
(314, 56, 116, 4, 6),
(314, 5005, 100, 4, 7),
(314, 61, 111, 3, 8),
(314, 60, 104, 2, 9),
(314, 62, 118, 1, 10),
(314, 62, 109, 3, 11),
(314, 55, 129, 1, 12),
(314, 56, 122, 2, 13),
(314, 59, 123, 1, 14),
(314, 63, 131, 2, 15),
(314, 59, 121, 1, 16),
(314, 56, 99, 2, 17),
(314, 61, 91, 2, 18),
(314, 59, 119, 1, 19),
(314, 63, 138, 4, 20),
(314, 63, 140, 2, 21),
(314, 61, 104, 4, 22),
(314, 59, 137, 8, 23),
(315, 59, 144, 3, 1),
(315, 59, 78, 3, 2),
(315, 58, 88, 2, 3),
(315, 61, 106, 2, 4),
(315, 54, 142, 1, 5),
(315, 57, 98, 1, 6),
(315, 56, 116, 4, 7),
(315, 5005, 100, 4, 8),
(315, 55, 135, 2, 9),
(315, 56, 115, 1, 10),
(315, 60, 104, 2, 11),
(315, 62, 118, 1, 12),
(315, 62, 109, 3, 13),
(315, 54, 137, 1, 14),
(315, 56, 122, 4, 15),
(315, 58, 112, 2, 16),
(315, 62, 97, 2, 17),
(315, 59, 121, 3, 18),
(315, 55, 123, 4, 19),
(315, 55, 126, 2, 20),
(315, 58, 113, 4, 21),
(315, 59, 138, 9, 22),
(316, 55, 72, 3, 1),
(316, 55, 71, 4, 2),
(316, 61, 63, 2, 3),
(316, 58, 137, 1, 4),
(316, 58, 43, 1, 5),
(316, 56, 118, 1, 6),
(316, 62, 65, 1, 7),
(316, 56, 116, 4, 8),
(316, 5005, 100, 3, 9),
(316, 61, 111, 4, 10),
(316, 55, 135, 1, 11),
(316, 63, 160, 1, 12),
(316, 60, 104, 2, 13),
(316, 62, 109, 3, 14),
(316, 55, 128, 1, 15),
(316, 56, 122, 2, 16),
(316, 59, 123, 1, 17),
(316, 62, 102, 4, 18),
(316, 54, 135, 2, 19),
(316, 59, 121, 2, 20),
(316, 57, 88, 1, 21),
(316, 56, 99, 2, 22),
(316, 61, 90, 3, 23),
(316, 58, 113, 3, 24),
(316, 61, 104, 4, 25),
(316, 59, 137, 4, 26),
(317, 55, 72, 4, 1),
(317, 55, 71, 4, 2),
(317, 61, 63, 4, 3),
(317, 56, 116, 4, 4),
(317, 5005, 100, 3, 5),
(317, 61, 111, 4, 6),
(317, 55, 135, 1, 7),
(317, 63, 160, 1, 8),
(317, 60, 104, 3, 9),
(317, 62, 118, 1, 10),
(317, 62, 109, 3, 11),
(317, 54, 137, 1, 12),
(317, 59, 123, 1, 13),
(317, 62, 102, 4, 14),
(317, 55, 120, 1, 15),
(317, 59, 121, 3, 16),
(317, 57, 88, 2, 17),
(317, 61, 90, 3, 18),
(317, 63, 140, 1, 19),
(317, 58, 113, 2, 20),
(317, 61, 104, 4, 21),
(317, 59, 137, 6, 22),
(318, 59, 144, 3, 1),
(318, 59, 78, 1, 2),
(318, 58, 88, 1, 3),
(318, 61, 106, 3, 4),
(318, 56, 119, 2, 5),
(318, 58, 67, 2, 6),
(318, 57, 98, 1, 7),
(318, 56, 116, 4, 8),
(318, 5005, 100, 4, 9),
(318, 55, 135, 1, 10),
(318, 60, 104, 2, 11),
(318, 62, 119, 2, 12),
(318, 62, 118, 1, 13),
(318, 62, 109, 3, 14),
(318, 54, 137, 1, 15),
(318, 56, 122, 4, 16),
(318, 54, 135, 2, 17),
(318, 59, 121, 3, 18),
(318, 56, 99, 2, 19),
(318, 55, 123, 4, 20),
(318, 55, 126, 2, 21),
(318, 58, 113, 4, 22),
(318, 59, 138, 8, 23),
(319, 63, 149, 3, 1),
(319, 63, 148, 3, 2),
(319, 54, 142, 2, 3),
(319, 56, 31, 1, 4),
(319, 57, 20, 1, 5),
(319, 56, 116, 4, 6),
(319, 5005, 100, 4, 7),
(319, 55, 135, 2, 8),
(319, 54, 149, 2, 9),
(319, 60, 104, 2, 10),
(319, 62, 118, 1, 11),
(319, 62, 109, 4, 12),
(319, 54, 137, 1, 13),
(319, 63, 161, 4, 14),
(319, 59, 123, 2, 15),
(319, 57, 80, 1, 16),
(319, 56, 121, 1, 17),
(319, 63, 132, 3, 18),
(319, 56, 99, 3, 19),
(319, 63, 137, 2, 20),
(319, 63, 139, 2, 21),
(319, 58, 113, 2, 22),
(319, 59, 134, 10, 23),
(320, 54, 31, 3, 1),
(320, 59, 30, 1, 2),
(320, 54, 142, 3, 3),
(320, 55, 95, 2, 4),
(320, 61, 106, 1, 5),
(320, 57, 20, 1, 6),
(320, 57, 98, 2, 7),
(320, 56, 4, 2, 8),
(320, 56, 116, 2, 9),
(320, 63, 157, 3, 10),
(320, 60, 104, 1, 11),
(320, 62, 119, 1, 12),
(320, 62, 118, 1, 13),
(320, 54, 137, 1, 14),
(320, 62, 109, 4, 15),
(320, 62, 92, 4, 16),
(320, 56, 122, 4, 17),
(320, 59, 123, 1, 18),
(320, 63, 122, 3, 19),
(320, 56, 103, 4, 20),
(320, 54, 136, 1, 21),
(320, 59, 124, 1, 22),
(320, 59, 121, 2, 23),
(320, 56, 99, 1, 24),
(320, 63, 137, 1, 25),
(320, 59, 134, 8, 26),
(320, 59, 135, 2, 27),
(321, 59, 144, 3, 1),
(321, 59, 78, 2, 2),
(321, 58, 88, 1, 3),
(321, 61, 106, 3, 4),
(321, 56, 119, 2, 5),
(321, 58, 67, 2, 6),
(321, 57, 98, 1, 7),
(321, 56, 116, 4, 8),
(321, 5005, 100, 3, 9),
(321, 55, 135, 1, 10),
(321, 63, 160, 1, 11),
(321, 60, 104, 2, 12),
(321, 62, 119, 1, 13),
(321, 62, 118, 1, 14),
(321, 62, 109, 3, 15),
(321, 54, 137, 1, 16),
(321, 56, 122, 4, 17),
(321, 55, 120, 1, 18),
(321, 54, 135, 1, 19),
(321, 59, 121, 3, 20),
(321, 56, 99, 2, 21),
(321, 55, 123, 4, 22),
(321, 55, 126, 2, 23),
(321, 58, 113, 4, 24),
(321, 59, 138, 8, 25),
(322, 63, 151, 2, 1),
(322, 63, 150, 2, 2),
(322, 54, 144, 2, 3),
(322, 61, 58, 2, 4),
(322, 61, 63, 3, 5),
(322, 61, 107, 1, 6),
(322, 56, 116, 4, 7),
(322, 5005, 100, 4, 8),
(322, 61, 111, 4, 9),
(322, 55, 135, 1, 10),
(322, 63, 160, 1, 11),
(322, 60, 104, 2, 12),
(322, 62, 118, 1, 13),
(322, 62, 109, 4, 14),
(322, 55, 129, 1, 15),
(322, 62, 92, 1, 16),
(322, 59, 123, 1, 17),
(322, 56, 121, 1, 18),
(322, 55, 120, 1, 19),
(322, 54, 135, 1, 20),
(322, 61, 101, 1, 21),
(322, 63, 131, 1, 22),
(322, 59, 121, 1, 23),
(322, 61, 91, 1, 24),
(322, 59, 119, 1, 25),
(322, 61, 90, 2, 26),
(322, 63, 140, 2, 27),
(322, 61, 104, 4, 28),
(322, 59, 137, 8, 29),
(323, 61, 106, 4, 1),
(323, 62, 69, 4, 2),
(323, 62, 68, 4, 3),
(323, 57, 98, 1, 4),
(323, 56, 116, 4, 5),
(323, 5005, 100, 3, 6),
(323, 60, 104, 1, 7),
(323, 59, 129, 1, 8),
(323, 62, 119, 1, 9),
(323, 59, 115, 1, 10),
(323, 60, 105, 1, 11),
(323, 62, 118, 1, 12),
(323, 62, 109, 4, 13),
(323, 54, 137, 1, 14),
(323, 56, 122, 2, 15),
(323, 63, 122, 4, 16),
(323, 58, 111, 4, 17),
(323, 62, 94, 1, 18),
(323, 54, 135, 1, 19),
(323, 62, 97, 2, 20),
(323, 59, 121, 3, 21),
(323, 56, 99, 2, 22),
(323, 55, 123, 4, 23),
(323, 55, 126, 2, 24),
(323, 58, 113, 4, 25),
(324, 56, 12, 4, 1),
(324, 56, 11, 3, 2),
(324, 56, 90, 3, 3),
(324, 61, 80, 1, 4),
(324, 56, 117, 2, 5),
(324, 62, 69, 1, 6),
(324, 62, 68, 1, 7),
(324, 54, 108, 2, 8),
(324, 54, 126, 2, 9),
(324, 56, 47, 1, 10),
(324, 57, 98, 1, 11),
(324, 56, 4, 2, 12),
(324, 56, 116, 3, 13),
(324, 5005, 100, 2, 14),
(324, 63, 157, 1, 15),
(324, 60, 104, 1, 16),
(324, 62, 118, 1, 17),
(324, 62, 109, 4, 18),
(324, 54, 137, 1, 19),
(324, 62, 92, 4, 20),
(324, 56, 122, 4, 21),
(324, 54, 136, 1, 22),
(324, 63, 122, 4, 23),
(324, 57, 88, 2, 24),
(324, 56, 99, 1, 25),
(324, 61, 102, 1, 26),
(324, 58, 113, 4, 27),
(324, 59, 134, 2, 28),
(324, 59, 132, 1, 29),
(325, 59, 144, 3, 1),
(325, 59, 78, 2, 2),
(325, 58, 88, 2, 3),
(325, 61, 106, 2, 4),
(325, 56, 11, 2, 5),
(325, 56, 90, 2, 6),
(325, 54, 142, 1, 7),
(325, 57, 98, 1, 8),
(325, 56, 116, 4, 9),
(325, 5005, 100, 4, 10),
(325, 55, 135, 1, 11),
(325, 60, 104, 2, 12),
(325, 62, 117, 1, 13),
(325, 62, 109, 4, 14),
(325, 54, 137, 1, 15),
(325, 56, 122, 4, 16),
(325, 58, 112, 2, 17),
(325, 59, 121, 4, 18),
(325, 55, 123, 4, 19),
(325, 55, 126, 2, 20),
(325, 58, 113, 4, 21),
(325, 59, 138, 8, 22),
(326, 63, 156, 3, 1),
(326, 63, 155, 3, 2),
(326, 59, 96, 4, 3),
(326, 59, 93, 2, 4),
(326, 60, 67, 2, 5),
(326, 56, 116, 4, 6),
(326, 5005, 100, 2, 7),
(326, 55, 135, 1, 8),
(326, 63, 159, 2, 9),
(326, 63, 160, 1, 10),
(326, 60, 106, 3, 11),
(326, 60, 104, 2, 12),
(326, 62, 118, 1, 13),
(326, 62, 109, 3, 14),
(326, 55, 128, 1, 15),
(326, 56, 122, 2, 16),
(326, 59, 116, 1, 17),
(326, 62, 94, 2, 18),
(326, 56, 121, 2, 19),
(326, 54, 135, 1, 20),
(326, 60, 97, 1, 21),
(326, 63, 130, 3, 22),
(326, 59, 117, 2, 23),
(326, 59, 140, 12, 24),
(327, 2, 16, 3, 1),
(327, 2, 54, 4, 2),
(327, 1, 7, 4, 3),
(327, 2, 10, 4, 4),
(327, 1, 88, 4, 5),
(327, 1, 91, 3, 6),
(327, 1, 71, 4, 7),
(327, 1, 74, 4, 8),
(327, 5, 77, 2, 9),
(327, 5, 16, 3, 10),
(327, 1, 79, 3, 11),
(327, 1, 92, 3, 12),
(327, 1, 93, 2, 13),
(327, 1, 84, 3, 14),
(327, 1, 96, 4, 15),
(327, 5, 81, 2, 16),
(327, 1, 97, 8, 17),
(328, 59, 93, 2, 1),
(328, 59, 92, 3, 2),
(328, 61, 106, 3, 3),
(328, 62, 115, 2, 4),
(328, 59, 144, 1, 5),
(328, 58, 88, 2, 6),
(328, 62, 113, 1, 7),
(328, 57, 98, 1, 8),
(328, 56, 116, 4, 9),
(328, 5005, 100, 3, 10),
(328, 55, 135, 1, 11),
(328, 54, 149, 2, 12),
(328, 60, 104, 2, 13),
(328, 62, 119, 1, 14),
(328, 62, 117, 1, 15),
(328, 62, 118, 1, 16),
(328, 62, 109, 3, 17),
(328, 54, 137, 1, 18),
(328, 56, 122, 4, 19),
(328, 56, 121, 3, 20),
(328, 59, 121, 2, 21),
(328, 55, 123, 4, 22),
(328, 55, 126, 2, 23),
(328, 58, 113, 4, 24),
(328, 59, 131, 4, 25),
(328, 59, 140, 3, 26),
(329, 56, 117, 4, 1),
(329, 58, 34, 2, 2),
(329, 58, 121, 4, 3),
(329, 60, 83, 2, 4),
(329, 55, 46, 2, 5),
(329, 55, 44, 1, 6),
(329, 55, 42, 2, 7),
(329, 56, 30, 1, 8),
(329, 57, 98, 1, 9),
(329, 56, 4, 1, 10),
(329, 56, 116, 4, 11),
(329, 5005, 100, 3, 12),
(329, 54, 149, 1, 13),
(329, 63, 160, 1, 14),
(329, 57, 101, 1, 15),
(329, 60, 104, 1, 16),
(329, 62, 119, 1, 17),
(329, 60, 105, 2, 18),
(329, 62, 118, 1, 19),
(329, 62, 109, 4, 20),
(329, 56, 107, 1, 21),
(329, 62, 92, 2, 22),
(329, 56, 122, 4, 23),
(329, 57, 85, 3, 24),
(329, 55, 120, 1, 25),
(329, 60, 97, 1, 26),
(329, 57, 88, 2, 27),
(329, 56, 99, 1, 28),
(329, 59, 134, 6, 29),
(330, 63, 149, 3, 1),
(330, 63, 148, 3, 2),
(330, 54, 142, 2, 3),
(330, 57, 20, 1, 4),
(330, 58, 137, 2, 5),
(330, 57, 98, 1, 6),
(330, 56, 116, 4, 7),
(330, 5005, 100, 4, 8),
(330, 55, 135, 2, 9),
(330, 54, 149, 2, 10),
(330, 60, 104, 2, 11),
(330, 62, 109, 3, 12),
(330, 54, 137, 1, 13),
(330, 63, 161, 2, 14),
(330, 56, 122, 3, 15),
(330, 59, 123, 2, 16),
(330, 63, 132, 2, 17),
(330, 59, 121, 1, 18),
(330, 57, 88, 1, 19),
(330, 56, 99, 3, 20),
(330, 63, 137, 3, 21),
(330, 58, 113, 3, 22),
(330, 59, 134, 10, 23),
(331, 59, 93, 2, 1),
(331, 59, 92, 3, 2),
(331, 61, 106, 3, 3),
(331, 62, 115, 1, 4),
(331, 59, 144, 1, 5),
(331, 58, 88, 1, 6),
(331, 57, 97, 1, 7),
(331, 54, 142, 1, 8),
(331, 57, 98, 1, 9),
(331, 56, 116, 4, 10),
(331, 5005, 100, 3, 11),
(331, 55, 135, 1, 12),
(331, 54, 149, 1, 13),
(331, 60, 106, 2, 14),
(331, 60, 104, 1, 15),
(331, 62, 119, 1, 16),
(331, 62, 117, 1, 17),
(331, 62, 118, 1, 18),
(331, 62, 109, 4, 19),
(331, 54, 137, 1, 20),
(331, 56, 122, 3, 21),
(331, 56, 121, 3, 22),
(331, 59, 121, 2, 23),
(331, 55, 123, 4, 24),
(331, 55, 126, 2, 25),
(331, 58, 113, 4, 26),
(331, 59, 131, 4, 27),
(331, 59, 140, 4, 28),
(332, 59, 93, 3, 1),
(332, 59, 92, 3, 2),
(332, 61, 106, 2, 3),
(332, 59, 96, 2, 4),
(332, 62, 115, 1, 5),
(332, 59, 144, 1, 6),
(332, 63, 145, 1, 7),
(332, 62, 120, 1, 8),
(332, 62, 113, 1, 9),
(332, 54, 142, 1, 10),
(332, 56, 116, 4, 11),
(332, 5005, 100, 4, 12),
(332, 55, 135, 2, 13),
(332, 60, 106, 3, 14),
(332, 60, 104, 2, 15),
(332, 62, 117, 2, 16),
(332, 62, 118, 1, 17),
(332, 62, 109, 3, 18),
(332, 54, 137, 1, 19),
(332, 56, 122, 2, 20),
(332, 56, 121, 3, 21),
(332, 59, 121, 2, 22),
(332, 59, 117, 4, 23),
(332, 59, 131, 4, 24),
(332, 59, 140, 7, 25),
(333, 57, 96, 3, 1),
(333, 61, 106, 2, 2),
(333, 58, 54, 3, 3),
(333, 58, 136, 1, 4),
(333, 61, 34, 1, 5),
(333, 57, 98, 1, 6),
(333, 56, 116, 4, 7),
(333, 5005, 100, 4, 8),
(333, 55, 135, 1, 9),
(333, 54, 149, 2, 10),
(333, 60, 104, 2, 11),
(333, 62, 118, 1, 12),
(333, 62, 109, 4, 13),
(333, 55, 129, 1, 14),
(333, 56, 122, 4, 15),
(333, 58, 112, 1, 16),
(333, 56, 121, 1, 17),
(333, 54, 135, 2, 18),
(333, 59, 121, 3, 19),
(333, 55, 123, 4, 20),
(333, 55, 126, 2, 21),
(333, 58, 113, 4, 22),
(333, 59, 132, 9, 23),
(334, 55, 72, 4, 1),
(334, 55, 71, 4, 2),
(334, 61, 63, 2, 3),
(334, 63, 151, 1, 4),
(334, 63, 150, 1, 5),
(334, 58, 51, 1, 6),
(334, 56, 116, 3, 7),
(334, 5005, 100, 3, 8),
(334, 61, 111, 4, 9),
(334, 55, 135, 2, 10),
(334, 60, 104, 2, 11),
(334, 62, 119, 1, 12),
(334, 62, 118, 1, 13),
(334, 62, 109, 3, 14),
(334, 54, 137, 1, 15),
(334, 59, 123, 1, 16),
(334, 62, 102, 4, 17),
(334, 55, 120, 1, 18),
(334, 54, 135, 1, 19),
(334, 63, 131, 1, 20),
(334, 59, 121, 3, 21),
(334, 57, 88, 1, 22),
(334, 61, 90, 3, 23),
(334, 58, 113, 2, 24),
(334, 61, 104, 4, 25),
(334, 59, 137, 6, 26),
(335, 61, 106, 4, 1),
(335, 56, 119, 2, 2),
(335, 58, 67, 2, 3),
(335, 56, 116, 4, 4),
(335, 5005, 100, 4, 5),
(335, 60, 104, 1, 6),
(335, 59, 129, 1, 7),
(335, 62, 119, 2, 8),
(335, 59, 115, 1, 9),
(335, 62, 118, 1, 10),
(335, 62, 109, 4, 11),
(335, 54, 137, 1, 12),
(335, 63, 122, 4, 13),
(335, 55, 117, 1, 14),
(335, 59, 125, 3, 15),
(335, 58, 111, 4, 16),
(335, 62, 97, 2, 17),
(335, 59, 121, 3, 18),
(335, 56, 99, 2, 19),
(335, 55, 123, 4, 20),
(335, 55, 126, 3, 21),
(335, 58, 113, 4, 22),
(335, 59, 134, 3, 23),
(336, 62, 114, 3, 1),
(336, 59, 55, 3, 2),
(336, 59, 54, 4, 3),
(336, 59, 43, 3, 4),
(336, 59, 42, 3, 5),
(336, 63, 21, 1, 6),
(336, 63, 20, 1, 7),
(336, 56, 47, 1, 8),
(336, 57, 98, 1, 9),
(336, 56, 116, 4, 10),
(336, 5005, 100, 3, 11),
(336, 55, 135, 1, 12),
(336, 63, 160, 1, 13),
(336, 60, 104, 2, 14),
(336, 62, 118, 1, 15),
(336, 62, 109, 3, 16),
(336, 54, 137, 1, 17),
(336, 56, 122, 4, 18),
(336, 59, 121, 3, 19),
(336, 56, 99, 3, 20),
(336, 63, 140, 1, 21),
(336, 55, 126, 2, 22),
(336, 58, 113, 4, 23),
(336, 62, 112, 4, 24),
(336, 59, 136, 3, 25),
(337, 62, 61, 4, 1),
(337, 62, 60, 4, 2),
(337, 62, 65, 2, 3),
(337, 55, 133, 1, 4),
(337, 62, 122, 2, 5),
(337, 54, 142, 1, 6),
(337, 56, 116, 4, 7),
(337, 5005, 100, 3, 8),
(337, 55, 135, 1, 9),
(337, 63, 160, 1, 10),
(337, 60, 104, 2, 11),
(337, 62, 119, 1, 12),
(337, 62, 109, 3, 13),
(337, 54, 137, 1, 14),
(337, 62, 92, 3, 15),
(337, 56, 122, 3, 16),
(337, 63, 136, 2, 17),
(337, 60, 96, 1, 18),
(337, 54, 135, 1, 19),
(337, 59, 121, 3, 20),
(337, 56, 99, 3, 21),
(337, 55, 123, 2, 22),
(337, 58, 113, 3, 23),
(337, 59, 139, 9, 24),
(338, 62, 26, 4, 1),
(338, 62, 44, 4, 2),
(338, 62, 42, 4, 3),
(338, 58, 139, 4, 4),
(338, 56, 47, 1, 5),
(338, 57, 98, 1, 6),
(338, 56, 116, 4, 7),
(338, 63, 160, 1, 8),
(338, 60, 104, 2, 9),
(338, 62, 109, 4, 10),
(338, 54, 137, 1, 11),
(338, 62, 92, 4, 12),
(338, 56, 122, 4, 13),
(338, 63, 122, 4, 14),
(338, 55, 117, 3, 15),
(338, 54, 136, 1, 16),
(338, 57, 88, 1, 17),
(338, 59, 119, 2, 18),
(338, 62, 93, 4, 19),
(338, 58, 113, 4, 20),
(338, 59, 137, 3, 21),
(339, 59, 144, 3, 1),
(339, 59, 78, 2, 2),
(339, 58, 88, 2, 3),
(339, 61, 106, 3, 4),
(339, 54, 142, 1, 5),
(339, 57, 98, 1, 6),
(339, 56, 116, 4, 7),
(339, 5005, 100, 4, 8),
(339, 55, 135, 1, 9),
(339, 56, 115, 1, 10),
(339, 60, 104, 3, 11),
(339, 62, 118, 1, 12),
(339, 62, 109, 3, 13),
(339, 54, 137, 1, 14),
(339, 56, 122, 4, 15),
(339, 59, 123, 1, 16),
(339, 58, 112, 2, 17),
(339, 62, 97, 2, 18),
(339, 59, 121, 3, 19),
(339, 55, 123, 4, 20),
(339, 55, 126, 2, 21),
(339, 58, 113, 4, 22),
(339, 59, 138, 8, 23),
(340, 59, 144, 3, 1),
(340, 59, 78, 2, 2),
(340, 58, 88, 1, 3),
(340, 61, 106, 2, 4),
(340, 54, 142, 1, 5),
(340, 56, 47, 1, 6),
(340, 57, 98, 1, 7),
(340, 56, 116, 4, 8),
(340, 5005, 100, 3, 9),
(340, 55, 135, 1, 10),
(340, 54, 149, 1, 11),
(340, 60, 104, 2, 12),
(340, 62, 117, 1, 13),
(340, 62, 118, 1, 14),
(340, 62, 109, 2, 15),
(340, 54, 137, 1, 16),
(340, 56, 122, 3, 17),
(340, 59, 123, 1, 18),
(340, 62, 94, 2, 19),
(340, 54, 135, 2, 20),
(340, 60, 97, 1, 21),
(340, 62, 97, 2, 22),
(340, 59, 121, 3, 23),
(340, 55, 123, 4, 24),
(340, 55, 126, 2, 25),
(340, 59, 126, 1, 26),
(340, 58, 113, 4, 27),
(340, 59, 138, 8, 28),
(341, 62, 26, 4, 1),
(341, 62, 44, 4, 2),
(341, 62, 42, 4, 3),
(341, 58, 139, 3, 4),
(341, 56, 117, 2, 5),
(341, 56, 47, 1, 6),
(341, 57, 98, 1, 7),
(341, 56, 116, 4, 8),
(341, 5005, 100, 2, 9),
(341, 63, 157, 1, 10),
(341, 63, 160, 1, 11),
(341, 60, 104, 1, 12),
(341, 62, 109, 4, 13),
(341, 54, 137, 1, 14),
(341, 62, 92, 4, 15),
(341, 56, 122, 3, 16),
(341, 63, 122, 4, 17),
(341, 55, 120, 1, 18),
(341, 59, 121, 3, 19),
(341, 62, 93, 4, 20),
(341, 58, 113, 4, 21),
(341, 59, 134, 4, 22),
(342, 61, 106, 4, 1),
(342, 58, 54, 1, 2),
(342, 62, 33, 3, 3),
(342, 62, 32, 4, 4),
(342, 55, 53, 4, 5),
(342, 57, 98, 1, 6),
(342, 56, 116, 4, 7),
(342, 5005, 100, 3, 8),
(342, 55, 135, 2, 9),
(342, 60, 104, 1, 10),
(342, 62, 119, 2, 11),
(342, 62, 117, 1, 12),
(342, 60, 105, 1, 13),
(342, 62, 118, 1, 14),
(342, 62, 109, 4, 15),
(342, 54, 137, 1, 16),
(342, 56, 122, 4, 17),
(342, 61, 100, 4, 18),
(342, 59, 121, 3, 19),
(342, 55, 123, 4, 20),
(342, 55, 126, 2, 21),
(342, 58, 113, 4, 22),
(342, 59, 134, 2, 23),
(343, 59, 144, 3, 1),
(343, 59, 78, 3, 2),
(343, 58, 88, 1, 3),
(343, 62, 33, 2, 4),
(343, 62, 32, 2, 5),
(343, 55, 53, 2, 6),
(343, 61, 106, 1, 7),
(343, 57, 98, 1, 8),
(343, 56, 116, 4, 9),
(343, 5005, 100, 3, 10),
(343, 55, 135, 2, 11),
(343, 60, 104, 2, 12),
(343, 62, 119, 1, 13),
(343, 62, 117, 1, 14),
(343, 62, 109, 2, 15),
(343, 54, 137, 1, 16),
(343, 56, 122, 3, 17),
(343, 59, 123, 1, 18),
(343, 58, 112, 2, 19),
(343, 55, 120, 1, 20),
(343, 59, 121, 3, 21),
(343, 55, 123, 4, 22),
(343, 55, 126, 2, 23),
(343, 63, 140, 1, 24),
(343, 58, 113, 4, 25),
(343, 59, 138, 8, 26),
(344, 61, 106, 3, 1),
(344, 62, 33, 3, 2),
(344, 62, 32, 4, 3),
(344, 55, 53, 4, 4),
(344, 61, 34, 1, 5),
(344, 57, 98, 1, 6),
(344, 56, 116, 4, 7),
(344, 5005, 100, 3, 8),
(344, 55, 135, 2, 9),
(344, 54, 149, 1, 10),
(344, 60, 104, 1, 11),
(344, 62, 119, 1, 12),
(344, 62, 117, 1, 13),
(344, 62, 118, 1, 14),
(344, 62, 109, 4, 15),
(344, 54, 137, 1, 16),
(344, 56, 122, 4, 17),
(344, 61, 100, 4, 18),
(344, 59, 121, 3, 19),
(344, 55, 123, 4, 20),
(344, 55, 126, 2, 21),
(344, 58, 113, 4, 22),
(344, 59, 134, 4, 23),
(345, 61, 106, 4, 1),
(345, 62, 69, 3, 2),
(345, 62, 68, 3, 3),
(345, 57, 97, 1, 4),
(345, 57, 98, 1, 5),
(345, 56, 116, 4, 6),
(345, 5005, 100, 2, 7),
(345, 55, 135, 1, 8),
(345, 60, 104, 2, 9),
(345, 59, 129, 1, 10),
(345, 62, 118, 1, 11),
(345, 62, 109, 3, 12),
(345, 54, 137, 1, 13),
(345, 56, 122, 4, 14),
(345, 58, 111, 3, 15),
(345, 62, 94, 2, 16),
(345, 61, 100, 2, 17),
(345, 62, 97, 2, 18),
(345, 59, 121, 3, 19),
(345, 56, 99, 1, 20),
(345, 55, 123, 4, 21),
(345, 55, 126, 2, 22),
(345, 55, 127, 2, 23),
(345, 58, 113, 4, 24),
(345, 59, 132, 4, 25),
(346, 55, 72, 3, 1),
(346, 55, 71, 3, 2),
(346, 61, 63, 2, 3),
(346, 59, 43, 2, 4),
(346, 59, 42, 3, 5),
(346, 58, 43, 1, 6),
(346, 57, 20, 1, 7),
(346, 56, 47, 1, 8),
(346, 56, 116, 4, 9),
(346, 5005, 100, 3, 10),
(346, 61, 111, 3, 11),
(346, 55, 135, 2, 12),
(346, 60, 104, 2, 13),
(346, 62, 109, 2, 14),
(346, 54, 137, 1, 15),
(346, 56, 122, 3, 16),
(346, 63, 136, 1, 17),
(346, 62, 102, 3, 18),
(346, 55, 120, 1, 19),
(346, 59, 121, 2, 20),
(346, 57, 88, 1, 21),
(346, 56, 99, 2, 22),
(346, 61, 90, 2, 23),
(346, 63, 140, 2, 24),
(346, 58, 113, 4, 25),
(346, 61, 104, 4, 26),
(346, 59, 137, 2, 27),
(347, 62, 26, 4, 1),
(347, 62, 44, 4, 2),
(347, 62, 42, 4, 3),
(347, 58, 139, 3, 4),
(347, 63, 119, 1, 5),
(347, 56, 117, 2, 6),
(347, 57, 98, 1, 7),
(347, 56, 116, 4, 8),
(347, 5005, 100, 1, 9),
(347, 63, 157, 1, 10),
(347, 60, 104, 2, 11),
(347, 62, 109, 4, 12),
(347, 54, 137, 1, 13),
(347, 62, 92, 4, 14),
(347, 56, 122, 4, 15),
(347, 63, 122, 4, 16),
(347, 54, 135, 1, 17),
(347, 59, 121, 2, 18),
(347, 57, 88, 1, 19),
(347, 62, 93, 4, 20),
(347, 58, 113, 4, 21),
(347, 59, 134, 4, 22),
(348, 59, 144, 3, 1),
(348, 59, 78, 3, 2),
(348, 61, 106, 2, 3),
(348, 58, 88, 1, 4),
(348, 61, 34, 1, 5),
(348, 57, 98, 1, 6),
(348, 56, 116, 4, 7),
(348, 5005, 100, 4, 8),
(348, 55, 135, 1, 9),
(348, 60, 104, 2, 10),
(348, 60, 105, 1, 11),
(348, 62, 118, 1, 12),
(348, 62, 109, 4, 13),
(348, 54, 137, 1, 14),
(348, 56, 122, 3, 15),
(348, 63, 122, 1, 16),
(348, 58, 112, 2, 17),
(348, 62, 94, 2, 18),
(348, 55, 120, 1, 19),
(348, 54, 135, 1, 20),
(348, 59, 121, 3, 21),
(348, 55, 123, 4, 22),
(348, 55, 126, 2, 23),
(348, 58, 113, 4, 24),
(348, 59, 138, 8, 25),
(349, 61, 106, 3, 1),
(349, 62, 113, 3, 2),
(349, 58, 54, 1, 3),
(349, 56, 119, 2, 4),
(349, 58, 67, 2, 5),
(349, 56, 116, 4, 6),
(349, 5005, 100, 4, 7),
(349, 55, 135, 2, 8),
(349, 54, 149, 2, 9),
(349, 60, 104, 3, 10),
(349, 62, 118, 1, 11),
(349, 62, 109, 2, 12),
(349, 54, 137, 1, 13),
(349, 56, 122, 3, 14),
(349, 54, 135, 2, 15),
(349, 62, 97, 3, 16),
(349, 59, 121, 3, 17),
(349, 56, 99, 3, 18),
(349, 55, 123, 4, 19),
(349, 55, 126, 2, 20),
(349, 58, 113, 4, 21),
(349, 59, 135, 6, 22),
(350, 63, 149, 3, 1),
(350, 63, 148, 3, 2),
(350, 61, 106, 1, 3),
(350, 54, 142, 2, 4),
(350, 57, 20, 2, 5),
(350, 57, 98, 1, 6),
(350, 56, 116, 4, 7),
(350, 5005, 100, 4, 8),
(350, 55, 135, 2, 9),
(350, 54, 149, 2, 10),
(350, 60, 104, 2, 11),
(350, 60, 105, 1, 12),
(350, 62, 109, 3, 13),
(350, 54, 137, 1, 14),
(350, 63, 161, 2, 15),
(350, 56, 122, 2, 16),
(350, 59, 123, 2, 17),
(350, 57, 80, 1, 18),
(350, 63, 132, 3, 19),
(350, 56, 99, 3, 20),
(350, 63, 137, 3, 21),
(350, 63, 139, 1, 22),
(350, 58, 113, 2, 23),
(350, 59, 134, 10, 24),
(351, 54, 144, 2, 1),
(351, 61, 107, 1, 2),
(351, 61, 63, 3, 3),
(351, 62, 33, 4, 4),
(351, 62, 32, 4, 5),
(351, 55, 53, 4, 6),
(351, 56, 116, 4, 7),
(351, 5005, 100, 2, 8),
(351, 63, 159, 2, 9),
(351, 61, 111, 2, 10),
(351, 55, 135, 1, 11),
(351, 60, 104, 2, 12),
(351, 62, 118, 1, 13),
(351, 62, 109, 2, 14),
(351, 54, 137, 1, 15),
(351, 56, 122, 2, 16),
(351, 63, 136, 2, 17),
(351, 59, 123, 1, 18),
(351, 62, 94, 1, 19),
(351, 61, 100, 3, 20),
(351, 54, 135, 1, 21),
(351, 60, 97, 1, 22),
(351, 59, 121, 3, 23),
(351, 61, 90, 3, 24),
(351, 61, 104, 4, 25),
(351, 59, 137, 4, 26),
(352, 62, 61, 3, 1),
(352, 62, 60, 4, 2),
(352, 62, 65, 2, 3),
(352, 55, 133, 1, 4),
(352, 62, 122, 2, 5),
(352, 62, 63, 1, 6),
(352, 58, 54, 1, 7),
(352, 61, 34, 1, 8),
(352, 54, 142, 1, 9),
(352, 57, 98, 1, 10),
(352, 56, 116, 4, 11),
(352, 5005, 100, 4, 12),
(352, 55, 135, 1, 13),
(352, 60, 104, 2, 14),
(352, 62, 119, 1, 15),
(352, 62, 117, 1, 16),
(352, 62, 118, 1, 17),
(352, 62, 109, 3, 18),
(352, 54, 137, 1, 19),
(352, 56, 122, 4, 20),
(352, 56, 121, 1, 21),
(352, 60, 97, 1, 22),
(352, 59, 121, 3, 23),
(352, 56, 99, 2, 24),
(352, 62, 105, 2, 25),
(352, 58, 113, 4, 26),
(352, 59, 139, 8, 27),
(353, 63, 151, 2, 1),
(353, 63, 150, 2, 2),
(353, 60, 40, 3, 3),
(353, 54, 62, 4, 4),
(353, 60, 38, 4, 5),
(353, 63, 147, 2, 6),
(353, 56, 47, 1, 7),
(353, 56, 116, 4, 8),
(353, 5005, 100, 3, 9),
(353, 61, 111, 4, 10),
(353, 55, 135, 4, 11),
(353, 60, 104, 1, 12),
(353, 62, 119, 1, 13),
(353, 62, 118, 1, 14),
(353, 62, 109, 2, 15),
(353, 54, 137, 1, 16),
(353, 56, 122, 3, 17),
(353, 54, 136, 1, 18),
(353, 55, 120, 1, 19),
(353, 56, 121, 3, 20),
(353, 61, 91, 2, 21),
(353, 59, 117, 2, 22),
(353, 63, 140, 1, 23),
(353, 59, 131, 3, 24),
(353, 55, 127, 1, 25),
(353, 61, 104, 4, 26),
(354, 63, 149, 3, 1),
(354, 63, 148, 3, 2),
(354, 54, 142, 2, 3),
(354, 56, 31, 1, 4),
(354, 57, 20, 1, 5),
(354, 56, 116, 4, 6),
(354, 5005, 100, 4, 7),
(354, 55, 135, 1, 8),
(354, 54, 149, 2, 9),
(354, 60, 104, 2, 10),
(354, 62, 118, 1, 11),
(354, 62, 109, 4, 12),
(354, 54, 137, 1, 13),
(354, 63, 161, 4, 14),
(354, 59, 123, 2, 15),
(354, 57, 80, 1, 16),
(354, 56, 121, 1, 17),
(354, 55, 120, 1, 18),
(354, 63, 132, 3, 19),
(354, 56, 99, 3, 20),
(354, 63, 137, 2, 21),
(354, 63, 139, 2, 22),
(354, 58, 113, 2, 23),
(354, 59, 134, 10, 24),
(355, 59, 144, 3, 1),
(355, 59, 78, 2, 2),
(355, 58, 88, 1, 3),
(355, 61, 106, 2, 4),
(355, 58, 54, 1, 5),
(355, 61, 34, 1, 6),
(355, 57, 98, 1, 7),
(355, 56, 116, 4, 8),
(355, 5005, 100, 4, 9),
(355, 55, 135, 1, 10),
(355, 60, 104, 2, 11),
(355, 62, 118, 1, 12),
(355, 62, 109, 4, 13),
(355, 54, 137, 1, 14),
(355, 62, 92, 1, 15),
(355, 56, 122, 3, 16),
(355, 59, 123, 1, 17),
(355, 63, 122, 4, 18),
(355, 55, 120, 1, 19),
(355, 54, 135, 1, 20),
(355, 59, 121, 3, 21),
(355, 55, 123, 4, 22),
(355, 55, 126, 2, 23),
(355, 58, 113, 4, 24),
(355, 59, 138, 8, 25),
(356, 62, 26, 4, 1),
(356, 62, 44, 4, 2),
(356, 62, 42, 4, 3),
(356, 58, 139, 3, 4),
(356, 56, 117, 1, 5),
(356, 56, 47, 1, 6),
(356, 57, 98, 1, 7),
(356, 56, 116, 4, 8),
(356, 5005, 100, 2, 9),
(356, 63, 157, 1, 10),
(356, 60, 104, 1, 11),
(356, 62, 118, 1, 12),
(356, 54, 137, 1, 13),
(356, 62, 109, 4, 14),
(356, 62, 92, 4, 15),
(356, 56, 122, 4, 16),
(356, 63, 122, 4, 17),
(356, 55, 120, 1, 18),
(356, 59, 121, 2, 19),
(356, 57, 88, 1, 20),
(356, 59, 119, 1, 21),
(356, 62, 93, 4, 22),
(356, 58, 113, 4, 23),
(356, 59, 134, 3, 24),
(357, 57, 96, 3, 1),
(357, 61, 106, 3, 2),
(357, 58, 54, 2, 3),
(357, 55, 131, 1, 4),
(357, 61, 34, 1, 5),
(357, 57, 98, 1, 6),
(357, 56, 116, 4, 7),
(357, 5005, 100, 3, 8),
(357, 55, 135, 1, 9),
(357, 54, 149, 2, 10),
(357, 60, 104, 2, 11),
(357, 62, 118, 1, 12),
(357, 62, 109, 3, 13),
(357, 55, 130, 1, 14),
(357, 56, 122, 4, 15),
(357, 61, 100, 3, 16),
(357, 54, 135, 2, 17),
(357, 59, 121, 4, 18),
(357, 55, 123, 4, 19),
(357, 55, 126, 2, 20),
(357, 58, 113, 4, 21),
(357, 59, 132, 9, 22),
(358, 59, 93, 2, 1),
(358, 59, 92, 3, 2),
(358, 61, 106, 3, 3),
(358, 62, 115, 1, 4),
(358, 59, 144, 1, 5),
(358, 58, 88, 1, 6),
(358, 57, 97, 1, 7),
(358, 54, 142, 1, 8),
(358, 57, 98, 1, 9),
(358, 56, 116, 4, 10),
(358, 5005, 100, 3, 11),
(358, 55, 135, 1, 12),
(358, 54, 149, 1, 13),
(358, 60, 106, 2, 14),
(358, 60, 104, 1, 15),
(358, 62, 119, 1, 16),
(358, 62, 117, 1, 17),
(358, 62, 118, 1, 18),
(358, 62, 109, 4, 19);
INSERT INTO `decks_lists` (`deck_id`, `set_id`, `card_number`, `quantity`, `card_order`) VALUES
(358, 54, 137, 1, 20),
(358, 56, 122, 3, 21),
(358, 56, 121, 3, 22),
(358, 59, 121, 2, 23),
(358, 55, 123, 4, 24),
(358, 55, 126, 2, 25),
(358, 58, 113, 4, 26),
(358, 59, 131, 4, 27),
(358, 59, 140, 4, 28),
(359, 54, 144, 3, 1),
(359, 61, 107, 1, 2),
(359, 61, 63, 3, 3),
(359, 62, 33, 3, 4),
(359, 62, 32, 4, 5),
(359, 55, 53, 4, 6),
(359, 57, 98, 1, 7),
(359, 56, 116, 4, 8),
(359, 5005, 100, 3, 9),
(359, 61, 111, 3, 10),
(359, 55, 135, 1, 11),
(359, 60, 104, 1, 12),
(359, 62, 117, 1, 13),
(359, 62, 109, 3, 14),
(359, 57, 95, 1, 15),
(359, 56, 122, 3, 16),
(359, 59, 123, 1, 17),
(359, 61, 100, 4, 18),
(359, 60, 97, 1, 19),
(359, 59, 121, 3, 20),
(359, 61, 90, 3, 21),
(359, 61, 104, 4, 22),
(359, 59, 137, 5, 23),
(360, 54, 144, 3, 1),
(360, 61, 107, 1, 2),
(360, 61, 63, 3, 3),
(360, 62, 33, 3, 4),
(360, 62, 32, 4, 5),
(360, 55, 53, 4, 6),
(360, 57, 98, 1, 7),
(360, 56, 116, 4, 8),
(360, 5005, 100, 3, 9),
(360, 61, 111, 3, 10),
(360, 55, 135, 1, 11),
(360, 60, 104, 2, 12),
(360, 62, 117, 1, 13),
(360, 62, 109, 3, 14),
(360, 57, 95, 1, 15),
(360, 56, 122, 3, 16),
(360, 59, 123, 1, 17),
(360, 61, 100, 3, 18),
(360, 60, 97, 1, 19),
(360, 59, 121, 3, 20),
(360, 61, 90, 3, 21),
(360, 61, 104, 4, 22),
(360, 59, 137, 5, 23),
(361, 55, 72, 4, 1),
(361, 55, 71, 4, 2),
(361, 61, 63, 3, 3),
(361, 63, 151, 1, 4),
(361, 63, 150, 1, 5),
(361, 56, 47, 1, 6),
(361, 56, 116, 3, 7),
(361, 5005, 100, 3, 8),
(361, 61, 111, 4, 9),
(361, 55, 135, 2, 10),
(361, 63, 160, 1, 11),
(361, 60, 104, 2, 12),
(361, 62, 118, 1, 13),
(361, 62, 109, 3, 14),
(361, 54, 137, 1, 15),
(361, 59, 123, 1, 16),
(361, 62, 102, 4, 17),
(361, 54, 135, 1, 18),
(361, 63, 131, 1, 19),
(361, 59, 121, 3, 20),
(361, 57, 88, 1, 21),
(361, 61, 90, 3, 22),
(361, 58, 113, 2, 23),
(361, 61, 104, 4, 24),
(361, 59, 137, 6, 25),
(362, 57, 97, 3, 1),
(362, 57, 96, 3, 2),
(362, 58, 139, 2, 3),
(362, 61, 106, 1, 4),
(362, 57, 98, 1, 5),
(362, 56, 116, 4, 6),
(362, 5005, 100, 4, 7),
(362, 54, 149, 3, 8),
(362, 56, 102, 2, 9),
(362, 60, 104, 1, 10),
(362, 62, 118, 1, 11),
(362, 62, 109, 1, 12),
(362, 57, 92, 1, 13),
(362, 56, 122, 4, 14),
(362, 59, 123, 1, 15),
(362, 58, 112, 3, 16),
(362, 54, 135, 3, 17),
(362, 60, 97, 1, 18),
(362, 61, 101, 1, 19),
(362, 59, 121, 3, 20),
(362, 62, 93, 3, 21),
(362, 55, 127, 4, 22),
(362, 59, 132, 10, 23),
(363, 61, 106, 4, 1),
(363, 62, 69, 3, 2),
(363, 62, 68, 3, 3),
(363, 61, 37, 2, 4),
(363, 57, 98, 1, 5),
(363, 56, 116, 4, 6),
(363, 5005, 100, 3, 7),
(363, 60, 104, 2, 8),
(363, 62, 119, 2, 9),
(363, 59, 115, 1, 10),
(363, 62, 118, 1, 11),
(363, 62, 109, 4, 12),
(363, 54, 137, 1, 13),
(363, 56, 122, 2, 14),
(363, 58, 111, 4, 15),
(363, 62, 94, 1, 16),
(363, 55, 120, 1, 17),
(363, 62, 97, 2, 18),
(363, 59, 121, 3, 19),
(363, 56, 99, 2, 20),
(363, 55, 123, 4, 21),
(363, 55, 126, 3, 22),
(363, 58, 113, 4, 23),
(363, 59, 134, 3, 24),
(364, 57, 96, 3, 1),
(364, 61, 106, 3, 2),
(364, 58, 54, 2, 3),
(364, 56, 47, 1, 4),
(364, 57, 98, 1, 5),
(364, 56, 116, 4, 6),
(364, 5005, 100, 4, 7),
(364, 60, 104, 2, 8),
(364, 62, 118, 1, 9),
(364, 62, 109, 4, 10),
(364, 54, 137, 1, 11),
(364, 56, 122, 3, 12),
(364, 63, 122, 3, 13),
(364, 58, 112, 2, 14),
(364, 56, 121, 1, 15),
(364, 54, 135, 3, 16),
(364, 59, 121, 3, 17),
(364, 55, 123, 4, 18),
(364, 55, 126, 2, 19),
(364, 58, 113, 4, 20),
(364, 59, 132, 9, 21),
(365, 59, 144, 3, 1),
(365, 59, 78, 1, 2),
(365, 58, 88, 1, 3),
(365, 56, 119, 2, 4),
(365, 58, 67, 2, 5),
(365, 61, 106, 2, 6),
(365, 57, 98, 1, 7),
(365, 56, 116, 4, 8),
(365, 5005, 100, 4, 9),
(365, 55, 135, 2, 10),
(365, 60, 104, 2, 11),
(365, 62, 118, 1, 12),
(365, 62, 109, 4, 13),
(365, 54, 137, 1, 14),
(365, 56, 122, 3, 15),
(365, 55, 120, 2, 16),
(365, 62, 97, 2, 17),
(365, 59, 121, 3, 18),
(365, 56, 99, 2, 19),
(365, 55, 123, 4, 20),
(365, 55, 126, 3, 21),
(365, 58, 113, 4, 22),
(365, 59, 138, 7, 23),
(366, 1, 20, 4, 1),
(366, 2, 10, 4, 2),
(366, 2, 9, 1, 3),
(366, 2, 47, 1, 4),
(366, 3, 3, 3, 5),
(366, 1, 88, 3, 6),
(366, 1, 91, 3, 7),
(366, 1, 71, 1, 8),
(366, 1, 81, 1, 9),
(366, 1, 79, 4, 10),
(366, 1, 92, 4, 11),
(366, 1, 93, 3, 12),
(366, 1, 94, 3, 13),
(366, 1, 96, 4, 14),
(366, 1, 100, 11, 15),
(366, 1, 99, 10, 16),
(367, 1, 20, 4, 1),
(367, 2, 10, 4, 2),
(367, 2, 34, 2, 3),
(367, 1, 48, 3, 4),
(367, 1, 88, 3, 5),
(367, 1, 91, 4, 6),
(367, 1, 71, 2, 7),
(367, 1, 81, 2, 8),
(367, 1, 79, 4, 9),
(367, 1, 92, 2, 10),
(367, 1, 93, 4, 11),
(367, 1, 84, 4, 12),
(367, 1, 95, 1, 13),
(367, 1, 96, 4, 14),
(367, 1, 100, 17, 15),
(368, 1, 7, 4, 1),
(368, 3, 39, 4, 2),
(368, 2, 10, 4, 3),
(368, 1, 88, 3, 4),
(368, 1, 91, 1, 5),
(368, 1, 71, 2, 6),
(368, 1, 74, 2, 7),
(368, 1, 81, 2, 8),
(368, 1, 79, 3, 9),
(368, 1, 92, 4, 10),
(368, 1, 93, 3, 11),
(368, 1, 84, 4, 12),
(368, 1, 78, 2, 13),
(368, 1, 95, 2, 14),
(368, 1, 96, 4, 15),
(368, 1, 97, 8, 16),
(368, 1, 98, 8, 17),
(369, 1, 7, 4, 1),
(369, 3, 39, 4, 2),
(369, 2, 10, 3, 3),
(369, 1, 27, 1, 4),
(369, 1, 88, 3, 5),
(369, 1, 91, 4, 6),
(369, 1, 71, 1, 7),
(369, 1, 74, 2, 8),
(369, 1, 81, 1, 9),
(369, 1, 79, 2, 10),
(369, 1, 92, 4, 11),
(369, 1, 93, 4, 12),
(369, 1, 84, 4, 13),
(369, 1, 96, 4, 14),
(369, 1, 97, 13, 15),
(369, 1, 98, 6, 16),
(370, 57, 97, 3, 1),
(370, 57, 96, 4, 2),
(370, 56, 111, 1, 3),
(370, 56, 47, 1, 4),
(370, 57, 98, 1, 5),
(370, 56, 116, 4, 6),
(370, 5005, 100, 3, 7),
(370, 55, 135, 1, 8),
(370, 54, 149, 4, 9),
(370, 56, 102, 1, 10),
(370, 62, 119, 1, 11),
(370, 62, 118, 1, 12),
(370, 62, 109, 3, 13),
(370, 57, 92, 1, 14),
(370, 56, 122, 3, 15),
(370, 59, 123, 1, 16),
(370, 58, 112, 3, 17),
(370, 62, 94, 2, 18),
(370, 55, 120, 1, 19),
(370, 54, 135, 2, 20),
(370, 62, 97, 2, 21),
(370, 59, 121, 3, 22),
(370, 55, 127, 4, 23),
(370, 59, 132, 10, 24),
(371, 57, 97, 3, 1),
(371, 57, 96, 4, 2),
(371, 56, 111, 1, 3),
(371, 56, 47, 1, 4),
(371, 57, 98, 1, 5),
(371, 56, 116, 4, 6),
(371, 5005, 100, 3, 7),
(371, 55, 135, 1, 8),
(371, 54, 149, 4, 9),
(371, 56, 102, 1, 10),
(371, 62, 119, 1, 11),
(371, 62, 118, 1, 12),
(371, 62, 109, 3, 13),
(371, 57, 92, 1, 14),
(371, 56, 122, 3, 15),
(371, 59, 123, 1, 16),
(371, 58, 112, 3, 17),
(371, 62, 94, 2, 18),
(371, 55, 120, 1, 19),
(371, 54, 135, 2, 20),
(371, 62, 97, 2, 21),
(371, 59, 121, 3, 22),
(371, 55, 127, 4, 23),
(371, 59, 132, 10, 24),
(372, 61, 106, 4, 1),
(372, 62, 69, 3, 2),
(372, 62, 68, 3, 3),
(372, 63, 145, 1, 4),
(372, 57, 98, 1, 5),
(372, 56, 116, 4, 6),
(372, 5005, 100, 3, 7),
(372, 55, 135, 1, 8),
(372, 63, 160, 1, 9),
(372, 54, 149, 1, 10),
(372, 60, 104, 1, 11),
(372, 59, 129, 1, 12),
(372, 62, 119, 1, 13),
(372, 59, 115, 1, 14),
(372, 60, 105, 1, 15),
(372, 62, 118, 1, 16),
(372, 62, 109, 3, 17),
(372, 54, 137, 1, 18),
(372, 56, 122, 3, 19),
(372, 58, 111, 3, 20),
(372, 62, 94, 2, 21),
(372, 54, 135, 1, 22),
(372, 62, 97, 2, 23),
(372, 59, 121, 2, 24),
(372, 56, 99, 2, 25),
(372, 55, 123, 4, 26),
(372, 55, 126, 2, 27),
(372, 63, 140, 1, 28),
(372, 58, 113, 4, 29),
(372, 59, 132, 2, 30),
(373, 55, 72, 4, 1),
(373, 55, 71, 4, 2),
(373, 61, 63, 4, 3),
(373, 63, 151, 1, 4),
(373, 63, 150, 1, 5),
(373, 56, 116, 4, 6),
(373, 5005, 100, 3, 7),
(373, 61, 111, 4, 8),
(373, 55, 135, 1, 9),
(373, 63, 160, 1, 10),
(373, 60, 104, 2, 11),
(373, 62, 118, 1, 12),
(373, 62, 109, 3, 13),
(373, 54, 137, 1, 14),
(373, 59, 123, 1, 15),
(373, 62, 102, 4, 16),
(373, 54, 135, 1, 17),
(373, 63, 131, 1, 18),
(373, 59, 121, 3, 19),
(373, 57, 88, 1, 20),
(373, 61, 90, 3, 21),
(373, 63, 140, 1, 22),
(373, 58, 113, 2, 23),
(373, 61, 104, 4, 24),
(373, 59, 137, 5, 25),
(374, 59, 144, 3, 1),
(374, 59, 78, 2, 2),
(374, 58, 88, 1, 3),
(374, 61, 106, 2, 4),
(374, 54, 142, 1, 5),
(374, 57, 98, 1, 6),
(374, 56, 116, 4, 7),
(374, 5005, 100, 4, 8),
(374, 55, 135, 2, 9),
(374, 60, 104, 2, 10),
(374, 62, 119, 1, 11),
(374, 62, 118, 1, 12),
(374, 62, 109, 3, 13),
(374, 54, 137, 1, 14),
(374, 56, 122, 3, 15),
(374, 59, 123, 1, 16),
(374, 62, 94, 2, 17),
(374, 54, 135, 2, 18),
(374, 60, 97, 1, 19),
(374, 62, 97, 2, 20),
(374, 59, 121, 3, 21),
(374, 55, 123, 4, 22),
(374, 55, 126, 2, 23),
(374, 58, 113, 4, 24),
(374, 59, 138, 8, 25),
(375, 63, 81, 4, 1),
(375, 63, 79, 4, 2),
(375, 61, 63, 3, 3),
(375, 54, 144, 1, 4),
(375, 61, 58, 2, 5),
(375, 54, 141, 1, 6),
(375, 57, 98, 1, 7),
(375, 56, 116, 4, 8),
(375, 5005, 100, 3, 9),
(375, 61, 111, 3, 10),
(375, 55, 135, 1, 11),
(375, 60, 104, 2, 12),
(375, 62, 118, 1, 13),
(375, 62, 109, 4, 14),
(375, 54, 137, 1, 15),
(375, 56, 122, 2, 16),
(375, 63, 136, 2, 17),
(375, 59, 123, 1, 18),
(375, 55, 120, 1, 19),
(375, 54, 135, 1, 20),
(375, 59, 121, 2, 21),
(375, 57, 88, 3, 22),
(375, 61, 90, 4, 23),
(375, 61, 104, 4, 24),
(375, 59, 137, 5, 25),
(376, 56, 117, 4, 1),
(376, 58, 34, 3, 2),
(376, 58, 121, 4, 3),
(376, 63, 36, 2, 4),
(376, 63, 33, 2, 5),
(376, 62, 69, 1, 6),
(376, 59, 94, 1, 7),
(376, 61, 34, 1, 8),
(376, 56, 47, 1, 9),
(376, 57, 98, 1, 10),
(376, 56, 116, 4, 11),
(376, 5005, 100, 4, 12),
(376, 63, 160, 1, 13),
(376, 60, 104, 1, 14),
(376, 62, 119, 1, 15),
(376, 60, 105, 1, 16),
(376, 62, 118, 2, 17),
(376, 62, 109, 3, 18),
(376, 56, 107, 1, 19),
(376, 63, 161, 4, 20),
(376, 56, 122, 3, 21),
(376, 59, 123, 1, 22),
(376, 57, 105, 4, 23),
(376, 56, 121, 1, 24),
(376, 59, 119, 1, 25),
(376, 56, 99, 2, 26),
(376, 59, 134, 6, 27),
(377, 56, 5, 4, 1),
(377, 56, 4, 3, 2),
(377, 57, 96, 1, 3),
(377, 57, 97, 1, 4),
(377, 60, 71, 1, 5),
(377, 60, 44, 1, 6),
(377, 56, 117, 1, 7),
(377, 56, 47, 1, 8),
(377, 57, 98, 1, 9),
(377, 56, 116, 4, 10),
(377, 63, 157, 1, 11),
(377, 59, 129, 1, 12),
(377, 62, 118, 1, 13),
(377, 62, 109, 4, 14),
(377, 54, 137, 1, 15),
(377, 62, 92, 4, 16),
(377, 56, 122, 4, 17),
(377, 63, 122, 2, 18),
(377, 54, 136, 1, 19),
(377, 58, 111, 4, 20),
(377, 54, 135, 1, 21),
(377, 62, 97, 1, 22),
(377, 59, 121, 3, 23),
(377, 55, 123, 4, 24),
(377, 55, 126, 2, 25),
(377, 55, 127, 3, 26),
(377, 59, 132, 5, 27),
(378, 56, 5, 4, 1),
(378, 56, 4, 3, 2),
(378, 57, 96, 1, 3),
(378, 57, 97, 1, 4),
(378, 60, 71, 1, 5),
(378, 60, 44, 1, 6),
(378, 56, 117, 1, 7),
(378, 56, 47, 1, 8),
(378, 57, 98, 1, 9),
(378, 56, 116, 4, 10),
(378, 63, 157, 1, 11),
(378, 59, 129, 1, 12),
(378, 62, 118, 1, 13),
(378, 62, 109, 4, 14),
(378, 54, 137, 1, 15),
(378, 62, 92, 4, 16),
(378, 56, 122, 4, 17),
(378, 63, 122, 2, 18),
(378, 54, 136, 1, 19),
(378, 58, 111, 4, 20),
(378, 54, 135, 1, 21),
(378, 62, 97, 1, 22),
(378, 59, 121, 3, 23),
(378, 55, 123, 4, 24),
(378, 55, 126, 2, 25),
(378, 55, 127, 3, 26),
(378, 59, 132, 5, 27),
(379, 54, 144, 2, 1),
(379, 61, 107, 2, 2),
(379, 61, 63, 3, 3),
(379, 62, 33, 3, 4),
(379, 62, 32, 4, 5),
(379, 55, 53, 4, 6),
(379, 57, 98, 1, 7),
(379, 56, 116, 4, 8),
(379, 5005, 100, 2, 9),
(379, 61, 111, 1, 10),
(379, 55, 135, 2, 11),
(379, 60, 104, 2, 12),
(379, 62, 118, 1, 13),
(379, 62, 109, 3, 14),
(379, 57, 95, 1, 15),
(379, 56, 122, 3, 16),
(379, 63, 136, 1, 17),
(379, 59, 123, 1, 18),
(379, 61, 100, 3, 19),
(379, 55, 120, 1, 20),
(379, 59, 121, 3, 21),
(379, 61, 90, 3, 22),
(379, 63, 140, 1, 23),
(379, 61, 104, 4, 24),
(379, 59, 137, 5, 25),
(380, 61, 106, 4, 1),
(380, 58, 54, 1, 2),
(380, 62, 33, 4, 3),
(380, 62, 32, 4, 4),
(380, 55, 53, 4, 5),
(380, 57, 98, 1, 6),
(380, 56, 116, 4, 7),
(380, 5005, 100, 4, 8),
(380, 55, 135, 2, 9),
(380, 60, 104, 2, 10),
(380, 62, 117, 1, 11),
(380, 62, 109, 3, 12),
(380, 54, 137, 1, 13),
(380, 56, 122, 4, 14),
(380, 63, 136, 1, 15),
(380, 61, 100, 3, 16),
(380, 59, 121, 3, 17),
(380, 55, 123, 4, 18),
(380, 55, 126, 2, 19),
(380, 58, 113, 4, 20),
(380, 59, 134, 4, 21),
(381, 63, 156, 2, 1),
(381, 63, 155, 3, 2),
(381, 59, 96, 3, 3),
(381, 59, 93, 3, 4),
(381, 59, 92, 3, 5),
(381, 54, 142, 1, 6),
(381, 58, 87, 1, 7),
(381, 57, 98, 1, 8),
(381, 56, 116, 4, 9),
(381, 5005, 100, 3, 10),
(381, 55, 135, 2, 11),
(381, 60, 104, 2, 12),
(381, 62, 118, 1, 13),
(381, 62, 109, 3, 14),
(381, 54, 137, 1, 15),
(381, 56, 122, 4, 16),
(381, 56, 121, 3, 17),
(381, 60, 97, 1, 18),
(381, 63, 130, 3, 19),
(381, 59, 117, 4, 20),
(381, 59, 140, 12, 21),
(382, 62, 26, 4, 1),
(382, 62, 44, 4, 2),
(382, 62, 42, 4, 3),
(382, 58, 139, 2, 4),
(382, 56, 117, 2, 5),
(382, 57, 98, 1, 6),
(382, 56, 116, 4, 7),
(382, 5005, 100, 3, 8),
(382, 63, 157, 2, 9),
(382, 63, 160, 1, 10),
(382, 60, 104, 2, 11),
(382, 62, 119, 1, 12),
(382, 62, 118, 1, 13),
(382, 62, 109, 3, 14),
(382, 54, 137, 1, 15),
(382, 62, 92, 4, 16),
(382, 56, 122, 4, 17),
(382, 63, 122, 3, 18),
(382, 54, 136, 1, 19),
(382, 59, 121, 2, 20),
(382, 62, 93, 4, 21),
(382, 58, 113, 4, 22),
(382, 59, 134, 3, 23),
(383, 62, 61, 3, 1),
(383, 62, 60, 4, 2),
(383, 62, 65, 2, 3),
(383, 62, 122, 2, 4),
(383, 62, 63, 1, 5),
(383, 58, 54, 2, 6),
(383, 54, 142, 1, 7),
(383, 57, 98, 1, 8),
(383, 56, 116, 4, 9),
(383, 5005, 100, 4, 10),
(383, 55, 135, 2, 11),
(383, 60, 104, 2, 12),
(383, 62, 119, 1, 13),
(383, 62, 109, 4, 14),
(383, 54, 137, 1, 15),
(383, 62, 92, 2, 16),
(383, 56, 122, 4, 17),
(383, 55, 120, 1, 18),
(383, 60, 97, 1, 19),
(383, 59, 121, 3, 20),
(383, 56, 99, 3, 21),
(383, 58, 113, 4, 22),
(383, 59, 139, 8, 23),
(384, 55, 72, 3, 1),
(384, 55, 71, 4, 2),
(384, 61, 63, 3, 3),
(384, 56, 116, 4, 4),
(384, 63, 160, 4, 5),
(384, 60, 104, 2, 6),
(384, 62, 118, 2, 7),
(384, 62, 109, 4, 8),
(384, 56, 107, 1, 9),
(384, 56, 122, 4, 10),
(384, 63, 122, 4, 11),
(384, 55, 117, 4, 12),
(384, 59, 125, 3, 13),
(384, 62, 102, 4, 14),
(384, 55, 120, 1, 15),
(384, 59, 121, 3, 16),
(384, 57, 88, 1, 17),
(384, 61, 90, 2, 18),
(384, 58, 113, 1, 19),
(384, 61, 104, 4, 20),
(384, 59, 137, 2, 21),
(385, 59, 144, 3, 1),
(385, 59, 78, 2, 2),
(385, 58, 88, 1, 3),
(385, 61, 106, 3, 4),
(385, 54, 142, 1, 5),
(385, 58, 87, 1, 6),
(385, 57, 98, 1, 7),
(385, 56, 116, 4, 8),
(385, 5005, 100, 3, 9),
(385, 63, 159, 2, 10),
(385, 55, 135, 2, 11),
(385, 60, 104, 2, 12),
(385, 59, 129, 1, 13),
(385, 60, 105, 1, 14),
(385, 62, 118, 1, 15),
(385, 62, 109, 3, 16),
(385, 54, 137, 1, 17),
(385, 56, 122, 3, 18),
(385, 58, 112, 3, 19),
(385, 55, 120, 1, 20),
(385, 59, 121, 3, 21),
(385, 55, 123, 4, 22),
(385, 55, 126, 2, 23),
(385, 58, 113, 4, 24),
(385, 59, 138, 8, 25),
(386, 56, 12, 4, 1),
(386, 56, 11, 3, 2),
(386, 56, 90, 3, 3),
(386, 61, 80, 1, 4),
(386, 56, 117, 2, 5),
(386, 62, 69, 1, 6),
(386, 62, 68, 1, 7),
(386, 54, 108, 2, 8),
(386, 54, 126, 2, 9),
(386, 56, 47, 1, 10),
(386, 57, 98, 2, 11),
(386, 56, 4, 2, 12),
(386, 56, 116, 3, 13),
(386, 5005, 100, 1, 14),
(386, 63, 157, 1, 15),
(386, 60, 104, 1, 16),
(386, 62, 118, 1, 17),
(386, 62, 109, 4, 18),
(386, 54, 137, 1, 19),
(386, 62, 92, 4, 20),
(386, 56, 122, 4, 21),
(386, 63, 122, 4, 22),
(386, 54, 136, 1, 23),
(386, 57, 88, 2, 24),
(386, 56, 99, 1, 25),
(386, 61, 102, 1, 26),
(386, 58, 113, 4, 27),
(386, 59, 134, 2, 28),
(386, 59, 132, 1, 29),
(387, 62, 120, 3, 1),
(387, 62, 113, 4, 2),
(387, 61, 106, 2, 3),
(387, 57, 20, 3, 4),
(387, 57, 98, 1, 5),
(387, 56, 116, 4, 6),
(387, 5005, 100, 3, 7),
(387, 55, 135, 2, 8),
(387, 54, 149, 3, 9),
(387, 60, 104, 2, 10),
(387, 62, 119, 1, 11),
(387, 62, 118, 1, 12),
(387, 62, 109, 4, 13),
(387, 54, 137, 1, 14),
(387, 56, 122, 3, 15),
(387, 59, 123, 1, 16),
(387, 56, 121, 1, 17),
(387, 54, 135, 2, 18),
(387, 61, 101, 1, 19),
(387, 62, 100, 3, 20),
(387, 63, 137, 4, 21),
(387, 58, 113, 3, 22),
(387, 59, 135, 5, 23),
(387, 59, 134, 3, 24),
(388, 55, 72, 4, 1),
(388, 55, 71, 4, 2),
(388, 61, 63, 4, 3),
(388, 61, 34, 1, 4),
(388, 56, 47, 1, 5),
(388, 56, 116, 4, 6),
(388, 5005, 100, 4, 7),
(388, 61, 111, 4, 8),
(388, 55, 135, 3, 9),
(388, 60, 104, 2, 10),
(388, 62, 118, 1, 11),
(388, 62, 109, 3, 12),
(388, 54, 137, 1, 13),
(388, 63, 136, 1, 14),
(388, 62, 102, 4, 15),
(388, 59, 121, 2, 16),
(388, 57, 88, 2, 17),
(388, 61, 90, 3, 18),
(388, 63, 140, 2, 19),
(388, 58, 113, 1, 20),
(388, 61, 104, 4, 21),
(388, 59, 137, 5, 22),
(389, 57, 97, 3, 1),
(389, 57, 96, 4, 2),
(389, 59, 43, 2, 3),
(389, 59, 42, 2, 4),
(389, 57, 98, 1, 5),
(389, 56, 116, 4, 6),
(389, 5005, 100, 4, 7),
(389, 55, 135, 1, 8),
(389, 54, 149, 4, 9),
(389, 56, 102, 2, 10),
(389, 60, 104, 1, 11),
(389, 62, 118, 1, 12),
(389, 62, 109, 1, 13),
(389, 57, 92, 1, 14),
(389, 56, 122, 4, 15),
(389, 59, 123, 1, 16),
(389, 54, 136, 1, 17),
(389, 55, 119, 1, 18),
(389, 58, 112, 2, 19),
(389, 54, 135, 3, 20),
(389, 61, 101, 1, 21),
(389, 59, 121, 2, 22),
(389, 56, 100, 1, 23),
(389, 55, 127, 4, 24),
(389, 59, 132, 9, 25),
(390, 61, 106, 4, 1),
(390, 63, 92, 4, 2),
(390, 63, 42, 4, 3),
(390, 57, 98, 1, 4),
(390, 56, 116, 4, 5),
(390, 5005, 100, 4, 6),
(390, 60, 104, 2, 7),
(390, 62, 119, 1, 8),
(390, 62, 117, 4, 9),
(390, 62, 118, 1, 10),
(390, 62, 109, 4, 11),
(390, 54, 137, 1, 12),
(390, 63, 161, 1, 13),
(390, 56, 122, 3, 14),
(390, 58, 111, 3, 15),
(390, 62, 94, 4, 16),
(390, 61, 100, 4, 17),
(390, 62, 97, 3, 18),
(390, 59, 121, 3, 19),
(390, 55, 123, 1, 20),
(390, 58, 113, 4, 21),
(391, 57, 97, 3, 1),
(391, 57, 96, 3, 2),
(391, 62, 33, 3, 3),
(391, 62, 32, 4, 4),
(391, 55, 53, 4, 5),
(391, 57, 98, 1, 6),
(391, 56, 116, 4, 7),
(391, 5005, 100, 4, 8),
(391, 55, 135, 1, 9),
(391, 54, 149, 3, 10),
(391, 56, 102, 1, 11),
(391, 60, 104, 1, 12),
(391, 62, 109, 3, 13),
(391, 57, 92, 1, 14),
(391, 56, 122, 4, 15),
(391, 59, 123, 1, 16),
(391, 55, 119, 1, 17),
(391, 54, 135, 2, 18),
(391, 59, 121, 3, 19),
(391, 55, 127, 4, 20),
(391, 59, 132, 9, 21),
(392, 56, 5, 4, 1),
(392, 56, 4, 3, 2),
(392, 57, 96, 1, 3),
(392, 57, 97, 1, 4),
(392, 60, 71, 1, 5),
(392, 60, 44, 1, 6),
(392, 56, 117, 1, 7),
(392, 56, 47, 1, 8),
(392, 57, 98, 1, 9),
(392, 56, 116, 4, 10),
(392, 5005, 100, 1, 11),
(392, 63, 157, 1, 12),
(392, 59, 129, 2, 13),
(392, 62, 119, 1, 14),
(392, 62, 118, 1, 15),
(392, 62, 109, 4, 16),
(392, 55, 128, 1, 17),
(392, 62, 92, 3, 18),
(392, 56, 122, 4, 19),
(392, 63, 122, 2, 20),
(392, 54, 136, 1, 21),
(392, 58, 111, 4, 22),
(392, 62, 94, 1, 23),
(392, 59, 121, 2, 24),
(392, 55, 123, 4, 25),
(392, 55, 126, 2, 26),
(392, 55, 127, 4, 27),
(392, 59, 132, 3, 28),
(392, 59, 134, 1, 29),
(393, 61, 106, 4, 1),
(393, 62, 69, 2, 2),
(393, 62, 68, 3, 3),
(393, 63, 36, 2, 4),
(393, 61, 37, 1, 5),
(393, 57, 98, 1, 6),
(393, 56, 116, 4, 7),
(393, 5005, 100, 1, 8),
(393, 63, 157, 1, 9),
(393, 60, 104, 1, 10),
(393, 59, 129, 1, 11),
(393, 59, 115, 1, 12),
(393, 62, 118, 1, 13),
(393, 62, 109, 4, 14),
(393, 54, 137, 1, 15),
(393, 62, 92, 4, 16),
(393, 56, 122, 4, 17),
(393, 63, 122, 4, 18),
(393, 1006, 36, 1, 19),
(393, 58, 111, 4, 20),
(393, 59, 121, 3, 21),
(393, 56, 99, 2, 22),
(393, 55, 123, 4, 23),
(393, 55, 126, 2, 24),
(393, 58, 113, 4, 25),
(394, 57, 96, 2, 1),
(394, 61, 106, 3, 2),
(394, 58, 54, 3, 3),
(394, 56, 47, 1, 4),
(394, 58, 87, 1, 5),
(394, 56, 116, 4, 6),
(394, 5005, 100, 4, 7),
(394, 55, 135, 3, 8),
(394, 54, 149, 3, 9),
(394, 60, 104, 2, 10),
(394, 62, 119, 1, 11),
(394, 62, 118, 1, 12),
(394, 62, 109, 3, 13),
(394, 54, 137, 1, 14),
(394, 56, 122, 3, 15),
(394, 56, 121, 1, 16),
(394, 55, 120, 1, 17),
(394, 54, 135, 2, 18),
(394, 59, 121, 3, 19),
(394, 55, 123, 4, 20),
(394, 55, 126, 2, 21),
(394, 58, 113, 4, 22),
(394, 59, 132, 8, 23),
(395, 63, 81, 4, 1),
(395, 63, 79, 4, 2),
(395, 54, 144, 1, 3),
(395, 61, 58, 1, 4),
(395, 61, 63, 2, 5),
(395, 54, 141, 1, 6),
(395, 57, 98, 1, 7),
(395, 56, 116, 4, 8),
(395, 5005, 100, 3, 9),
(395, 61, 111, 3, 10),
(395, 63, 160, 2, 11),
(395, 60, 104, 1, 12),
(395, 57, 101, 2, 13),
(395, 62, 118, 1, 14),
(395, 62, 109, 3, 15),
(395, 54, 137, 1, 16),
(395, 56, 122, 2, 17),
(395, 63, 136, 2, 18),
(395, 59, 123, 1, 19),
(395, 55, 120, 1, 20),
(395, 54, 135, 1, 21),
(395, 59, 121, 2, 22),
(395, 57, 88, 3, 23),
(395, 61, 90, 4, 24),
(395, 61, 104, 4, 25),
(395, 59, 137, 6, 26),
(396, 57, 97, 3, 1),
(396, 57, 96, 4, 2),
(396, 59, 43, 1, 3),
(396, 59, 42, 1, 4),
(396, 56, 111, 1, 5),
(396, 57, 98, 1, 6),
(396, 56, 116, 4, 7),
(396, 5005, 100, 4, 8),
(396, 55, 135, 1, 9),
(396, 54, 149, 4, 10),
(396, 56, 102, 1, 11),
(396, 62, 109, 2, 12),
(396, 57, 92, 1, 13),
(396, 56, 122, 4, 14),
(396, 59, 123, 1, 15),
(396, 55, 119, 1, 16),
(396, 58, 112, 3, 17),
(396, 55, 120, 1, 18),
(396, 54, 135, 2, 19),
(396, 60, 97, 1, 20),
(396, 61, 101, 1, 21),
(396, 59, 121, 3, 22),
(396, 55, 124, 1, 23),
(396, 55, 127, 4, 24),
(396, 59, 132, 10, 25),
(397, 5001, 3, 4, 1),
(397, 2, 6, 4, 2),
(397, 1, 31, 3, 3),
(397, 2, 38, 4, 4),
(397, 2, 10, 2, 5),
(397, 1, 88, 4, 6),
(397, 1, 91, 4, 7),
(397, 1, 71, 3, 8),
(397, 1, 92, 3, 9),
(397, 1, 93, 3, 10),
(397, 1, 80, 3, 11),
(397, 1, 94, 3, 12),
(397, 1, 78, 3, 13),
(397, 1, 96, 1, 14),
(397, 1, 101, 16, 15),
(398, 63, 156, 3, 1),
(398, 63, 155, 3, 2),
(398, 62, 116, 1, 3),
(398, 59, 96, 4, 4),
(398, 59, 93, 3, 5),
(398, 60, 67, 3, 6),
(398, 56, 116, 4, 7),
(398, 5005, 100, 2, 8),
(398, 55, 135, 1, 9),
(398, 60, 106, 1, 10),
(398, 60, 104, 2, 11),
(398, 62, 118, 1, 12),
(398, 62, 109, 3, 13),
(398, 54, 137, 1, 14),
(398, 56, 122, 3, 15),
(398, 56, 121, 3, 16),
(398, 55, 120, 1, 17),
(398, 63, 130, 3, 18),
(398, 63, 128, 1, 19),
(398, 59, 117, 4, 20),
(398, 58, 113, 1, 21),
(398, 59, 140, 12, 22),
(399, 55, 72, 4, 1),
(399, 55, 71, 4, 2),
(399, 61, 63, 4, 3),
(399, 56, 116, 4, 4),
(399, 5005, 100, 3, 5),
(399, 61, 111, 3, 6),
(399, 55, 135, 2, 7),
(399, 63, 160, 1, 8),
(399, 60, 104, 2, 9),
(399, 62, 118, 1, 10),
(399, 62, 109, 3, 11),
(399, 54, 137, 1, 12),
(399, 56, 122, 2, 13),
(399, 63, 136, 1, 14),
(399, 59, 123, 1, 15),
(399, 62, 102, 4, 16),
(399, 59, 121, 3, 17),
(399, 57, 88, 1, 18),
(399, 61, 90, 2, 19),
(399, 63, 140, 2, 20),
(399, 58, 113, 2, 21),
(399, 61, 104, 4, 22),
(399, 59, 137, 6, 23),
(400, 56, 110, 2, 1),
(400, 56, 111, 4, 2),
(400, 56, 31, 3, 3),
(400, 57, 97, 2, 4),
(400, 56, 67, 1, 5),
(400, 56, 116, 4, 6),
(400, 5005, 100, 4, 7),
(400, 55, 135, 3, 8),
(400, 54, 149, 2, 9),
(400, 60, 104, 1, 10),
(400, 62, 109, 3, 11),
(400, 55, 128, 1, 12),
(400, 56, 105, 4, 13),
(400, 56, 122, 1, 14),
(400, 59, 123, 1, 15),
(400, 55, 119, 3, 16),
(400, 54, 135, 3, 17),
(400, 59, 121, 3, 18),
(400, 55, 124, 2, 19),
(400, 55, 127, 4, 20),
(400, 59, 131, 4, 21),
(400, 59, 135, 2, 22),
(400, 59, 134, 2, 23),
(400, 59, 132, 1, 24),
(401, 55, 72, 4, 1),
(401, 55, 71, 4, 2),
(401, 61, 63, 4, 3),
(401, 56, 116, 4, 4),
(401, 5005, 100, 3, 5),
(401, 61, 111, 4, 6),
(401, 55, 135, 1, 7),
(401, 63, 160, 2, 8),
(401, 60, 104, 3, 9),
(401, 62, 118, 1, 10),
(401, 62, 109, 3, 11),
(401, 54, 137, 1, 12),
(401, 63, 136, 1, 13),
(401, 59, 123, 1, 14),
(401, 62, 102, 4, 15),
(401, 55, 120, 1, 16),
(401, 59, 121, 2, 17),
(401, 57, 88, 2, 18),
(401, 61, 90, 3, 19),
(401, 63, 140, 1, 20),
(401, 58, 113, 2, 21),
(401, 61, 104, 4, 22),
(401, 59, 137, 5, 23),
(402, 56, 12, 4, 1),
(402, 56, 11, 3, 2),
(402, 56, 90, 2, 3),
(402, 61, 80, 2, 4),
(402, 56, 117, 2, 5),
(402, 63, 21, 1, 6),
(402, 63, 20, 1, 7),
(402, 54, 108, 2, 8),
(402, 54, 126, 2, 9),
(402, 56, 47, 2, 10),
(402, 57, 98, 2, 11),
(402, 56, 4, 2, 12),
(402, 56, 116, 3, 13),
(402, 5005, 100, 1, 14),
(402, 63, 157, 1, 15),
(402, 60, 104, 1, 16),
(402, 62, 118, 1, 17),
(402, 62, 109, 4, 18),
(402, 54, 137, 1, 19),
(402, 62, 92, 4, 20),
(402, 56, 122, 4, 21),
(402, 63, 122, 3, 22),
(402, 57, 88, 2, 23),
(402, 56, 99, 1, 24),
(402, 61, 102, 2, 25),
(402, 58, 113, 4, 26),
(402, 59, 134, 2, 27),
(402, 59, 132, 1, 28),
(403, 62, 120, 4, 1),
(403, 62, 113, 4, 2),
(403, 56, 31, 1, 3),
(403, 56, 117, 2, 4),
(403, 58, 87, 1, 5),
(403, 57, 98, 1, 6),
(403, 56, 4, 1, 7),
(403, 56, 116, 4, 8),
(403, 63, 157, 2, 9),
(403, 60, 104, 1, 10),
(403, 62, 118, 1, 11),
(403, 62, 109, 4, 12),
(403, 54, 137, 1, 13),
(403, 62, 92, 4, 14),
(403, 56, 122, 4, 15),
(403, 59, 123, 1, 16),
(403, 63, 122, 4, 17),
(403, 56, 121, 3, 18),
(403, 54, 135, 2, 19),
(403, 62, 100, 4, 20),
(403, 63, 137, 2, 21),
(403, 59, 135, 5, 22),
(403, 59, 134, 4, 23),
(404, 59, 144, 3, 1),
(404, 59, 78, 3, 2),
(404, 58, 88, 2, 3),
(404, 61, 106, 2, 4),
(404, 54, 142, 1, 5),
(404, 57, 98, 1, 6),
(404, 56, 116, 4, 7),
(404, 5005, 100, 4, 8),
(404, 55, 135, 2, 9),
(404, 60, 104, 2, 10),
(404, 62, 118, 1, 11),
(404, 62, 109, 3, 12),
(404, 54, 137, 1, 13),
(404, 56, 122, 4, 14),
(404, 58, 112, 2, 15),
(404, 54, 135, 2, 16),
(404, 62, 97, 2, 17),
(404, 59, 121, 3, 18),
(404, 55, 123, 4, 19),
(404, 55, 126, 2, 20),
(404, 58, 113, 4, 21),
(404, 59, 138, 8, 22),
(405, 59, 144, 3, 1),
(405, 59, 78, 3, 2),
(405, 58, 88, 2, 3),
(405, 61, 106, 2, 4),
(405, 54, 142, 1, 5),
(405, 57, 98, 1, 6),
(405, 56, 116, 4, 7),
(405, 5005, 100, 4, 8),
(405, 55, 135, 2, 9),
(405, 60, 104, 2, 10),
(405, 62, 118, 1, 11),
(405, 62, 109, 3, 12),
(405, 54, 137, 1, 13),
(405, 56, 122, 4, 14),
(405, 58, 112, 2, 15),
(405, 54, 135, 2, 16),
(405, 62, 97, 2, 17),
(405, 59, 121, 3, 18),
(405, 55, 123, 4, 19),
(405, 55, 126, 2, 20),
(405, 58, 113, 4, 21),
(405, 59, 138, 8, 22),
(406, 59, 93, 2, 1),
(406, 59, 92, 3, 2),
(406, 61, 106, 3, 3),
(406, 62, 115, 1, 4),
(406, 59, 144, 1, 5),
(406, 58, 88, 1, 6),
(406, 57, 97, 1, 7),
(406, 54, 142, 1, 8),
(406, 57, 98, 1, 9),
(406, 56, 116, 4, 10),
(406, 5005, 100, 4, 11),
(406, 55, 135, 1, 12),
(406, 60, 106, 2, 13),
(406, 60, 104, 1, 14),
(406, 62, 119, 1, 15),
(406, 62, 117, 1, 16),
(406, 62, 118, 1, 17),
(406, 62, 109, 4, 18),
(406, 54, 137, 1, 19),
(406, 56, 122, 3, 20),
(406, 56, 121, 3, 21),
(406, 59, 121, 2, 22),
(406, 55, 123, 4, 23),
(406, 55, 126, 2, 24),
(406, 58, 113, 4, 25),
(406, 59, 131, 4, 26),
(406, 59, 140, 4, 27),
(407, 59, 144, 3, 1),
(407, 59, 78, 2, 2),
(407, 58, 88, 1, 3),
(407, 61, 106, 3, 4),
(407, 54, 142, 1, 5),
(407, 57, 98, 1, 6),
(407, 56, 116, 4, 7),
(407, 5005, 100, 4, 8),
(407, 55, 135, 1, 9),
(407, 60, 104, 2, 10),
(407, 62, 119, 1, 11),
(407, 62, 118, 1, 12),
(407, 62, 109, 3, 13),
(407, 54, 137, 1, 14),
(407, 56, 122, 3, 15),
(407, 63, 122, 3, 16),
(407, 58, 112, 2, 17),
(407, 54, 135, 2, 18),
(407, 62, 97, 2, 19),
(407, 59, 121, 3, 20),
(407, 55, 123, 4, 21),
(407, 55, 126, 2, 22),
(407, 58, 113, 4, 23),
(407, 59, 138, 7, 24),
(408, 59, 144, 3, 1),
(408, 59, 78, 2, 2),
(408, 58, 88, 1, 3),
(408, 61, 106, 3, 4),
(408, 54, 142, 1, 5),
(408, 57, 98, 1, 6),
(408, 56, 116, 4, 7),
(408, 5005, 100, 4, 8),
(408, 55, 135, 1, 9),
(408, 60, 104, 2, 10),
(408, 62, 119, 1, 11),
(408, 62, 118, 1, 12),
(408, 62, 109, 3, 13),
(408, 54, 137, 1, 14),
(408, 56, 122, 3, 15),
(408, 63, 122, 3, 16),
(408, 58, 112, 2, 17),
(408, 54, 135, 2, 18),
(408, 62, 97, 2, 19),
(408, 59, 121, 3, 20),
(408, 55, 123, 4, 21),
(408, 55, 126, 2, 22),
(408, 58, 113, 4, 23),
(408, 59, 138, 7, 24),
(409, 62, 26, 4, 1),
(409, 62, 44, 4, 2),
(409, 62, 42, 4, 3),
(409, 58, 139, 3, 4),
(409, 54, 111, 1, 5),
(409, 56, 47, 1, 6),
(409, 57, 98, 1, 7),
(409, 56, 116, 4, 8),
(409, 5005, 100, 1, 9),
(409, 55, 135, 1, 10),
(409, 60, 104, 2, 11),
(409, 62, 109, 3, 12),
(409, 54, 137, 1, 13),
(409, 62, 92, 4, 14),
(409, 56, 122, 4, 15),
(409, 63, 122, 4, 16),
(409, 55, 117, 2, 17),
(409, 59, 125, 3, 18),
(409, 59, 121, 2, 19),
(409, 62, 93, 3, 20),
(409, 58, 113, 4, 21),
(409, 59, 136, 2, 22),
(409, 59, 139, 2, 23),
(410, 59, 144, 3, 1),
(410, 59, 78, 2, 2),
(410, 58, 88, 1, 3),
(410, 61, 106, 2, 4),
(410, 56, 119, 2, 5),
(410, 58, 67, 2, 6),
(410, 57, 98, 1, 7),
(410, 56, 116, 4, 8),
(410, 5005, 100, 4, 9),
(410, 55, 135, 1, 10),
(410, 60, 104, 2, 11),
(410, 62, 119, 1, 12),
(410, 62, 118, 1, 13),
(410, 62, 109, 3, 14),
(410, 54, 137, 1, 15),
(410, 56, 122, 4, 16),
(410, 62, 94, 2, 17),
(410, 54, 135, 1, 18),
(410, 59, 121, 3, 19),
(410, 56, 99, 2, 20),
(410, 55, 123, 4, 21),
(410, 55, 126, 2, 22),
(410, 58, 113, 4, 23),
(410, 59, 138, 8, 24),
(411, 63, 149, 3, 1),
(411, 63, 148, 3, 2),
(411, 55, 131, 2, 3),
(411, 57, 20, 1, 4),
(411, 54, 142, 2, 5),
(411, 57, 98, 1, 6),
(411, 56, 116, 4, 7),
(411, 5005, 100, 4, 8),
(411, 55, 135, 1, 9),
(411, 54, 149, 3, 10),
(411, 60, 104, 2, 11),
(411, 62, 109, 4, 12),
(411, 55, 130, 1, 13),
(411, 56, 122, 3, 14),
(411, 63, 161, 2, 15),
(411, 59, 123, 2, 16),
(411, 63, 132, 3, 17),
(411, 56, 99, 3, 18),
(411, 63, 137, 3, 19),
(411, 58, 113, 3, 20),
(411, 59, 134, 9, 21),
(411, 59, 133, 1, 22),
(412, 61, 106, 3, 1),
(412, 62, 69, 3, 2),
(412, 62, 68, 3, 3),
(412, 60, 71, 1, 4),
(412, 60, 44, 1, 5),
(412, 57, 98, 1, 6),
(412, 56, 116, 4, 7),
(412, 5005, 100, 4, 8),
(412, 55, 135, 1, 9),
(412, 60, 104, 2, 10),
(412, 59, 129, 1, 11),
(412, 62, 119, 1, 12),
(412, 60, 105, 1, 13),
(412, 62, 118, 1, 14),
(412, 62, 109, 4, 15),
(412, 54, 137, 1, 16),
(412, 56, 122, 3, 17),
(412, 58, 111, 4, 18),
(412, 62, 94, 1, 19),
(412, 55, 120, 1, 20),
(412, 62, 97, 2, 21),
(412, 59, 121, 3, 22),
(412, 56, 99, 2, 23),
(412, 55, 123, 4, 24),
(412, 55, 126, 3, 25),
(412, 63, 140, 1, 26),
(412, 58, 113, 4, 27),
(413, 57, 97, 3, 1),
(413, 57, 96, 4, 2),
(413, 57, 5, 1, 3),
(413, 61, 34, 1, 4),
(413, 56, 111, 1, 5),
(413, 57, 98, 1, 6),
(413, 56, 116, 4, 7),
(413, 5005, 100, 4, 8),
(413, 55, 135, 1, 9),
(413, 54, 149, 2, 10),
(413, 56, 102, 1, 11),
(413, 60, 104, 1, 12),
(413, 62, 119, 1, 13),
(413, 62, 118, 1, 14),
(413, 62, 109, 3, 15),
(413, 57, 92, 1, 16),
(413, 56, 122, 4, 17),
(413, 58, 112, 3, 18),
(413, 55, 120, 2, 19),
(413, 54, 135, 2, 20),
(413, 62, 97, 2, 21),
(413, 59, 121, 3, 22),
(413, 55, 127, 4, 23),
(413, 59, 132, 10, 24),
(414, 59, 144, 3, 1),
(414, 59, 78, 2, 2),
(414, 58, 88, 1, 3),
(414, 61, 106, 3, 4),
(414, 56, 119, 2, 5),
(414, 58, 67, 2, 6),
(414, 57, 98, 1, 7),
(414, 56, 116, 4, 8),
(414, 5005, 100, 4, 9),
(414, 55, 135, 2, 10),
(414, 60, 104, 2, 11),
(414, 62, 118, 1, 12),
(414, 62, 109, 3, 13),
(414, 54, 137, 1, 14),
(414, 56, 122, 4, 15),
(414, 55, 120, 1, 16),
(414, 54, 135, 1, 17),
(414, 59, 121, 3, 18),
(414, 56, 99, 2, 19),
(414, 55, 123, 4, 20),
(414, 55, 126, 2, 21),
(414, 58, 113, 4, 22),
(414, 59, 138, 8, 23),
(415, 54, 144, 2, 1),
(415, 61, 107, 1, 2),
(415, 61, 63, 2, 3),
(415, 62, 33, 3, 4),
(415, 62, 32, 4, 5),
(415, 55, 53, 4, 6),
(415, 61, 34, 1, 7),
(415, 56, 116, 4, 8),
(415, 5005, 100, 4, 9),
(415, 61, 111, 3, 10),
(415, 55, 135, 1, 11),
(415, 60, 104, 2, 12),
(415, 62, 109, 3, 13),
(415, 54, 137, 1, 14),
(415, 56, 122, 3, 15),
(415, 63, 136, 1, 16),
(415, 59, 123, 1, 17),
(415, 61, 100, 3, 18),
(415, 55, 120, 1, 19),
(415, 54, 135, 1, 20),
(415, 59, 121, 3, 21),
(415, 61, 90, 3, 22),
(415, 61, 104, 4, 23),
(415, 59, 137, 5, 24),
(416, 61, 106, 4, 1),
(416, 62, 33, 3, 2),
(416, 62, 32, 4, 3),
(416, 55, 53, 4, 4),
(416, 57, 98, 1, 5),
(416, 56, 116, 4, 6),
(416, 5005, 100, 3, 7),
(416, 55, 135, 2, 8),
(416, 60, 104, 1, 9),
(416, 59, 129, 1, 10),
(416, 62, 119, 1, 11),
(416, 62, 117, 1, 12),
(416, 62, 118, 1, 13),
(416, 62, 109, 4, 14),
(416, 54, 137, 1, 15),
(416, 56, 122, 4, 16),
(416, 61, 100, 4, 17),
(416, 59, 121, 3, 18),
(416, 55, 123, 4, 19),
(416, 55, 126, 3, 20),
(416, 58, 113, 4, 21),
(416, 59, 134, 3, 22),
(417, 55, 72, 4, 1),
(417, 55, 71, 4, 2),
(417, 61, 63, 4, 3),
(417, 61, 34, 1, 4),
(417, 56, 116, 4, 5),
(417, 5005, 100, 3, 6),
(417, 61, 111, 4, 7),
(417, 55, 135, 1, 8),
(417, 63, 160, 1, 9),
(417, 60, 104, 2, 10),
(417, 62, 118, 1, 11),
(417, 62, 109, 3, 12),
(417, 54, 137, 1, 13),
(417, 59, 123, 1, 14),
(417, 62, 102, 4, 15),
(417, 54, 135, 1, 16),
(417, 59, 121, 3, 17),
(417, 57, 88, 1, 18),
(417, 55, 123, 2, 19),
(417, 61, 90, 3, 20),
(417, 63, 140, 1, 21),
(417, 58, 113, 2, 22),
(417, 61, 104, 4, 23),
(417, 59, 137, 5, 24),
(418, 61, 106, 3, 1),
(418, 62, 69, 2, 2),
(418, 62, 68, 2, 3),
(418, 58, 54, 1, 4),
(418, 58, 21, 1, 5),
(418, 63, 20, 1, 6),
(418, 5005, 99, 1, 7),
(418, 57, 98, 1, 8),
(418, 56, 116, 4, 9),
(418, 5005, 100, 4, 10),
(418, 60, 104, 1, 11),
(418, 59, 129, 1, 12),
(418, 62, 119, 2, 13),
(418, 62, 118, 1, 14),
(418, 62, 109, 4, 15),
(418, 54, 137, 1, 16),
(418, 56, 122, 4, 17),
(418, 58, 111, 4, 18),
(418, 61, 100, 4, 19),
(418, 62, 97, 1, 20),
(418, 59, 121, 2, 21),
(418, 56, 99, 2, 22),
(418, 55, 123, 4, 23),
(418, 55, 126, 2, 24),
(418, 63, 140, 2, 25),
(418, 58, 113, 4, 26),
(418, 59, 133, 1, 27),
(419, 59, 144, 3, 1),
(419, 59, 78, 2, 2),
(419, 58, 88, 1, 3),
(419, 61, 106, 3, 4),
(419, 56, 119, 2, 5),
(419, 58, 67, 2, 6),
(419, 54, 142, 1, 7),
(419, 57, 98, 1, 8),
(419, 56, 116, 4, 9),
(419, 5005, 100, 4, 10),
(419, 55, 135, 2, 11),
(419, 60, 104, 2, 12),
(419, 62, 118, 1, 13),
(419, 62, 109, 3, 14),
(419, 54, 137, 1, 15),
(419, 56, 122, 4, 16),
(419, 55, 120, 1, 17),
(419, 59, 121, 3, 18),
(419, 56, 99, 2, 19),
(419, 55, 123, 4, 20),
(419, 55, 126, 2, 21),
(419, 58, 113, 4, 22),
(419, 59, 138, 8, 23),
(420, 38, 19, 4, 1),
(420, 38, 65, 4, 2),
(420, 38, 48, 3, 3),
(420, 35, 5, 1, 4),
(420, 37, 39, 1, 5),
(420, 5003, 41, 1, 6),
(420, 39, 47, 2, 7),
(420, 35, 15, 1, 8),
(420, 35, 60, 1, 9),
(420, 37, 43, 1, 10),
(420, 37, 19, 1, 11),
(420, 35, 98, 4, 12),
(420, 34, 125, 4, 13),
(420, 33, 109, 3, 14),
(420, 37, 131, 1, 15),
(420, 37, 130, 2, 16),
(420, 38, 86, 2, 17),
(420, 33, 113, 1, 18),
(420, 39, 115, 4, 19),
(420, 39, 118, 4, 20),
(420, 32, 115, 4, 21),
(420, 1, 95, 1, 22),
(420, 39, 104, 3, 23),
(420, 36, 92, 4, 24),
(420, 32, 129, 1, 25),
(420, 32, 127, 2, 26),
(421, 61, 106, 4, 1),
(421, 56, 119, 2, 2),
(421, 58, 67, 3, 3),
(421, 57, 98, 1, 4),
(421, 56, 116, 4, 5),
(421, 5005, 100, 4, 6),
(421, 60, 104, 3, 7),
(421, 62, 118, 1, 8),
(421, 62, 109, 3, 9),
(421, 54, 137, 1, 10),
(421, 56, 122, 4, 11),
(421, 58, 111, 4, 12),
(421, 62, 94, 2, 13),
(421, 54, 135, 2, 14),
(421, 59, 121, 3, 15),
(421, 56, 99, 3, 16),
(421, 55, 123, 4, 17),
(421, 55, 126, 3, 18),
(421, 58, 113, 4, 19),
(421, 59, 134, 5, 20),
(422, 59, 93, 2, 1),
(422, 59, 92, 3, 2),
(422, 61, 106, 3, 3),
(422, 62, 115, 1, 4),
(422, 58, 88, 2, 5),
(422, 55, 131, 1, 6),
(422, 58, 136, 1, 7),
(422, 57, 98, 1, 8),
(422, 56, 116, 4, 9),
(422, 5005, 100, 4, 10),
(422, 55, 135, 2, 11),
(422, 54, 149, 1, 12),
(422, 60, 104, 2, 13),
(422, 62, 119, 1, 14),
(422, 62, 117, 1, 15),
(422, 62, 118, 1, 16),
(422, 62, 109, 3, 17),
(422, 54, 137, 1, 18),
(422, 56, 122, 4, 19),
(422, 56, 121, 3, 20),
(422, 59, 121, 2, 21),
(422, 55, 123, 4, 22),
(422, 55, 126, 2, 23),
(422, 58, 113, 4, 24),
(422, 59, 131, 4, 25),
(422, 59, 140, 3, 26),
(423, 62, 26, 4, 1),
(423, 62, 44, 4, 2),
(423, 62, 42, 4, 3),
(423, 58, 139, 3, 4),
(423, 56, 117, 2, 5),
(423, 56, 47, 1, 6),
(423, 57, 98, 2, 7),
(423, 56, 116, 4, 8),
(423, 5005, 100, 1, 9),
(423, 63, 157, 1, 10),
(423, 63, 160, 1, 11),
(423, 60, 104, 1, 12),
(423, 62, 109, 4, 13),
(423, 54, 137, 1, 14),
(423, 62, 92, 4, 15),
(423, 56, 122, 4, 16),
(423, 63, 122, 3, 17),
(423, 55, 120, 2, 18),
(423, 59, 121, 3, 19),
(423, 62, 93, 4, 20),
(423, 58, 113, 4, 21),
(423, 59, 134, 3, 22),
(424, 62, 26, 4, 1),
(424, 62, 44, 4, 2),
(424, 62, 42, 4, 3),
(424, 58, 139, 3, 4),
(424, 56, 117, 1, 5),
(424, 61, 106, 1, 6),
(424, 56, 47, 1, 7),
(424, 57, 98, 2, 8),
(424, 56, 116, 4, 9),
(424, 5005, 100, 1, 10),
(424, 63, 157, 1, 11),
(424, 63, 160, 1, 12),
(424, 60, 104, 1, 13),
(424, 62, 109, 4, 14),
(424, 54, 137, 1, 15),
(424, 62, 92, 4, 16),
(424, 56, 122, 4, 17),
(424, 63, 122, 3, 18),
(424, 55, 120, 2, 19),
(424, 59, 121, 3, 20),
(424, 62, 93, 4, 21),
(424, 58, 113, 4, 22),
(424, 59, 134, 3, 23),
(425, 55, 72, 4, 1),
(425, 55, 71, 4, 2),
(425, 61, 63, 3, 3),
(425, 63, 151, 1, 4),
(425, 63, 150, 1, 5),
(425, 56, 116, 3, 6),
(425, 5005, 100, 3, 7),
(425, 61, 111, 4, 8),
(425, 55, 135, 2, 9),
(425, 63, 160, 1, 10),
(425, 60, 104, 2, 11),
(425, 62, 118, 1, 12),
(425, 62, 109, 3, 13),
(425, 54, 137, 1, 14),
(425, 56, 122, 1, 15),
(425, 59, 123, 1, 16),
(425, 62, 102, 4, 17),
(425, 54, 135, 1, 18),
(425, 63, 131, 1, 19),
(425, 59, 121, 3, 20),
(425, 57, 88, 1, 21),
(425, 61, 90, 3, 22),
(425, 58, 113, 2, 23),
(425, 61, 104, 4, 24),
(425, 59, 137, 6, 25),
(426, 57, 97, 3, 1),
(426, 57, 96, 3, 2),
(426, 58, 139, 2, 3),
(426, 61, 106, 1, 4),
(426, 57, 98, 1, 5),
(426, 56, 116, 4, 6),
(426, 5005, 100, 4, 7),
(426, 54, 149, 3, 8),
(426, 56, 102, 1, 9),
(426, 60, 104, 1, 10),
(426, 62, 118, 1, 11),
(426, 62, 109, 2, 12),
(426, 57, 92, 1, 13),
(426, 56, 122, 4, 14),
(426, 59, 123, 1, 15),
(426, 58, 112, 3, 16),
(426, 54, 135, 3, 17),
(426, 60, 97, 1, 18),
(426, 61, 101, 1, 19),
(426, 59, 121, 3, 20),
(426, 62, 93, 3, 21),
(426, 55, 127, 4, 22),
(426, 59, 132, 10, 23),
(427, 61, 106, 4, 1),
(427, 62, 69, 3, 2),
(427, 62, 68, 3, 3),
(427, 55, 131, 2, 4),
(427, 56, 116, 4, 5),
(427, 5005, 100, 3, 6),
(427, 55, 135, 1, 7),
(427, 60, 104, 1, 8),
(427, 59, 129, 1, 9),
(427, 62, 119, 1, 10),
(427, 59, 115, 1, 11),
(427, 62, 118, 1, 12),
(427, 62, 109, 3, 13),
(427, 54, 137, 1, 14),
(427, 62, 92, 1, 15),
(427, 63, 161, 1, 16),
(427, 56, 122, 2, 17),
(427, 58, 111, 4, 18),
(427, 62, 94, 1, 19),
(427, 54, 135, 1, 20),
(427, 62, 97, 2, 21),
(427, 59, 121, 3, 22),
(427, 56, 99, 2, 23),
(427, 55, 123, 4, 24),
(427, 55, 126, 2, 25),
(427, 63, 140, 1, 26),
(427, 58, 113, 4, 27),
(427, 59, 133, 3, 28),
(428, 59, 144, 3, 1),
(428, 59, 78, 3, 2),
(428, 58, 88, 2, 3),
(428, 61, 106, 2, 4),
(428, 58, 54, 1, 5),
(428, 57, 98, 1, 6),
(428, 56, 116, 4, 7),
(428, 5005, 100, 4, 8),
(428, 55, 135, 1, 9),
(428, 60, 104, 2, 10),
(428, 62, 117, 1, 11),
(428, 60, 105, 1, 12),
(428, 62, 118, 1, 13),
(428, 62, 109, 3, 14),
(428, 54, 137, 1, 15),
(428, 56, 122, 3, 16),
(428, 55, 117, 2, 17),
(428, 55, 120, 2, 18),
(428, 59, 121, 4, 19),
(428, 55, 123, 4, 20),
(428, 55, 126, 3, 21),
(428, 58, 113, 4, 22),
(428, 59, 138, 8, 23),
(429, 63, 149, 3, 1),
(429, 63, 148, 3, 2),
(429, 56, 31, 1, 3),
(429, 57, 20, 2, 4),
(429, 58, 54, 1, 5),
(429, 54, 142, 2, 6),
(429, 56, 116, 4, 7),
(429, 5005, 100, 4, 8),
(429, 55, 135, 2, 9),
(429, 54, 149, 1, 10),
(429, 60, 104, 3, 11),
(429, 60, 105, 1, 12),
(429, 62, 109, 4, 13),
(429, 55, 129, 1, 14),
(429, 63, 161, 4, 15),
(429, 59, 123, 2, 16),
(429, 63, 126, 1, 17),
(429, 63, 132, 3, 18),
(429, 56, 99, 3, 19),
(429, 63, 137, 3, 20),
(429, 58, 113, 2, 21),
(429, 59, 134, 10, 22),
(430, 54, 31, 2, 1),
(430, 58, 54, 1, 2),
(430, 54, 142, 4, 3),
(430, 57, 98, 2, 4),
(430, 56, 4, 2, 5),
(430, 56, 116, 4, 6),
(430, 5005, 100, 1, 7),
(430, 63, 157, 2, 8),
(430, 63, 160, 1, 9),
(430, 60, 104, 1, 10),
(430, 62, 118, 1, 11),
(430, 62, 109, 4, 12),
(430, 54, 137, 1, 13),
(430, 62, 92, 4, 14),
(430, 56, 122, 4, 15),
(430, 63, 122, 4, 16),
(430, 55, 117, 4, 17),
(430, 54, 136, 1, 18),
(430, 56, 103, 4, 19),
(430, 55, 120, 1, 20),
(430, 63, 137, 1, 21),
(430, 59, 134, 11, 22),
(431, 57, 97, 3, 1),
(431, 57, 96, 4, 2),
(431, 61, 106, 2, 3),
(431, 63, 18, 1, 4),
(431, 57, 98, 1, 5),
(431, 56, 116, 4, 6),
(431, 5005, 100, 3, 7),
(431, 55, 135, 1, 8),
(431, 54, 149, 4, 9),
(431, 56, 102, 1, 10),
(431, 60, 104, 1, 11),
(431, 62, 119, 1, 12),
(431, 62, 118, 1, 13),
(431, 62, 109, 3, 14),
(431, 57, 92, 1, 15),
(431, 56, 122, 3, 16),
(431, 59, 123, 1, 17),
(431, 55, 119, 1, 18),
(431, 58, 112, 2, 19),
(431, 54, 135, 3, 20),
(431, 59, 121, 3, 21),
(431, 55, 123, 1, 22),
(431, 55, 127, 4, 23),
(431, 58, 113, 3, 24),
(431, 59, 132, 8, 25),
(432, 56, 5, 4, 1),
(432, 56, 4, 4, 2),
(432, 60, 71, 1, 3),
(432, 60, 44, 1, 4),
(432, 56, 47, 1, 5),
(432, 59, 45, 1, 6),
(432, 59, 44, 1, 7),
(432, 57, 98, 1, 8),
(432, 56, 116, 4, 9),
(432, 5005, 100, 1, 10),
(432, 55, 135, 1, 11),
(432, 54, 149, 1, 12),
(432, 60, 104, 1, 13),
(432, 62, 118, 1, 14),
(432, 62, 109, 3, 15),
(432, 55, 128, 1, 16),
(432, 62, 92, 3, 17),
(432, 56, 122, 4, 18),
(432, 58, 111, 4, 19),
(432, 62, 94, 2, 20),
(432, 60, 97, 1, 21),
(432, 62, 97, 2, 22),
(432, 59, 121, 3, 23),
(432, 55, 123, 4, 24),
(432, 55, 126, 3, 25),
(432, 59, 132, 7, 26),
(433, 59, 144, 3, 1),
(433, 59, 78, 2, 2),
(433, 58, 88, 1, 3),
(433, 56, 119, 1, 4),
(433, 58, 67, 1, 5),
(433, 61, 106, 2, 6),
(433, 59, 43, 1, 7),
(433, 59, 42, 1, 8),
(433, 54, 142, 1, 9),
(433, 57, 98, 1, 10),
(433, 56, 116, 4, 11),
(433, 5005, 100, 4, 12),
(433, 55, 135, 2, 13),
(433, 60, 104, 2, 14),
(433, 62, 118, 1, 15),
(433, 62, 109, 3, 16),
(433, 54, 137, 1, 17),
(433, 56, 122, 4, 18),
(433, 55, 120, 2, 19),
(433, 59, 121, 3, 20),
(433, 56, 99, 2, 21),
(433, 55, 123, 4, 22),
(433, 55, 126, 2, 23),
(433, 58, 113, 4, 24),
(433, 59, 138, 8, 25),
(434, 59, 144, 3, 1),
(434, 59, 78, 2, 2),
(434, 58, 88, 1, 3),
(434, 56, 119, 1, 4),
(434, 58, 67, 1, 5),
(434, 61, 106, 3, 6),
(434, 59, 43, 1, 7),
(434, 59, 42, 1, 8),
(434, 57, 98, 1, 9),
(434, 56, 116, 4, 10),
(434, 5005, 100, 4, 11),
(434, 55, 135, 2, 12),
(434, 60, 104, 2, 13),
(434, 62, 118, 1, 14),
(434, 62, 109, 3, 15),
(434, 54, 137, 1, 16),
(434, 56, 122, 4, 17),
(434, 55, 120, 2, 18),
(434, 59, 121, 3, 19),
(434, 56, 99, 2, 20),
(434, 55, 123, 4, 21),
(434, 55, 126, 2, 22),
(434, 58, 113, 4, 23),
(434, 59, 138, 8, 24),
(435, 61, 106, 4, 1),
(435, 62, 69, 4, 2),
(435, 62, 68, 4, 3),
(435, 58, 54, 1, 4),
(435, 57, 98, 1, 5),
(435, 56, 116, 4, 6),
(435, 5005, 100, 1, 7),
(435, 60, 104, 1, 8),
(435, 59, 129, 1, 9),
(435, 62, 119, 1, 10),
(435, 62, 118, 1, 11),
(435, 62, 109, 4, 12),
(435, 57, 95, 1, 13),
(435, 56, 122, 2, 14),
(435, 63, 122, 3, 15),
(435, 58, 111, 4, 16),
(435, 62, 94, 2, 17),
(435, 54, 135, 1, 18),
(435, 62, 97, 2, 19),
(435, 59, 121, 3, 20),
(435, 56, 99, 2, 21),
(435, 55, 123, 4, 22),
(435, 55, 126, 2, 23),
(435, 58, 113, 4, 24),
(435, 59, 134, 3, 25),
(436, 61, 106, 4, 1),
(436, 62, 69, 3, 2),
(436, 62, 68, 3, 3),
(436, 57, 98, 1, 4),
(436, 56, 116, 4, 5),
(436, 5005, 100, 3, 6),
(436, 60, 104, 2, 7),
(436, 59, 129, 1, 8),
(436, 62, 119, 1, 9),
(436, 59, 115, 1, 10),
(436, 62, 118, 1, 11),
(436, 62, 109, 4, 12),
(436, 54, 137, 1, 13),
(436, 56, 122, 2, 14),
(436, 58, 111, 4, 15),
(436, 62, 94, 1, 16),
(436, 61, 100, 2, 17),
(436, 55, 120, 1, 18),
(436, 54, 135, 1, 19),
(436, 62, 97, 2, 20),
(436, 59, 121, 3, 21),
(436, 56, 99, 1, 22),
(436, 55, 123, 4, 23),
(436, 55, 126, 3, 24),
(436, 58, 113, 4, 25),
(436, 59, 134, 3, 26),
(437, 56, 12, 4, 1),
(437, 56, 11, 3, 2),
(437, 56, 23, 1, 3),
(437, 61, 80, 4, 4),
(437, 56, 117, 2, 5),
(437, 54, 108, 2, 6),
(437, 54, 126, 3, 7),
(437, 56, 111, 2, 8),
(437, 57, 98, 2, 9),
(437, 56, 4, 1, 10),
(437, 56, 116, 4, 11),
(437, 5005, 100, 1, 12),
(437, 63, 157, 1, 13),
(437, 60, 104, 1, 14),
(437, 62, 118, 1, 15),
(437, 62, 109, 4, 16),
(437, 54, 137, 1, 17),
(437, 62, 92, 4, 18),
(437, 56, 122, 4, 19),
(437, 63, 122, 4, 20),
(437, 57, 88, 3, 21),
(437, 58, 113, 4, 22),
(437, 59, 134, 1, 23),
(437, 59, 132, 3, 24),
(438, 62, 61, 4, 1),
(438, 62, 60, 4, 2),
(438, 62, 122, 2, 3),
(438, 62, 65, 2, 4),
(438, 61, 106, 2, 5),
(438, 54, 142, 1, 6),
(438, 57, 98, 1, 7),
(438, 56, 116, 4, 8),
(438, 5005, 100, 3, 9),
(438, 55, 135, 2, 10),
(438, 56, 115, 1, 11),
(438, 60, 104, 2, 12),
(438, 62, 117, 1, 13),
(438, 62, 109, 3, 14),
(438, 54, 137, 1, 15),
(438, 56, 122, 4, 16),
(438, 54, 135, 2, 17),
(438, 60, 97, 1, 18),
(438, 59, 121, 3, 19),
(438, 56, 99, 2, 20),
(438, 62, 105, 3, 21),
(438, 58, 113, 4, 22),
(438, 59, 139, 8, 23),
(439, 63, 156, 3, 1),
(439, 63, 155, 3, 2),
(439, 59, 96, 4, 3),
(439, 59, 93, 2, 4),
(439, 59, 92, 3, 5),
(439, 54, 142, 1, 6),
(439, 58, 87, 1, 7),
(439, 57, 98, 1, 8),
(439, 56, 116, 4, 9),
(439, 5005, 100, 4, 10),
(439, 55, 135, 1, 11),
(439, 60, 104, 2, 12),
(439, 62, 118, 1, 13),
(439, 62, 109, 4, 14),
(439, 54, 137, 1, 15),
(439, 56, 122, 4, 16),
(439, 56, 121, 3, 17),
(439, 63, 130, 2, 18),
(439, 59, 117, 4, 19),
(439, 59, 140, 12, 20),
(440, 61, 106, 4, 1),
(440, 58, 54, 1, 2),
(440, 62, 69, 4, 3),
(440, 62, 68, 4, 4),
(440, 57, 98, 1, 5),
(440, 56, 116, 4, 6),
(440, 5005, 100, 2, 7),
(440, 54, 149, 1, 8),
(440, 60, 104, 1, 9),
(440, 59, 129, 2, 10),
(440, 62, 119, 2, 11),
(440, 59, 115, 2, 12),
(440, 62, 118, 1, 13),
(440, 62, 109, 3, 14),
(440, 54, 137, 1, 15),
(440, 56, 122, 2, 16),
(440, 63, 122, 4, 17),
(440, 58, 111, 4, 18),
(440, 62, 97, 2, 19),
(440, 59, 121, 3, 20),
(440, 56, 99, 2, 21),
(440, 55, 123, 4, 22),
(440, 55, 126, 2, 23),
(440, 58, 113, 4, 24),
(441, 54, 144, 2, 1),
(441, 61, 107, 1, 2),
(441, 61, 63, 2, 3),
(441, 62, 33, 3, 4),
(441, 62, 32, 4, 5),
(441, 55, 53, 4, 6),
(441, 61, 34, 1, 7),
(441, 57, 98, 1, 8),
(441, 56, 116, 4, 9),
(441, 5005, 100, 4, 10),
(441, 61, 111, 1, 11),
(441, 55, 135, 2, 12),
(441, 60, 104, 2, 13),
(441, 62, 117, 1, 14),
(441, 62, 109, 3, 15),
(441, 54, 137, 1, 16),
(441, 63, 136, 2, 17),
(441, 56, 122, 4, 18),
(441, 61, 100, 3, 19),
(441, 59, 121, 3, 20),
(441, 61, 90, 3, 21),
(441, 61, 104, 4, 22),
(441, 59, 137, 5, 23),
(442, 61, 106, 3, 1),
(442, 58, 54, 1, 2),
(442, 62, 69, 4, 3),
(442, 62, 68, 4, 4),
(442, 57, 98, 1, 5),
(442, 56, 116, 4, 6),
(442, 5005, 100, 1, 7),
(442, 60, 104, 1, 8),
(442, 59, 129, 2, 9),
(442, 62, 119, 1, 10),
(442, 62, 118, 1, 11),
(442, 62, 109, 4, 12),
(442, 54, 137, 1, 13),
(442, 56, 122, 3, 14),
(442, 63, 122, 4, 15),
(442, 58, 111, 4, 16),
(442, 61, 100, 4, 17),
(442, 54, 135, 1, 18),
(442, 62, 97, 1, 19),
(442, 59, 121, 3, 20),
(442, 56, 99, 2, 21),
(442, 55, 123, 4, 22),
(442, 55, 126, 2, 23),
(442, 58, 113, 4, 24),
(443, 62, 26, 4, 1),
(443, 62, 44, 4, 2),
(443, 62, 42, 4, 3),
(443, 58, 139, 3, 4),
(443, 56, 117, 1, 5),
(443, 63, 119, 1, 6),
(443, 56, 47, 1, 7),
(443, 57, 98, 1, 8),
(443, 56, 116, 4, 9),
(443, 5005, 100, 1, 10),
(443, 63, 157, 1, 11),
(443, 60, 104, 1, 12),
(443, 62, 118, 1, 13),
(443, 62, 109, 4, 14),
(443, 54, 137, 1, 15),
(443, 62, 92, 4, 16),
(443, 56, 122, 4, 17),
(443, 63, 122, 4, 18),
(443, 55, 120, 1, 19),
(443, 54, 135, 1, 20),
(443, 59, 121, 3, 21),
(443, 62, 93, 4, 22),
(443, 58, 113, 4, 23),
(443, 59, 134, 3, 24),
(444, 61, 106, 4, 1),
(444, 58, 54, 1, 2),
(444, 62, 33, 3, 3),
(444, 62, 32, 4, 4),
(444, 55, 53, 4, 5),
(444, 57, 98, 1, 6),
(444, 56, 116, 4, 7),
(444, 5005, 100, 4, 8),
(444, 55, 135, 1, 9),
(444, 56, 115, 1, 10),
(444, 60, 104, 2, 11),
(444, 62, 119, 1, 12),
(444, 62, 117, 1, 13),
(444, 62, 118, 1, 14),
(444, 62, 109, 3, 15),
(444, 54, 137, 1, 16),
(444, 56, 122, 4, 17),
(444, 61, 100, 4, 18),
(444, 59, 121, 3, 19),
(444, 55, 123, 4, 20),
(444, 55, 126, 2, 21),
(444, 58, 113, 4, 22),
(444, 59, 134, 3, 23),
(445, 62, 61, 3, 1),
(445, 62, 60, 4, 2),
(445, 62, 122, 2, 3),
(445, 62, 65, 2, 4),
(445, 55, 133, 1, 5),
(445, 61, 106, 2, 6),
(445, 54, 142, 1, 7),
(445, 57, 98, 1, 8),
(445, 56, 116, 4, 9),
(445, 5005, 100, 3, 10),
(445, 55, 135, 2, 11),
(445, 60, 104, 2, 12),
(445, 62, 119, 1, 13),
(445, 62, 117, 1, 14),
(445, 62, 109, 4, 15),
(445, 54, 137, 1, 16),
(445, 62, 109, 4, 17),
(445, 54, 135, 2, 18),
(445, 60, 97, 1, 19),
(445, 59, 121, 3, 20),
(445, 56, 99, 2, 21),
(445, 62, 105, 2, 22),
(445, 58, 113, 4, 23),
(445, 59, 139, 8, 24),
(446, 61, 106, 4, 1),
(446, 62, 69, 3, 2),
(446, 62, 68, 3, 3),
(446, 57, 98, 1, 4),
(446, 56, 116, 4, 5),
(446, 5005, 100, 2, 6),
(446, 60, 104, 2, 7),
(446, 59, 129, 1, 8),
(446, 62, 119, 1, 9),
(446, 59, 115, 1, 10),
(446, 62, 118, 1, 11),
(446, 62, 109, 4, 12),
(446, 54, 137, 1, 13),
(446, 56, 122, 2, 14),
(446, 63, 122, 3, 15),
(446, 58, 111, 4, 16),
(446, 62, 94, 1, 17),
(446, 54, 135, 2, 18),
(446, 62, 97, 2, 19),
(446, 59, 121, 3, 20),
(446, 56, 99, 1, 21),
(446, 55, 123, 4, 22),
(446, 55, 126, 3, 23),
(446, 58, 113, 4, 24),
(446, 59, 134, 3, 25),
(447, 56, 12, 4, 1),
(447, 56, 11, 3, 2),
(447, 56, 23, 1, 3),
(447, 56, 90, 3, 4),
(447, 61, 80, 1, 5),
(447, 56, 117, 2, 6),
(447, 54, 108, 1, 7),
(447, 54, 126, 2, 8),
(447, 56, 111, 2, 9),
(447, 56, 47, 1, 10),
(447, 57, 98, 2, 11),
(447, 56, 4, 2, 12),
(447, 56, 116, 4, 13),
(447, 5005, 100, 1, 14),
(447, 63, 157, 1, 15),
(447, 60, 104, 1, 16),
(447, 62, 118, 1, 17),
(447, 62, 109, 4, 18),
(447, 54, 137, 1, 19),
(447, 62, 92, 4, 20),
(447, 56, 122, 4, 21),
(447, 63, 122, 4, 22),
(447, 57, 88, 2, 23),
(447, 59, 121, 1, 24),
(447, 58, 113, 4, 25),
(447, 59, 134, 2, 26),
(447, 59, 132, 2, 27),
(448, 61, 106, 4, 1),
(448, 62, 69, 3, 2),
(448, 62, 68, 3, 3),
(448, 57, 98, 1, 4),
(448, 56, 116, 4, 5),
(448, 5005, 100, 3, 6),
(448, 60, 104, 2, 7),
(448, 59, 129, 1, 8),
(448, 62, 119, 2, 9),
(448, 59, 115, 1, 10),
(448, 62, 118, 1, 11),
(448, 62, 109, 3, 12),
(448, 54, 137, 1, 13),
(448, 56, 122, 3, 14),
(448, 58, 111, 4, 15),
(448, 62, 94, 1, 16),
(448, 56, 121, 1, 17),
(448, 54, 135, 1, 18),
(448, 60, 97, 1, 19),
(448, 62, 97, 2, 20),
(448, 59, 121, 3, 21),
(448, 56, 99, 2, 22),
(448, 55, 123, 4, 23),
(448, 55, 126, 2, 24),
(448, 58, 113, 4, 25),
(448, 59, 134, 3, 26),
(449, 61, 106, 4, 1),
(449, 62, 69, 3, 2),
(449, 62, 68, 3, 3),
(449, 58, 54, 1, 4),
(449, 57, 98, 1, 5),
(449, 56, 116, 4, 6),
(449, 5005, 100, 3, 7),
(449, 60, 104, 2, 8),
(449, 59, 129, 2, 9),
(449, 62, 119, 1, 10),
(449, 62, 109, 3, 11),
(449, 54, 137, 1, 12),
(449, 56, 122, 2, 13),
(449, 63, 122, 3, 14),
(449, 58, 111, 4, 15),
(449, 62, 94, 1, 16),
(449, 61, 100, 4, 17),
(449, 59, 121, 3, 18),
(449, 56, 99, 2, 19),
(449, 55, 123, 4, 20),
(449, 55, 126, 2, 21),
(449, 63, 140, 2, 22),
(449, 62, 118, 1, 23),
(449, 58, 113, 4, 24),
(450, 61, 106, 3, 1),
(450, 58, 54, 1, 2),
(450, 62, 69, 4, 3),
(450, 62, 68, 4, 4),
(450, 57, 98, 1, 5),
(450, 56, 116, 4, 6),
(450, 5005, 100, 1, 7),
(450, 60, 104, 1, 8),
(450, 59, 129, 1, 9),
(450, 62, 119, 2, 10),
(450, 59, 115, 1, 11),
(450, 62, 118, 1, 12),
(450, 62, 109, 4, 13),
(450, 56, 108, 1, 14),
(450, 56, 122, 4, 15),
(450, 63, 122, 4, 16),
(450, 58, 111, 4, 17),
(450, 61, 100, 4, 18),
(450, 59, 121, 2, 19),
(450, 56, 99, 2, 20),
(450, 55, 123, 4, 21),
(450, 55, 126, 2, 22),
(450, 63, 140, 1, 23),
(450, 58, 113, 4, 24),
(451, 57, 97, 3, 1),
(451, 57, 96, 3, 2),
(451, 58, 139, 2, 3),
(451, 56, 111, 1, 4),
(451, 57, 98, 1, 5),
(451, 56, 116, 4, 6),
(451, 5005, 100, 4, 7),
(451, 54, 149, 4, 8),
(451, 56, 102, 1, 9),
(451, 60, 104, 1, 10),
(451, 62, 109, 2, 11),
(451, 57, 92, 1, 12),
(451, 56, 122, 3, 13),
(451, 59, 123, 1, 14),
(451, 58, 112, 3, 15),
(451, 62, 94, 2, 16),
(451, 55, 120, 2, 17),
(451, 54, 135, 1, 18),
(451, 61, 101, 1, 19),
(451, 59, 121, 3, 20),
(451, 62, 93, 3, 21),
(451, 55, 127, 4, 22),
(451, 59, 132, 10, 23),
(452, 59, 144, 3, 1),
(452, 59, 78, 2, 2),
(452, 58, 88, 1, 3),
(452, 56, 119, 1, 4),
(452, 58, 67, 1, 5),
(452, 61, 106, 3, 6),
(452, 58, 54, 1, 7),
(452, 54, 142, 1, 8),
(452, 56, 116, 4, 9),
(452, 5005, 100, 4, 10),
(452, 55, 135, 2, 11),
(452, 60, 104, 2, 12),
(452, 62, 119, 1, 13),
(452, 60, 105, 1, 14),
(452, 62, 118, 1, 15),
(452, 62, 109, 3, 16),
(452, 54, 137, 1, 17),
(452, 56, 122, 4, 18),
(452, 59, 123, 1, 19),
(452, 59, 121, 3, 20),
(452, 56, 99, 2, 21),
(452, 55, 123, 4, 22),
(452, 55, 126, 2, 23),
(452, 57, 98, 1, 24),
(452, 58, 113, 4, 25),
(452, 59, 138, 7, 26),
(453, 59, 144, 3, 1),
(453, 59, 78, 3, 2),
(453, 58, 88, 1, 3),
(453, 61, 106, 2, 4),
(453, 57, 98, 1, 5),
(453, 56, 116, 4, 6),
(453, 5005, 100, 3, 7),
(453, 63, 159, 1, 8),
(453, 60, 104, 2, 9),
(453, 59, 129, 1, 10),
(453, 62, 119, 1, 11),
(453, 60, 105, 1, 12),
(453, 62, 109, 3, 13),
(453, 54, 137, 1, 14),
(453, 56, 122, 3, 15),
(453, 59, 123, 1, 16),
(453, 58, 112, 2, 17),
(453, 62, 94, 1, 18),
(453, 55, 120, 1, 19),
(453, 54, 135, 1, 20),
(453, 62, 97, 1, 21),
(453, 59, 121, 3, 22),
(453, 55, 123, 4, 23),
(453, 55, 126, 2, 24),
(453, 63, 140, 1, 25),
(453, 58, 113, 4, 26),
(453, 59, 138, 9, 27),
(454, 63, 151, 3, 1),
(454, 63, 150, 3, 2),
(454, 5006, 49, 2, 3),
(454, 56, 118, 2, 4),
(454, 56, 116, 4, 5),
(454, 5005, 100, 3, 6),
(454, 61, 111, 2, 7),
(454, 55, 135, 1, 8),
(454, 65, 90, 2, 9),
(454, 60, 104, 2, 10),
(454, 60, 105, 2, 11),
(454, 62, 118, 1, 12),
(454, 62, 109, 4, 13),
(454, 54, 137, 1, 14),
(454, 56, 122, 3, 15),
(454, 62, 102, 4, 16),
(454, 54, 135, 2, 17),
(454, 61, 91, 2, 18),
(454, 56, 99, 2, 19),
(454, 63, 140, 2, 20),
(454, 63, 139, 3, 21),
(454, 61, 104, 4, 22),
(454, 59, 137, 6, 23),
(455, 61, 106, 3, 1),
(455, 58, 54, 1, 2),
(455, 62, 69, 3, 3),
(455, 62, 68, 3, 4),
(455, 63, 21, 1, 5),
(455, 5005, 66, 1, 6),
(455, 63, 20, 3, 7),
(455, 65, 106, 1, 8),
(455, 56, 116, 4, 9),
(455, 5005, 100, 2, 10),
(455, 55, 135, 1, 11),
(455, 60, 104, 1, 12),
(455, 59, 129, 2, 13),
(455, 62, 119, 1, 14),
(455, 59, 115, 2, 15),
(455, 62, 118, 1, 16),
(455, 62, 109, 4, 17),
(455, 57, 95, 1, 18),
(455, 56, 122, 4, 19),
(455, 63, 122, 4, 20),
(455, 61, 100, 4, 21),
(455, 54, 135, 1, 22),
(455, 62, 97, 1, 23),
(455, 59, 121, 2, 24),
(455, 56, 99, 1, 25),
(455, 63, 164, 1, 26),
(455, 63, 140, 3, 27),
(455, 58, 113, 4, 28),
(456, 59, 43, 4, 1),
(456, 59, 42, 4, 2),
(456, 62, 33, 3, 3),
(456, 62, 32, 4, 4),
(456, 55, 53, 4, 5),
(456, 57, 96, 1, 6),
(456, 56, 94, 1, 7),
(456, 65, 106, 4, 8),
(456, 57, 98, 1, 9),
(456, 56, 4, 2, 10),
(456, 56, 116, 2, 11),
(456, 5005, 100, 3, 12),
(456, 55, 135, 3, 13),
(456, 60, 104, 2, 14),
(456, 62, 118, 1, 15),
(456, 62, 109, 3, 16),
(456, 57, 95, 1, 17),
(456, 56, 122, 4, 18),
(456, 63, 136, 1, 19),
(456, 59, 121, 1, 20),
(456, 65, 89, 4, 21),
(456, 58, 113, 4, 22),
(456, 59, 132, 3, 23),
(457, 59, 43, 4, 1),
(457, 59, 42, 4, 2),
(457, 62, 33, 3, 3),
(457, 62, 32, 4, 4),
(457, 55, 53, 4, 5),
(457, 57, 96, 1, 6),
(457, 56, 94, 1, 7),
(457, 65, 106, 4, 8),
(457, 57, 98, 1, 9),
(457, 56, 4, 2, 10),
(457, 56, 116, 2, 11),
(457, 5005, 100, 3, 12),
(457, 55, 135, 3, 13),
(457, 60, 104, 2, 14),
(457, 62, 118, 1, 15),
(457, 62, 109, 3, 16),
(457, 57, 95, 1, 17),
(457, 56, 122, 4, 18),
(457, 63, 136, 1, 19),
(457, 59, 121, 1, 20),
(457, 65, 89, 4, 21),
(457, 58, 113, 4, 22),
(457, 59, 132, 3, 23),
(458, 62, 61, 3, 1),
(458, 62, 60, 4, 2),
(458, 62, 65, 2, 3),
(458, 62, 122, 3, 4),
(458, 55, 133, 1, 5),
(458, 54, 142, 1, 6),
(458, 56, 116, 4, 7),
(458, 5005, 100, 3, 8),
(458, 55, 135, 3, 9),
(458, 60, 104, 2, 10),
(458, 62, 119, 1, 11),
(458, 62, 118, 1, 12),
(458, 62, 109, 3, 13),
(458, 54, 137, 1, 14),
(458, 56, 122, 4, 15),
(458, 59, 123, 1, 16),
(458, 54, 135, 2, 17),
(458, 59, 121, 4, 18),
(458, 56, 99, 3, 19),
(458, 63, 140, 3, 20),
(458, 58, 113, 4, 21),
(458, 59, 139, 7, 22),
(459, 65, 105, 3, 1),
(459, 65, 104, 3, 2),
(459, 58, 54, 1, 3),
(459, 57, 96, 1, 4),
(459, 65, 74, 1, 5),
(459, 65, 73, 1, 6),
(459, 54, 68, 1, 7),
(459, 56, 47, 1, 8),
(459, 65, 106, 4, 9),
(459, 57, 98, 1, 10),
(459, 56, 4, 1, 11),
(459, 56, 116, 2, 12),
(459, 5005, 100, 1, 13),
(459, 55, 135, 1, 14),
(459, 65, 108, 1, 15),
(459, 60, 104, 1, 16),
(459, 62, 119, 1, 17),
(459, 62, 118, 1, 18),
(459, 62, 109, 4, 19),
(459, 54, 137, 1, 20),
(459, 62, 92, 1, 21),
(459, 56, 122, 4, 22),
(459, 65, 92, 3, 23),
(459, 65, 86, 3, 24),
(459, 54, 135, 1, 25),
(459, 65, 87, 3, 26),
(459, 65, 89, 4, 27),
(459, 63, 140, 1, 28),
(459, 58, 113, 4, 29),
(459, 59, 132, 5, 30),
(460, 59, 43, 4, 1),
(460, 59, 42, 4, 2),
(460, 61, 63, 3, 3),
(460, 54, 144, 1, 4),
(460, 56, 94, 1, 5),
(460, 54, 108, 2, 6),
(460, 65, 106, 4, 7),
(460, 57, 98, 1, 8),
(460, 56, 116, 4, 9),
(460, 5005, 100, 1, 10),
(460, 55, 135, 2, 11),
(460, 60, 104, 2, 12),
(460, 62, 118, 1, 13),
(460, 62, 109, 4, 14),
(460, 54, 137, 1, 15),
(460, 56, 122, 4, 16),
(460, 62, 102, 2, 17),
(460, 55, 120, 1, 18),
(460, 59, 121, 2, 19),
(460, 57, 88, 2, 20),
(460, 65, 89, 4, 21),
(460, 58, 113, 4, 22),
(460, 61, 104, 4, 23),
(460, 59, 137, 2, 24),
(461, 61, 106, 4, 1),
(461, 63, 92, 2, 2),
(461, 63, 42, 3, 3),
(461, 54, 10, 2, 4),
(461, 56, 116, 4, 5),
(461, 5005, 100, 4, 6),
(461, 60, 104, 1, 7),
(461, 62, 117, 1, 8),
(461, 62, 118, 1, 9),
(461, 62, 109, 3, 10),
(461, 57, 95, 1, 11),
(461, 56, 122, 4, 12),
(461, 65, 92, 2, 13),
(461, 63, 122, 4, 14),
(461, 58, 111, 4, 15);
INSERT INTO `decks_lists` (`deck_id`, `set_id`, `card_number`, `quantity`, `card_order`) VALUES
(461, 62, 94, 1, 16),
(461, 61, 100, 2, 17),
(461, 54, 135, 2, 18),
(461, 62, 97, 1, 19),
(461, 59, 121, 3, 20),
(461, 55, 123, 4, 21),
(461, 55, 126, 3, 22),
(461, 58, 113, 4, 23),
(462, 59, 55, 3, 1),
(462, 59, 54, 4, 2),
(462, 65, 106, 4, 3),
(462, 56, 118, 1, 4),
(462, 57, 98, 1, 5),
(462, 56, 116, 3, 6),
(462, 65, 107, 3, 7),
(462, 60, 104, 1, 8),
(462, 59, 129, 1, 9),
(462, 62, 119, 1, 10),
(462, 62, 118, 1, 11),
(462, 62, 109, 3, 12),
(462, 54, 137, 1, 13),
(462, 62, 92, 2, 14),
(462, 56, 122, 4, 15),
(462, 58, 111, 4, 16),
(462, 62, 94, 2, 17),
(462, 55, 120, 1, 18),
(462, 62, 97, 2, 19),
(462, 59, 121, 2, 20),
(462, 56, 99, 3, 21),
(462, 55, 123, 4, 22),
(462, 55, 126, 3, 23),
(462, 58, 113, 4, 24),
(462, 59, 136, 2, 25),
(463, 61, 106, 4, 1),
(463, 62, 69, 4, 2),
(463, 62, 68, 4, 3),
(463, 56, 116, 4, 4),
(463, 5005, 100, 3, 5),
(463, 60, 104, 1, 6),
(463, 59, 129, 2, 7),
(463, 62, 119, 1, 8),
(463, 59, 115, 1, 9),
(463, 62, 118, 1, 10),
(463, 62, 109, 4, 11),
(463, 54, 137, 1, 12),
(463, 65, 92, 3, 13),
(463, 58, 111, 4, 14),
(463, 62, 94, 1, 15),
(463, 54, 135, 1, 16),
(463, 62, 97, 2, 17),
(463, 59, 121, 3, 18),
(463, 56, 99, 2, 19),
(463, 55, 123, 4, 20),
(463, 55, 126, 3, 21),
(463, 58, 113, 4, 22),
(463, 59, 134, 3, 23),
(464, 61, 106, 4, 1),
(464, 63, 92, 4, 2),
(464, 63, 42, 4, 3),
(464, 65, 106, 1, 4),
(464, 56, 116, 4, 5),
(464, 5005, 100, 2, 6),
(464, 60, 104, 1, 7),
(464, 62, 119, 1, 8),
(464, 62, 117, 3, 9),
(464, 62, 118, 1, 10),
(464, 62, 109, 4, 11),
(464, 54, 137, 1, 12),
(464, 62, 92, 1, 13),
(464, 56, 122, 4, 14),
(464, 58, 111, 4, 15),
(464, 62, 94, 2, 16),
(464, 61, 100, 4, 17),
(464, 62, 97, 2, 18),
(464, 59, 121, 3, 19),
(464, 55, 123, 4, 20),
(464, 55, 126, 2, 21),
(464, 58, 113, 4, 22),
(465, 61, 106, 4, 1),
(465, 62, 69, 4, 2),
(465, 62, 68, 4, 3),
(465, 56, 116, 4, 4),
(465, 5005, 100, 3, 5),
(465, 60, 104, 1, 6),
(465, 59, 129, 2, 7),
(465, 62, 119, 1, 8),
(465, 59, 115, 1, 9),
(465, 62, 118, 1, 10),
(465, 62, 109, 4, 11),
(465, 54, 137, 1, 12),
(465, 65, 92, 3, 13),
(465, 58, 111, 4, 14),
(465, 62, 94, 1, 15),
(465, 54, 135, 1, 16),
(465, 62, 97, 2, 17),
(465, 59, 121, 3, 18),
(465, 56, 99, 2, 19),
(465, 55, 123, 4, 20),
(465, 55, 126, 3, 21),
(465, 58, 113, 4, 22),
(465, 59, 134, 3, 23),
(466, 63, 156, 3, 1),
(466, 63, 155, 3, 2),
(466, 59, 96, 4, 3),
(466, 59, 93, 3, 4),
(466, 60, 67, 3, 5),
(466, 59, 146, 1, 6),
(466, 62, 116, 1, 7),
(466, 54, 142, 1, 8),
(466, 57, 98, 1, 9),
(466, 56, 116, 4, 10),
(466, 5005, 100, 3, 11),
(466, 55, 135, 2, 12),
(466, 60, 104, 2, 13),
(466, 62, 118, 1, 14),
(466, 62, 109, 2, 15),
(466, 55, 128, 1, 16),
(466, 56, 122, 4, 17),
(466, 56, 121, 3, 18),
(466, 63, 130, 3, 19),
(466, 59, 117, 4, 20),
(466, 59, 140, 11, 21),
(467, 59, 43, 4, 1),
(467, 59, 42, 4, 2),
(467, 62, 33, 2, 3),
(467, 62, 32, 3, 4),
(467, 55, 53, 3, 5),
(467, 56, 11, 2, 6),
(467, 61, 80, 2, 7),
(467, 56, 94, 1, 8),
(467, 56, 47, 1, 9),
(467, 65, 106, 3, 10),
(467, 57, 98, 1, 11),
(467, 56, 4, 2, 12),
(467, 56, 116, 4, 13),
(467, 5005, 100, 3, 14),
(467, 55, 135, 3, 15),
(467, 65, 107, 1, 16),
(467, 60, 104, 1, 17),
(467, 62, 118, 1, 18),
(467, 62, 109, 3, 19),
(467, 57, 95, 1, 20),
(467, 56, 122, 4, 21),
(467, 59, 121, 1, 22),
(467, 65, 89, 3, 23),
(467, 58, 113, 4, 24),
(467, 59, 132, 3, 25),
(468, 63, 151, 3, 1),
(468, 63, 150, 3, 2),
(468, 62, 36, 4, 3),
(468, 54, 144, 1, 4),
(468, 58, 87, 1, 5),
(468, 56, 116, 4, 6),
(468, 5005, 100, 2, 7),
(468, 61, 111, 3, 8),
(468, 55, 135, 1, 9),
(468, 63, 160, 1, 10),
(468, 54, 149, 1, 11),
(468, 65, 90, 1, 12),
(468, 60, 104, 2, 13),
(468, 60, 105, 1, 14),
(468, 62, 118, 1, 15),
(468, 62, 109, 3, 16),
(468, 55, 129, 1, 17),
(468, 56, 122, 2, 18),
(468, 59, 123, 1, 19),
(468, 62, 102, 2, 20),
(468, 54, 135, 2, 21),
(468, 63, 131, 1, 22),
(468, 61, 91, 2, 23),
(468, 63, 164, 1, 24),
(468, 63, 139, 2, 25),
(468, 63, 140, 3, 26),
(468, 61, 104, 4, 27),
(468, 59, 137, 7, 28),
(469, 61, 106, 3, 1),
(469, 58, 54, 1, 2),
(469, 62, 69, 1, 3),
(469, 62, 68, 1, 4),
(469, 65, 106, 3, 5),
(469, 57, 98, 1, 6),
(469, 56, 116, 3, 7),
(469, 5005, 100, 1, 8),
(469, 56, 115, 1, 9),
(469, 60, 104, 2, 10),
(469, 59, 129, 1, 11),
(469, 62, 119, 1, 12),
(469, 62, 117, 1, 13),
(469, 62, 118, 1, 14),
(469, 62, 109, 4, 15),
(469, 54, 137, 1, 16),
(469, 56, 122, 4, 17),
(469, 65, 92, 4, 18),
(469, 58, 111, 4, 19),
(469, 61, 100, 4, 20),
(469, 55, 120, 1, 21),
(469, 62, 97, 2, 22),
(469, 59, 121, 3, 23),
(469, 56, 99, 2, 24),
(469, 55, 123, 4, 25),
(469, 55, 126, 2, 26),
(469, 58, 113, 4, 27),
(470, 61, 106, 4, 1),
(470, 65, 106, 4, 2),
(470, 54, 142, 1, 3),
(470, 56, 116, 3, 4),
(470, 5005, 100, 2, 5),
(470, 60, 104, 1, 6),
(470, 59, 129, 1, 7),
(470, 62, 119, 1, 8),
(470, 59, 115, 1, 9),
(470, 62, 118, 1, 10),
(470, 62, 109, 4, 11),
(470, 54, 137, 1, 12),
(470, 56, 122, 2, 13),
(470, 65, 92, 2, 14),
(470, 63, 122, 2, 15),
(470, 58, 111, 4, 16),
(470, 62, 94, 2, 17),
(470, 61, 100, 2, 18),
(470, 62, 97, 3, 19),
(470, 59, 121, 3, 20),
(470, 56, 99, 2, 21),
(470, 55, 123, 4, 22),
(470, 55, 126, 3, 23),
(470, 58, 113, 4, 24),
(470, 59, 134, 3, 25),
(471, 65, 105, 3, 1),
(471, 65, 104, 4, 2),
(471, 57, 96, 1, 3),
(471, 65, 106, 4, 4),
(471, 65, 2, 1, 5),
(471, 56, 4, 3, 6),
(471, 56, 116, 3, 7),
(471, 5005, 100, 1, 8),
(471, 55, 135, 1, 9),
(471, 65, 108, 1, 10),
(471, 60, 104, 1, 11),
(471, 62, 118, 1, 12),
(471, 62, 109, 4, 13),
(471, 54, 137, 1, 14),
(471, 62, 92, 3, 15),
(471, 56, 122, 4, 16),
(471, 65, 92, 3, 17),
(471, 63, 122, 3, 18),
(471, 65, 86, 3, 19),
(471, 54, 135, 1, 20),
(471, 65, 87, 3, 21),
(471, 65, 89, 3, 22),
(471, 58, 113, 4, 23),
(471, 59, 132, 4, 24),
(472, 61, 106, 4, 1),
(472, 62, 69, 4, 2),
(472, 62, 68, 4, 3),
(472, 56, 116, 4, 4),
(472, 5005, 100, 2, 5),
(472, 60, 104, 1, 6),
(472, 59, 129, 1, 7),
(472, 62, 119, 1, 8),
(472, 59, 115, 1, 9),
(472, 62, 118, 1, 10),
(472, 62, 109, 4, 11),
(472, 54, 137, 1, 12),
(472, 56, 122, 4, 13),
(472, 65, 92, 1, 14),
(472, 63, 122, 3, 15),
(472, 58, 111, 4, 16),
(472, 62, 94, 1, 17),
(472, 54, 135, 1, 18),
(472, 62, 97, 2, 19),
(472, 59, 121, 3, 20),
(472, 56, 99, 2, 21),
(472, 55, 123, 4, 22),
(472, 55, 126, 3, 23),
(472, 58, 113, 4, 24),
(473, 61, 106, 3, 1),
(473, 59, 93, 2, 2),
(473, 59, 92, 2, 3),
(473, 59, 96, 1, 4),
(473, 62, 115, 1, 5),
(473, 59, 144, 1, 6),
(473, 58, 88, 2, 7),
(473, 63, 145, 1, 8),
(473, 57, 96, 1, 9),
(473, 62, 113, 2, 10),
(473, 5006, 49, 1, 11),
(473, 56, 118, 1, 12),
(473, 65, 106, 1, 13),
(473, 57, 98, 1, 14),
(473, 56, 116, 4, 15),
(473, 5005, 100, 1, 16),
(473, 55, 135, 2, 17),
(473, 60, 106, 2, 18),
(473, 60, 104, 1, 19),
(473, 62, 119, 1, 20),
(473, 62, 117, 1, 21),
(473, 62, 118, 1, 22),
(473, 62, 109, 4, 23),
(473, 54, 137, 1, 24),
(473, 56, 122, 3, 25),
(473, 56, 121, 2, 26),
(473, 59, 121, 2, 27),
(473, 65, 89, 3, 28),
(473, 58, 113, 4, 29),
(473, 59, 131, 4, 30),
(473, 59, 140, 4, 31),
(474, 61, 106, 3, 1),
(474, 59, 93, 2, 2),
(474, 59, 92, 2, 3),
(474, 59, 96, 1, 4),
(474, 62, 115, 1, 5),
(474, 59, 144, 1, 6),
(474, 58, 88, 2, 7),
(474, 63, 145, 1, 8),
(474, 57, 96, 1, 9),
(474, 62, 113, 2, 10),
(474, 5006, 49, 1, 11),
(474, 56, 118, 1, 12),
(474, 65, 106, 1, 13),
(474, 57, 98, 1, 14),
(474, 56, 116, 4, 15),
(474, 5005, 100, 1, 16),
(474, 55, 135, 2, 17),
(474, 60, 106, 2, 18),
(474, 60, 104, 1, 19),
(474, 62, 119, 1, 20),
(474, 62, 117, 1, 21),
(474, 62, 118, 1, 22),
(474, 62, 109, 4, 23),
(474, 54, 137, 1, 24),
(474, 56, 122, 3, 25),
(474, 56, 121, 2, 26),
(474, 59, 121, 2, 27),
(474, 65, 89, 3, 28),
(474, 58, 113, 4, 29),
(474, 59, 131, 4, 30),
(475, 61, 106, 3, 1),
(475, 59, 93, 2, 2),
(475, 59, 92, 2, 3),
(475, 62, 115, 1, 4),
(475, 52, 107, 2, 5),
(475, 63, 145, 1, 6),
(475, 57, 96, 1, 7),
(475, 62, 113, 1, 8),
(475, 50, 15, 1, 9),
(475, 54, 144, 1, 10),
(475, 5006, 49, 1, 11),
(475, 62, 65, 1, 12),
(475, 53, 52, 1, 13),
(475, 65, 106, 1, 14),
(475, 57, 98, 1, 15),
(475, 56, 116, 3, 16),
(475, 50, 101, 1, 17),
(475, 55, 135, 2, 18),
(475, 60, 106, 2, 19),
(475, 65, 107, 1, 20),
(475, 60, 104, 1, 21),
(475, 62, 119, 1, 22),
(475, 62, 117, 1, 23),
(475, 62, 118, 1, 24),
(475, 62, 109, 4, 25),
(475, 54, 137, 1, 26),
(475, 52, 102, 2, 27),
(475, 51, 89, 2, 28),
(475, 49, 94, 1, 29),
(475, 59, 121, 2, 30),
(475, 65, 89, 3, 31),
(475, 51, 92, 4, 32),
(475, 51, 93, 4, 33),
(475, 59, 131, 4, 34),
(476, 61, 106, 3, 1),
(476, 59, 93, 2, 2),
(476, 59, 92, 2, 3),
(476, 62, 115, 1, 4),
(476, 52, 107, 2, 5),
(476, 63, 145, 1, 6),
(476, 57, 96, 1, 7),
(476, 62, 113, 1, 8),
(476, 50, 15, 1, 9),
(476, 54, 144, 1, 10),
(476, 5006, 49, 1, 11),
(476, 62, 65, 1, 12),
(476, 53, 52, 1, 13),
(476, 65, 106, 1, 14),
(476, 57, 98, 1, 15),
(476, 56, 116, 3, 16),
(476, 50, 101, 1, 17),
(476, 55, 135, 2, 18),
(476, 60, 106, 2, 19),
(476, 65, 107, 1, 20),
(476, 60, 104, 1, 21),
(476, 62, 119, 1, 22),
(476, 62, 117, 1, 23),
(476, 62, 118, 1, 24),
(476, 62, 109, 4, 25),
(476, 54, 137, 1, 26),
(476, 52, 102, 2, 27),
(476, 51, 89, 2, 28),
(476, 49, 94, 1, 29),
(476, 59, 121, 2, 30),
(477, 61, 106, 3, 1),
(477, 62, 33, 3, 2),
(477, 62, 32, 4, 3),
(477, 55, 53, 4, 4),
(477, 62, 113, 3, 5),
(477, 58, 54, 1, 6),
(477, 57, 98, 1, 7),
(477, 56, 116, 4, 8),
(477, 5005, 100, 4, 9),
(477, 55, 135, 2, 10),
(477, 60, 104, 2, 11),
(477, 60, 105, 1, 12),
(477, 62, 118, 1, 13),
(477, 62, 109, 3, 14),
(477, 54, 137, 1, 15),
(477, 56, 122, 4, 16),
(477, 54, 135, 1, 17),
(477, 62, 97, 2, 18),
(477, 59, 121, 3, 19),
(477, 63, 137, 2, 20),
(477, 58, 113, 4, 21),
(477, 59, 135, 7, 22),
(478, 62, 120, 3, 1),
(478, 62, 113, 4, 2),
(478, 53, 123, 3, 3),
(478, 48, 113, 2, 4),
(478, 57, 98, 1, 5),
(478, 56, 116, 4, 6),
(478, 50, 101, 4, 7),
(478, 55, 135, 2, 8),
(478, 54, 149, 2, 9),
(478, 60, 104, 2, 10),
(478, 60, 105, 1, 11),
(478, 62, 118, 1, 12),
(478, 62, 109, 3, 13),
(478, 54, 137, 1, 14),
(478, 62, 92, 3, 15),
(478, 52, 102, 4, 16),
(478, 59, 123, 1, 17),
(478, 49, 94, 3, 18),
(478, 48, 104, 1, 19),
(478, 62, 100, 3, 20),
(478, 48, 108, 7, 21),
(478, 48, 106, 5, 22),
(479, 61, 106, 3, 1),
(479, 58, 54, 1, 2),
(479, 62, 69, 1, 3),
(479, 62, 68, 1, 4),
(479, 65, 106, 4, 5),
(479, 57, 98, 1, 6),
(479, 56, 116, 3, 7),
(479, 5005, 100, 1, 8),
(479, 56, 115, 1, 9),
(479, 60, 104, 1, 10),
(479, 59, 129, 1, 11),
(479, 62, 119, 1, 12),
(479, 62, 117, 1, 13),
(479, 62, 118, 1, 14),
(479, 62, 109, 4, 15),
(479, 57, 95, 1, 16),
(479, 56, 122, 4, 17),
(479, 65, 92, 3, 18),
(479, 63, 122, 4, 19),
(479, 58, 111, 4, 20),
(479, 62, 94, 1, 21),
(479, 61, 100, 3, 22),
(479, 60, 97, 1, 23),
(479, 62, 97, 2, 24),
(479, 59, 121, 3, 25),
(479, 55, 123, 3, 26),
(479, 55, 126, 2, 27),
(479, 58, 113, 4, 28),
(480, 61, 106, 4, 1),
(480, 63, 21, 2, 2),
(480, 5005, 66, 1, 3),
(480, 63, 20, 3, 4),
(480, 57, 98, 1, 5),
(480, 56, 116, 4, 6),
(480, 5005, 100, 1, 7),
(480, 55, 135, 1, 8),
(480, 60, 104, 1, 9),
(480, 59, 129, 2, 10),
(480, 62, 119, 2, 11),
(480, 62, 117, 1, 12),
(480, 62, 118, 1, 13),
(480, 62, 109, 4, 14),
(480, 54, 137, 1, 15),
(480, 56, 122, 3, 16),
(480, 63, 122, 4, 17),
(480, 58, 111, 4, 18),
(480, 62, 94, 1, 19),
(480, 61, 100, 4, 20),
(480, 54, 135, 1, 21),
(480, 59, 121, 3, 22),
(480, 55, 123, 4, 23),
(480, 55, 126, 2, 24),
(480, 58, 113, 4, 25),
(480, 59, 133, 1, 26),
(481, 63, 151, 3, 1),
(481, 63, 150, 3, 2),
(481, 63, 24, 3, 3),
(481, 63, 22, 3, 4),
(481, 56, 116, 4, 5),
(481, 50, 101, 4, 6),
(481, 55, 135, 1, 7),
(481, 61, 111, 3, 8),
(481, 60, 104, 2, 9),
(481, 62, 118, 1, 10),
(481, 62, 109, 3, 11),
(481, 54, 137, 1, 12),
(481, 51, 88, 3, 13),
(481, 59, 116, 1, 14),
(481, 59, 123, 2, 15),
(481, 56, 99, 4, 16),
(481, 63, 138, 2, 17),
(481, 63, 140, 3, 18),
(481, 51, 92, 3, 19),
(481, 48, 110, 7, 20),
(481, 48, 106, 4, 21),
(482, 61, 106, 4, 1),
(482, 56, 119, 2, 2),
(482, 58, 67, 2, 3),
(482, 65, 106, 2, 4),
(482, 56, 116, 4, 5),
(482, 5005, 100, 4, 6),
(482, 55, 135, 1, 7),
(482, 56, 102, 1, 8),
(482, 60, 104, 2, 9),
(482, 62, 119, 1, 10),
(482, 59, 129, 1, 11),
(482, 62, 117, 1, 12),
(482, 62, 109, 3, 13),
(482, 54, 137, 1, 14),
(482, 56, 122, 4, 15),
(482, 58, 111, 4, 16),
(482, 62, 94, 1, 17),
(482, 62, 97, 2, 18),
(482, 59, 121, 3, 19),
(482, 56, 99, 3, 20),
(482, 55, 123, 4, 21),
(482, 55, 126, 3, 22),
(482, 58, 113, 4, 23),
(482, 59, 134, 3, 24),
(483, 63, 147, 4, 1),
(483, 57, 20, 3, 2),
(483, 5005, 100, 3, 3),
(483, 59, 127, 1, 4),
(483, 54, 130, 2, 5),
(483, 54, 149, 3, 6),
(483, 60, 106, 4, 7),
(483, 60, 104, 2, 8),
(483, 62, 119, 1, 9),
(483, 59, 129, 4, 10),
(483, 62, 117, 4, 11),
(483, 59, 115, 4, 12),
(483, 62, 109, 4, 13),
(483, 55, 128, 1, 14),
(483, 60, 96, 1, 15),
(483, 60, 98, 1, 16),
(483, 62, 94, 3, 17),
(483, 56, 121, 4, 18),
(483, 60, 97, 1, 19),
(483, 59, 119, 4, 20),
(483, 63, 137, 4, 21),
(483, 63, 140, 2, 22),
(484, 62, 61, 3, 1),
(484, 62, 60, 4, 2),
(484, 61, 106, 2, 3),
(484, 62, 65, 2, 4),
(484, 55, 133, 1, 5),
(484, 62, 122, 1, 6),
(484, 62, 63, 1, 7),
(484, 58, 54, 1, 8),
(484, 56, 94, 1, 9),
(484, 54, 142, 1, 10),
(484, 65, 106, 1, 11),
(484, 56, 116, 4, 12),
(484, 5005, 100, 3, 13),
(484, 55, 135, 2, 14),
(484, 60, 104, 2, 15),
(484, 62, 109, 4, 16),
(484, 54, 137, 1, 17),
(484, 62, 92, 2, 18),
(484, 56, 122, 4, 19),
(484, 56, 121, 1, 20),
(484, 55, 120, 1, 21),
(484, 59, 121, 3, 22),
(484, 56, 99, 2, 23),
(484, 62, 105, 2, 24),
(484, 58, 113, 4, 25),
(484, 59, 139, 7, 26),
(485, 62, 120, 3, 1),
(485, 62, 113, 4, 2),
(485, 56, 117, 2, 3),
(485, 56, 119, 2, 4),
(485, 58, 67, 2, 5),
(485, 57, 98, 1, 6),
(485, 56, 116, 4, 7),
(485, 5005, 100, 2, 8),
(485, 63, 157, 1, 9),
(485, 60, 104, 2, 10),
(485, 62, 109, 4, 11),
(485, 54, 137, 1, 12),
(485, 62, 92, 2, 13),
(485, 56, 122, 4, 14),
(485, 65, 92, 3, 15),
(485, 63, 122, 3, 16),
(485, 56, 121, 2, 17),
(485, 54, 135, 1, 18),
(485, 62, 100, 3, 19),
(485, 56, 99, 2, 20),
(485, 63, 137, 3, 21),
(485, 59, 135, 6, 22),
(485, 59, 134, 3, 23),
(486, 63, 88, 3, 1),
(486, 63, 87, 4, 2),
(486, 54, 144, 2, 3),
(486, 61, 106, 2, 4),
(486, 65, 106, 1, 5),
(486, 56, 116, 4, 6),
(486, 5005, 100, 3, 7),
(486, 63, 159, 1, 8),
(486, 61, 111, 2, 9),
(486, 60, 104, 2, 10),
(486, 62, 119, 2, 11),
(486, 60, 105, 1, 12),
(486, 62, 109, 2, 13),
(486, 54, 137, 1, 14),
(486, 56, 122, 3, 15),
(486, 62, 94, 1, 16),
(486, 56, 121, 1, 17),
(486, 55, 120, 1, 18),
(486, 54, 135, 2, 19),
(486, 59, 121, 2, 20),
(486, 59, 119, 2, 21),
(486, 55, 123, 3, 22),
(486, 55, 126, 1, 23),
(486, 63, 140, 2, 24),
(486, 58, 113, 4, 25),
(486, 61, 104, 4, 26),
(486, 59, 137, 4, 27),
(487, 61, 106, 4, 1),
(487, 62, 113, 2, 2),
(487, 62, 33, 2, 3),
(487, 62, 32, 3, 4),
(487, 55, 53, 4, 5),
(487, 65, 106, 2, 6),
(487, 56, 116, 4, 7),
(487, 5005, 100, 3, 8),
(487, 55, 135, 2, 9),
(487, 60, 104, 2, 10),
(487, 62, 119, 1, 11),
(487, 62, 117, 1, 12),
(487, 62, 109, 3, 13),
(487, 56, 108, 1, 14),
(487, 56, 122, 4, 15),
(487, 61, 100, 3, 16),
(487, 62, 97, 2, 17),
(487, 59, 121, 2, 18),
(487, 55, 123, 4, 19),
(487, 55, 126, 2, 20),
(487, 63, 140, 1, 21),
(487, 58, 113, 4, 22),
(487, 59, 135, 4, 23),
(488, 62, 61, 3, 1),
(488, 62, 60, 3, 2),
(488, 55, 90, 2, 3),
(488, 55, 89, 2, 4),
(488, 55, 88, 3, 5),
(488, 62, 65, 3, 6),
(488, 62, 63, 2, 7),
(488, 54, 142, 1, 8),
(488, 65, 106, 2, 9),
(488, 57, 98, 1, 10),
(488, 56, 116, 3, 11),
(488, 5005, 100, 3, 12),
(488, 55, 135, 2, 13),
(488, 63, 160, 1, 14),
(488, 60, 104, 2, 15),
(488, 62, 117, 1, 16),
(488, 62, 109, 4, 17),
(488, 54, 137, 1, 18),
(488, 56, 122, 4, 19),
(488, 63, 136, 2, 20),
(488, 57, 105, 1, 21),
(488, 56, 99, 2, 22),
(488, 65, 89, 2, 23),
(488, 58, 113, 3, 24),
(488, 59, 139, 7, 25),
(489, 62, 61, 3, 1),
(489, 62, 60, 3, 2),
(489, 65, 105, 2, 3),
(489, 65, 104, 2, 4),
(489, 65, 60, 1, 5),
(489, 62, 65, 2, 6),
(489, 55, 133, 1, 7),
(489, 62, 63, 1, 8),
(489, 56, 94, 1, 9),
(489, 54, 142, 1, 10),
(489, 65, 106, 3, 11),
(489, 56, 116, 3, 12),
(489, 5005, 100, 1, 13),
(489, 55, 135, 3, 14),
(489, 60, 106, 1, 15),
(489, 60, 104, 2, 16),
(489, 62, 109, 4, 17),
(489, 54, 137, 1, 18),
(489, 62, 92, 2, 19),
(489, 56, 122, 4, 20),
(489, 60, 96, 1, 21),
(489, 56, 99, 2, 22),
(489, 65, 87, 2, 23),
(489, 65, 89, 4, 24),
(489, 58, 113, 4, 25),
(489, 59, 139, 6, 26),
(490, 8, 5, 3, 1),
(490, 8, 32, 4, 2),
(490, 8, 81, 4, 3),
(490, 10, 27, 1, 4),
(490, 9, 66, 1, 5),
(490, 8, 12, 1, 6),
(490, 8, 22, 1, 7),
(490, 8, 20, 3, 8),
(490, 8, 96, 4, 9),
(490, 6, 114, 4, 10),
(490, 6, 118, 3, 11),
(490, 6, 126, 4, 12),
(490, 8, 90, 1, 13),
(490, 8, 100, 4, 14),
(490, 8, 86, 3, 15),
(490, 10, 61, 2, 16),
(490, 5001, 41, 1, 17),
(490, 6, 132, 16, 18),
(491, 10, 33, 4, 1),
(491, 11, 82, 3, 2),
(491, 10, 53, 1, 3),
(491, 10, 6, 3, 4),
(491, 10, 17, 1, 5),
(491, 8, 20, 3, 6),
(491, 8, 96, 4, 7),
(491, 6, 114, 4, 8),
(491, 12, 103, 3, 9),
(491, 8, 90, 2, 10),
(491, 8, 100, 4, 11),
(491, 8, 93, 2, 12),
(491, 12, 104, 1, 13),
(491, 8, 86, 2, 14),
(491, 10, 61, 2, 15),
(491, 6, 128, 21, 16),
(492, 5, 37, 4, 1),
(492, 5001, 20, 4, 2),
(492, 8, 14, 4, 3),
(492, 8, 73, 4, 4),
(492, 5001, 3, 2, 5),
(492, 8, 24, 2, 6),
(492, 8, 20, 3, 7),
(492, 8, 96, 4, 8),
(492, 6, 114, 2, 9),
(492, 12, 103, 4, 10),
(492, 8, 90, 1, 11),
(492, 8, 100, 4, 12),
(492, 8, 86, 3, 13),
(492, 5001, 40, 2, 14),
(492, 10, 63, 2, 15),
(492, 8, 104, 3, 16),
(492, 6, 131, 12, 17),
(493, 8, 5, 3, 1),
(493, 8, 32, 4, 2),
(493, 8, 81, 4, 3),
(493, 9, 66, 1, 4),
(493, 8, 12, 2, 5),
(493, 8, 23, 1, 6),
(493, 8, 20, 3, 7),
(493, 8, 96, 4, 8),
(493, 6, 114, 4, 9),
(493, 6, 118, 3, 10),
(493, 6, 126, 4, 11),
(493, 8, 90, 1, 12),
(493, 8, 100, 4, 13),
(493, 8, 86, 3, 14),
(493, 10, 61, 2, 15),
(493, 5001, 41, 1, 16),
(493, 6, 132, 16, 17),
(494, 8, 5, 3, 1),
(494, 8, 32, 4, 2),
(494, 8, 81, 4, 3),
(494, 8, 12, 2, 4),
(494, 8, 22, 1, 5),
(494, 8, 23, 1, 6),
(494, 8, 20, 3, 7),
(494, 8, 96, 4, 8),
(494, 6, 114, 4, 9),
(494, 6, 118, 3, 10),
(494, 6, 126, 3, 11),
(494, 8, 90, 1, 12),
(494, 8, 100, 4, 13),
(494, 8, 86, 3, 14),
(494, 6, 124, 1, 15),
(494, 6, 104, 1, 16),
(494, 5, 81, 1, 17),
(494, 6, 132, 17, 18),
(495, 8, 5, 3, 1),
(495, 8, 32, 4, 2),
(495, 8, 81, 4, 3),
(495, 10, 27, 2, 4),
(495, 8, 12, 1, 5),
(495, 8, 22, 1, 6),
(495, 8, 20, 3, 7),
(495, 8, 96, 4, 8),
(495, 6, 114, 4, 9),
(495, 6, 118, 3, 10),
(495, 6, 126, 3, 11),
(495, 8, 90, 1, 12),
(495, 8, 100, 4, 13),
(495, 8, 86, 3, 14),
(495, 6, 124, 1, 15),
(495, 6, 132, 17, 18),
(495, 6, 104, 2, 19),
(496, 10, 19, 3, 1),
(496, 8, 48, 3, 2),
(496, 8, 62, 3, 3),
(496, 9, 1, 3, 4),
(496, 5001, 11, 3, 5),
(496, 9, 11, 1, 6),
(496, 5, 48, 1, 7),
(496, 8, 12, 2, 8),
(496, 8, 23, 1, 9),
(496, 8, 20, 3, 10),
(496, 8, 96, 4, 11),
(496, 6, 114, 3, 12),
(496, 6, 16, 1, 13),
(496, 8, 90, 2, 14),
(496, 8, 100, 4, 15),
(496, 8, 86, 4, 16),
(496, 7, 102, 2, 17),
(496, 7, 109, 2, 18),
(496, 5, 81, 2, 19),
(496, 6, 131, 7, 20),
(496, 6, 132, 6, 21),
(497, 10, 4, 3, 1),
(497, 10, 29, 4, 2),
(497, 10, 59, 4, 3),
(497, 8, 24, 2, 4),
(497, 8, 12, 2, 5),
(497, 8, 20, 3, 6),
(497, 8, 96, 4, 7),
(497, 6, 114, 3, 8),
(497, 5, 77, 3, 9),
(497, 5, 16, 2, 10),
(497, 8, 100, 4, 11),
(497, 8, 86, 4, 12),
(497, 7, 102, 2, 13),
(497, 7, 109, 2, 14),
(497, 8, 104, 4, 15),
(497, 6, 129, 14, 16),
(498, 8, 5, 3, 1),
(498, 8, 32, 4, 2),
(498, 8, 81, 4, 3),
(498, 9, 11, 2, 4),
(498, 8, 12, 1, 5),
(498, 8, 20, 3, 6),
(498, 8, 96, 4, 7),
(498, 6, 114, 3, 8),
(498, 6, 118, 3, 9),
(498, 6, 126, 3, 10),
(498, 5, 77, 1, 11),
(498, 8, 100, 4, 12),
(498, 6, 116, 1, 13),
(498, 7, 126, 1, 14),
(498, 8, 86, 3, 15),
(498, 10, 61, 2, 16),
(498, 6, 132, 18, 17),
(499, 10, 4, 3, 1),
(499, 10, 29, 3, 2),
(499, 10, 59, 3, 3),
(499, 8, 24, 3, 4),
(499, 11, 26, 2, 5),
(499, 11, 84, 3, 6),
(499, 8, 12, 2, 7),
(499, 8, 20, 2, 8),
(499, 8, 96, 4, 9),
(499, 10, 62, 2, 10),
(499, 5, 77, 3, 11),
(499, 8, 100, 3, 12),
(499, 8, 86, 4, 13),
(499, 7, 109, 2, 14),
(499, 11, 16, 1, 15),
(499, 8, 104, 4, 16),
(499, 5, 81, 2, 17),
(499, 8, 105, 3, 18),
(499, 6, 129, 8, 19),
(499, 6, 132, 3, 20),
(500, 6, 26, 3, 1),
(500, 6, 49, 2, 2),
(500, 6, 48, 1, 3),
(500, 6, 76, 2, 4),
(500, 7, 38, 2, 5),
(500, 9, 13, 3, 6),
(500, 5001, 11, 3, 7),
(500, 9, 66, 1, 8),
(500, 8, 22, 1, 9),
(500, 8, 20, 3, 10),
(500, 8, 96, 4, 11),
(500, 6, 114, 1, 12),
(500, 6, 118, 1, 13),
(500, 6, 16, 1, 14),
(500, 6, 109, 2, 15),
(500, 5, 77, 2, 16),
(500, 5, 76, 2, 17),
(500, 5, 78, 1, 18),
(500, 7, 126, 2, 19),
(500, 8, 93, 1, 20),
(500, 8, 86, 3, 21),
(500, 6, 107, 1, 22),
(500, 6, 124, 2, 23),
(500, 5, 17, 1, 24),
(500, 8, 104, 4, 25),
(500, 6, 129, 11, 26),
(501, 6, 11, 4, 1),
(501, 6, 13, 4, 2),
(501, 8, 59, 2, 3),
(501, 5001, 18, 2, 4),
(501, 8, 22, 1, 5),
(501, 10, 54, 1, 6),
(501, 8, 20, 2, 7),
(501, 8, 96, 4, 8),
(501, 8, 91, 2, 9),
(501, 7, 116, 1, 10),
(501, 5, 77, 1, 11),
(501, 5, 76, 1, 12),
(501, 8, 100, 2, 13),
(501, 5, 78, 2, 14),
(501, 7, 126, 1, 15),
(501, 8, 93, 4, 16),
(501, 8, 86, 1, 17),
(501, 5001, 42, 1, 18),
(501, 7, 109, 2, 19),
(501, 5, 81, 2, 20),
(501, 6, 127, 11, 21),
(501, 6, 129, 9, 22),
(502, 8, 5, 3, 1),
(502, 8, 32, 4, 2),
(502, 8, 81, 4, 3),
(502, 8, 12, 2, 4),
(502, 8, 22, 1, 5),
(502, 8, 23, 1, 6),
(502, 8, 20, 3, 7),
(502, 8, 96, 4, 8),
(502, 6, 114, 4, 9),
(502, 6, 118, 3, 10),
(502, 6, 126, 3, 11),
(502, 8, 90, 1, 12),
(502, 8, 100, 4, 13),
(502, 8, 86, 3, 14),
(502, 6, 124, 1, 15),
(502, 6, 104, 1, 16),
(502, 5, 81, 1, 17),
(502, 6, 132, 17, 18),
(503, 11, 11, 3, 1),
(503, 11, 38, 3, 2),
(503, 11, 70, 3, 3),
(503, 8, 14, 4, 4),
(503, 8, 73, 2, 5),
(503, 5, 67, 2, 6),
(503, 8, 22, 2, 7),
(503, 8, 20, 4, 8),
(503, 8, 96, 4, 9),
(503, 6, 16, 3, 10),
(503, 5, 77, 2, 11),
(503, 7, 126, 2, 12),
(503, 10, 60, 2, 13),
(503, 8, 93, 2, 14),
(503, 8, 86, 2, 15),
(503, 7, 109, 2, 16),
(503, 10, 63, 3, 17),
(503, 8, 104, 3, 18),
(503, 6, 127, 12, 19),
(504, 10, 19, 2, 1),
(504, 8, 8, 1, 2),
(504, 8, 48, 3, 3),
(504, 8, 62, 3, 4),
(504, 9, 13, 2, 5),
(504, 9, 1, 1, 6),
(504, 5, 35, 1, 7),
(504, 5001, 11, 2, 8),
(504, 9, 38, 1, 9),
(504, 8, 24, 2, 10),
(504, 6, 76, 1, 11),
(504, 8, 12, 2, 12),
(504, 8, 20, 3, 13),
(504, 8, 96, 4, 14),
(504, 6, 114, 3, 15),
(504, 5, 77, 2, 16),
(504, 8, 100, 3, 17),
(504, 8, 86, 4, 18),
(504, 7, 102, 2, 19),
(504, 10, 61, 1, 20),
(504, 5, 17, 1, 21),
(504, 8, 104, 4, 22),
(504, 6, 132, 8, 23),
(504, 6, 131, 4, 24),
(505, 8, 15, 3, 1),
(505, 8, 69, 2, 2),
(505, 1001, 3, 1, 3),
(505, 8, 14, 4, 4),
(505, 5, 67, 3, 5),
(505, 8, 24, 2, 6),
(505, 10, 24, 1, 7),
(505, 8, 22, 1, 8),
(505, 9, 40, 1, 9),
(505, 8, 20, 3, 10),
(505, 8, 96, 4, 11),
(505, 6, 114, 3, 12),
(505, 6, 16, 3, 13),
(505, 6, 111, 1, 14),
(505, 5, 77, 1, 15),
(505, 5, 76, 2, 16),
(505, 6, 17, 1, 17),
(505, 7, 126, 3, 18),
(505, 8, 93, 4, 19),
(505, 7, 102, 1, 20),
(505, 10, 61, 2, 21),
(505, 8, 104, 4, 22),
(505, 8, 19, 4, 23),
(505, 5, 81, 3, 24),
(505, 8, 105, 3, 25),
(506, 8, 17, 3, 1),
(506, 8, 47, 4, 2),
(506, 8, 57, 4, 3),
(506, 7, 1, 3, 4),
(506, 7, 62, 4, 5),
(506, 7, 33, 2, 6),
(506, 6, 63, 2, 7),
(506, 8, 20, 2, 8),
(506, 8, 96, 3, 9),
(506, 6, 114, 1, 10),
(506, 7, 116, 2, 11),
(506, 5, 77, 2, 12),
(506, 7, 17, 3, 13),
(506, 7, 126, 1, 14),
(506, 8, 93, 1, 15),
(506, 8, 86, 3, 16),
(506, 7, 113, 3, 17),
(506, 8, 19, 1, 18),
(506, 6, 128, 16, 19),
(507, 27, 85, 1, 1),
(507, 65, 32, 1, 2),
(507, 39, 19, 1, 3),
(507, 29, 40, 1, 4),
(507, 39, 92, 1, 5),
(507, 65, 30, 1, 6),
(507, 56, 12, 1, 7),
(507, 66, 13, 1, 8),
(507, 66, 26, 1, 9),
(507, 66, 22, 1, 10),
(507, 56, 90, 1, 11),
(507, 40, 59, 1, 12),
(507, 5001, 11, 1, 13),
(507, 2, 1, 1, 14),
(507, 34, 83, 1, 15),
(507, 62, 36, 1, 16),
(507, 37, 34, 1, 17),
(507, 37, 43, 1, 18),
(507, 65, 106, 1, 19),
(507, 35, 15, 1, 20),
(507, 35, 60, 1, 21),
(507, 35, 49, 1, 22),
(507, 26, 80, 1, 23),
(507, 17, 60, 1, 24),
(507, 27, 8, 1, 25),
(507, 56, 116, 1, 26),
(507, 59, 122, 1, 27),
(507, 55, 135, 1, 28),
(507, 50, 101, 1, 29),
(507, 43, 101, 1, 30),
(507, 13, 138, 1, 31),
(507, 20, 92, 1, 32),
(507, 56, 115, 1, 33),
(507, 46, 89, 1, 34),
(507, 63, 160, 1, 35),
(507, 5006, 33, 1, 36),
(507, 33, 109, 1, 37),
(507, 61, 111, 1, 38),
(507, 34, 125, 1, 39),
(507, 43, 97, 1, 40),
(507, 65, 107, 1, 41),
(507, 38, 87, 1, 42),
(507, 60, 104, 1, 43),
(507, 46, 88, 1, 44),
(507, 62, 117, 1, 45),
(507, 66, 75, 1, 46),
(507, 62, 118, 1, 47),
(507, 21, 100, 1, 48),
(507, 54, 137, 1, 49),
(507, 1, 71, 1, 50),
(507, 62, 92, 1, 51),
(507, 38, 86, 1, 52),
(507, 52, 102, 1, 53),
(507, 51, 89, 1, 54),
(507, 43, 98, 1, 55),
(507, 22, 91, 1, 56),
(507, 59, 116, 1, 57),
(507, 22, 92, 1, 58),
(507, 1, 74, 1, 59),
(507, 46, 87, 1, 60),
(507, 22, 84, 1, 61),
(507, 7, 121, 1, 62),
(507, 1, 88, 1, 63),
(507, 1, 91, 1, 64),
(507, 6, 16, 1, 65),
(507, 6, 114, 1, 66),
(507, 8, 91, 1, 67),
(507, 6, 118, 1, 68),
(507, 63, 122, 1, 69),
(507, 6, 97, 1, 70),
(507, 7, 111, 1, 71),
(507, 7, 112, 1, 72),
(507, 5, 76, 1, 73),
(507, 1, 79, 1, 74),
(507, 1, 92, 1, 75),
(507, 1, 93, 1, 76),
(507, 1, 95, 1, 77),
(507, 55, 123, 1, 78),
(507, 5, 78, 1, 79),
(507, 29, 85, 1, 80),
(507, 59, 121, 1, 81),
(507, 56, 99, 1, 82),
(507, 39, 104, 1, 83),
(507, 62, 93, 1, 84),
(507, 1, 96, 1, 85),
(507, 19, 88, 1, 86),
(507, 62, 112, 1, 87),
(507, 1, 101, 13, 88),
(508, 63, 149, 3, 1),
(508, 63, 148, 3, 2),
(508, 65, 17, 1, 3),
(508, 56, 31, 1, 4),
(508, 57, 20, 2, 5),
(508, 54, 142, 2, 6),
(508, 65, 106, 1, 7),
(508, 56, 116, 4, 8),
(508, 5005, 100, 4, 9),
(508, 55, 135, 2, 10),
(508, 60, 104, 2, 11),
(508, 62, 109, 4, 12),
(508, 54, 137, 1, 13),
(508, 63, 161, 2, 14),
(508, 56, 122, 3, 15),
(508, 59, 123, 2, 16),
(508, 63, 126, 1, 17),
(508, 63, 132, 3, 18),
(508, 56, 99, 3, 19),
(508, 63, 137, 3, 20),
(508, 63, 139, 1, 21),
(508, 59, 134, 12, 22),
(509, 62, 61, 2, 1),
(509, 62, 60, 3, 2),
(509, 65, 105, 3, 3),
(509, 65, 104, 3, 4),
(509, 62, 65, 2, 5),
(509, 62, 63, 1, 6),
(509, 54, 142, 1, 7),
(509, 65, 106, 3, 8),
(509, 56, 116, 4, 9),
(509, 5005, 100, 2, 10),
(509, 55, 135, 2, 11),
(509, 60, 104, 2, 12),
(509, 62, 117, 1, 13),
(509, 62, 109, 4, 14),
(509, 54, 137, 1, 15),
(509, 56, 122, 4, 16),
(509, 63, 122, 3, 17),
(509, 60, 96, 1, 18),
(509, 65, 87, 3, 19),
(509, 56, 99, 2, 20),
(509, 65, 89, 4, 21),
(509, 58, 113, 4, 22),
(509, 59, 139, 5, 23),
(510, 54, 31, 2, 1),
(510, 54, 142, 3, 2),
(510, 63, 147, 1, 3),
(510, 65, 17, 1, 4),
(510, 58, 54, 1, 5),
(510, 65, 106, 2, 6),
(510, 57, 98, 2, 7),
(510, 56, 4, 2, 8),
(510, 63, 157, 2, 9),
(510, 56, 116, 2, 10),
(510, 5005, 100, 1, 11),
(510, 60, 104, 1, 12),
(510, 62, 109, 4, 13),
(510, 54, 137, 1, 14),
(510, 62, 92, 4, 15),
(510, 56, 122, 4, 16),
(510, 65, 92, 4, 17),
(510, 63, 122, 4, 18),
(510, 56, 103, 4, 19),
(510, 59, 121, 1, 20),
(510, 56, 99, 1, 21),
(510, 63, 137, 2, 22),
(510, 59, 134, 11, 23),
(511, 61, 106, 3, 1),
(511, 62, 33, 3, 2),
(511, 62, 32, 4, 3),
(511, 55, 53, 4, 4),
(511, 58, 54, 2, 5),
(511, 65, 106, 2, 6),
(511, 56, 116, 4, 7),
(511, 5005, 100, 3, 8),
(511, 55, 135, 1, 9),
(511, 60, 104, 1, 10),
(511, 62, 119, 2, 11),
(511, 62, 117, 1, 12),
(511, 62, 109, 4, 13),
(511, 54, 137, 1, 14),
(511, 56, 122, 4, 15),
(511, 61, 100, 4, 16),
(511, 59, 121, 3, 17),
(511, 55, 123, 4, 18),
(511, 55, 126, 3, 19),
(511, 58, 113, 4, 20),
(511, 59, 134, 3, 21),
(512, 61, 106, 3, 1),
(512, 62, 33, 2, 2),
(512, 62, 32, 3, 3),
(512, 55, 53, 4, 4),
(512, 58, 54, 1, 5),
(512, 65, 106, 2, 6),
(512, 56, 116, 4, 7),
(512, 5005, 100, 3, 8),
(512, 55, 135, 1, 9),
(512, 60, 104, 2, 10),
(512, 62, 119, 1, 11),
(512, 62, 117, 1, 12),
(512, 60, 105, 1, 13),
(512, 62, 109, 4, 14),
(512, 54, 137, 1, 15),
(512, 56, 122, 4, 16),
(512, 61, 100, 3, 17),
(512, 62, 97, 2, 18),
(512, 59, 121, 3, 19),
(512, 55, 123, 4, 20),
(512, 55, 126, 3, 21),
(512, 58, 113, 4, 22),
(512, 59, 134, 4, 23),
(513, 62, 26, 4, 1),
(513, 62, 44, 4, 2),
(513, 62, 42, 4, 3),
(513, 58, 139, 3, 4),
(513, 65, 106, 4, 5),
(513, 56, 116, 2, 6),
(513, 5005, 100, 2, 7),
(513, 60, 104, 2, 8),
(513, 62, 109, 4, 9),
(513, 54, 137, 1, 10),
(513, 62, 92, 4, 11),
(513, 56, 122, 4, 12),
(513, 65, 92, 4, 13),
(513, 63, 122, 3, 14),
(513, 59, 121, 1, 15),
(513, 57, 88, 1, 16),
(513, 59, 119, 1, 17),
(513, 56, 99, 1, 18),
(513, 62, 93, 4, 19),
(513, 58, 113, 4, 20),
(513, 59, 135, 3, 21),
(514, 62, 114, 3, 1),
(514, 59, 55, 4, 2),
(514, 59, 54, 4, 3),
(514, 65, 106, 2, 4),
(514, 57, 98, 1, 5),
(514, 56, 116, 4, 6),
(514, 5005, 100, 4, 7),
(514, 55, 135, 1, 8),
(514, 65, 107, 3, 9),
(514, 60, 104, 2, 10),
(514, 62, 109, 4, 11),
(514, 54, 137, 1, 12),
(514, 56, 122, 4, 13),
(514, 65, 92, 3, 14),
(514, 59, 121, 3, 15),
(514, 56, 99, 3, 16),
(514, 63, 140, 2, 17),
(514, 55, 126, 2, 18),
(514, 58, 113, 4, 19),
(514, 62, 112, 4, 20),
(514, 59, 136, 2, 21),
(515, 59, 93, 2, 1),
(515, 60, 67, 2, 2),
(515, 59, 92, 1, 3),
(515, 61, 106, 3, 4),
(515, 62, 120, 1, 5),
(515, 62, 113, 1, 6),
(515, 58, 54, 1, 7),
(515, 63, 145, 1, 8),
(515, 60, 12, 1, 9),
(515, 55, 133, 1, 10),
(515, 62, 115, 1, 11),
(515, 54, 142, 1, 12),
(515, 57, 98, 1, 13),
(515, 56, 116, 4, 14),
(515, 5005, 100, 4, 15),
(515, 55, 135, 2, 16),
(515, 60, 106, 1, 17),
(515, 60, 104, 2, 18),
(515, 62, 119, 1, 19),
(515, 62, 117, 1, 20),
(515, 62, 109, 3, 21),
(515, 54, 137, 1, 22),
(515, 56, 122, 2, 23),
(515, 60, 96, 1, 24),
(515, 56, 121, 3, 25),
(515, 59, 121, 2, 26),
(515, 59, 117, 4, 27),
(515, 58, 113, 3, 28),
(515, 59, 131, 4, 29),
(515, 59, 140, 5, 30),
(516, 55, 72, 4, 1),
(516, 55, 71, 4, 2),
(516, 61, 63, 4, 3),
(516, 56, 47, 1, 4),
(516, 63, 121, 1, 5),
(516, 56, 116, 4, 6),
(516, 5005, 100, 4, 7),
(516, 55, 135, 1, 8),
(516, 61, 111, 4, 9),
(516, 60, 104, 2, 10),
(516, 62, 109, 4, 11),
(516, 54, 137, 1, 12),
(516, 63, 136, 1, 13),
(516, 56, 122, 1, 14),
(516, 65, 88, 1, 15),
(516, 62, 102, 4, 16),
(516, 59, 121, 2, 17),
(516, 57, 88, 1, 18),
(516, 61, 91, 2, 19),
(516, 61, 90, 3, 20),
(516, 63, 140, 1, 21),
(516, 58, 113, 2, 22),
(516, 61, 104, 4, 23),
(516, 59, 137, 4, 24),
(517, 62, 26, 4, 1),
(517, 62, 44, 4, 2),
(517, 62, 42, 4, 3),
(517, 58, 139, 2, 4),
(517, 65, 106, 3, 5),
(517, 56, 116, 3, 6),
(517, 5005, 100, 1, 7),
(517, 60, 104, 2, 8),
(517, 62, 109, 4, 9),
(517, 54, 137, 1, 10),
(517, 62, 92, 4, 11),
(517, 56, 122, 4, 12),
(517, 65, 92, 4, 13),
(517, 63, 122, 3, 14),
(517, 65, 88, 1, 15),
(517, 54, 136, 1, 16),
(517, 55, 120, 1, 17),
(517, 59, 121, 2, 18),
(517, 56, 99, 1, 19),
(517, 62, 93, 4, 20),
(517, 58, 113, 4, 21),
(517, 59, 135, 3, 22),
(518, 61, 106, 2, 1),
(518, 62, 33, 3, 2),
(518, 62, 32, 3, 3),
(518, 55, 53, 3, 4),
(518, 62, 113, 3, 5),
(518, 65, 40, 1, 6),
(518, 65, 106, 1, 7),
(518, 56, 116, 4, 8),
(518, 5005, 100, 3, 9),
(518, 55, 135, 1, 10),
(518, 60, 106, 1, 11),
(518, 60, 104, 2, 12),
(518, 62, 109, 3, 13),
(518, 57, 95, 1, 14),
(518, 63, 136, 2, 15),
(518, 56, 122, 2, 16),
(518, 59, 123, 1, 17),
(518, 62, 94, 2, 18),
(518, 61, 100, 4, 19),
(518, 54, 135, 1, 20),
(518, 60, 97, 1, 21),
(518, 62, 97, 3, 22),
(518, 59, 121, 3, 23),
(518, 62, 93, 1, 24),
(518, 58, 113, 3, 25),
(518, 59, 135, 6, 26),
(519, 54, 144, 2, 1),
(519, 61, 107, 1, 2),
(519, 61, 63, 3, 3),
(519, 62, 33, 3, 4),
(519, 62, 32, 4, 5),
(519, 55, 53, 4, 6),
(519, 65, 106, 1, 7),
(519, 56, 116, 4, 8),
(519, 5005, 100, 1, 9),
(519, 55, 135, 2, 10),
(519, 61, 111, 3, 11),
(519, 60, 104, 2, 12),
(519, 62, 109, 3, 13),
(519, 57, 95, 1, 14),
(519, 63, 136, 1, 15),
(519, 56, 122, 3, 16),
(519, 59, 123, 1, 17),
(519, 61, 100, 3, 18),
(519, 55, 120, 1, 19),
(519, 59, 121, 2, 20),
(519, 61, 91, 2, 21),
(519, 61, 90, 2, 22),
(519, 63, 140, 2, 23),
(519, 61, 104, 4, 24),
(519, 59, 137, 5, 25),
(520, 61, 106, 3, 1),
(520, 62, 33, 2, 2),
(520, 62, 32, 3, 3),
(520, 55, 53, 4, 4),
(520, 62, 113, 2, 5),
(520, 65, 106, 2, 6),
(520, 56, 116, 4, 7),
(520, 5005, 100, 4, 8),
(520, 55, 135, 1, 9),
(520, 60, 104, 2, 10),
(520, 62, 119, 1, 11),
(520, 62, 117, 1, 12),
(520, 60, 105, 1, 13),
(520, 62, 109, 3, 14),
(520, 56, 108, 1, 15),
(520, 56, 122, 4, 16),
(520, 61, 100, 3, 17),
(520, 62, 97, 2, 18),
(520, 59, 121, 2, 19),
(520, 55, 123, 4, 20),
(520, 55, 126, 3, 21),
(520, 58, 113, 4, 22),
(520, 59, 135, 4, 23),
(521, 55, 72, 4, 1),
(521, 55, 71, 4, 2),
(521, 61, 63, 4, 3),
(521, 56, 47, 1, 4),
(521, 63, 121, 1, 5),
(521, 56, 116, 4, 6),
(521, 5005, 100, 4, 7),
(521, 55, 135, 1, 8),
(521, 61, 111, 4, 9),
(521, 60, 104, 2, 10),
(521, 62, 109, 3, 11),
(521, 54, 137, 1, 12),
(521, 56, 122, 1, 13),
(521, 62, 102, 4, 14),
(521, 59, 121, 2, 15),
(521, 57, 88, 2, 16),
(521, 61, 91, 3, 17),
(521, 61, 90, 2, 18),
(521, 63, 140, 2, 19),
(521, 58, 113, 2, 20),
(521, 61, 104, 4, 21),
(521, 59, 137, 5, 22),
(522, 62, 120, 4, 1),
(522, 62, 113, 4, 2),
(522, 65, 23, 2, 3),
(522, 54, 142, 2, 4),
(522, 56, 47, 1, 5),
(522, 63, 121, 1, 6),
(522, 65, 106, 2, 7),
(522, 56, 116, 4, 8),
(522, 5005, 100, 4, 9),
(522, 55, 135, 2, 10),
(522, 60, 104, 2, 11),
(522, 62, 109, 3, 12),
(522, 54, 137, 1, 13),
(522, 56, 122, 4, 14),
(522, 62, 94, 2, 15),
(522, 55, 120, 1, 16),
(522, 60, 97, 1, 17),
(522, 62, 100, 4, 18),
(522, 56, 99, 2, 19),
(522, 63, 137, 4, 20),
(522, 59, 135, 6, 21),
(522, 59, 134, 4, 22),
(523, 55, 72, 4, 1),
(523, 55, 71, 4, 2),
(523, 61, 63, 4, 3),
(523, 63, 121, 1, 4),
(523, 56, 116, 4, 5),
(523, 5005, 100, 4, 6),
(523, 55, 135, 1, 7),
(523, 61, 111, 4, 8),
(523, 60, 104, 3, 9),
(523, 62, 109, 3, 10),
(523, 54, 137, 1, 11),
(523, 56, 122, 1, 12),
(523, 62, 102, 4, 13),
(523, 59, 121, 2, 14),
(523, 57, 88, 2, 15),
(523, 61, 91, 3, 16),
(523, 61, 90, 2, 17),
(523, 63, 140, 2, 18),
(523, 58, 113, 2, 19),
(523, 61, 104, 4, 20),
(523, 59, 137, 5, 21),
(524, 62, 61, 3, 1),
(524, 62, 60, 3, 2),
(524, 55, 90, 2, 3),
(524, 55, 89, 2, 4),
(524, 55, 88, 4, 5),
(524, 62, 65, 2, 6),
(524, 55, 133, 2, 7),
(524, 56, 109, 1, 8),
(524, 65, 106, 2, 9),
(524, 54, 142, 1, 10),
(524, 56, 116, 3, 11),
(524, 5005, 100, 3, 12),
(524, 55, 135, 2, 13),
(524, 63, 160, 1, 14),
(524, 60, 104, 2, 15),
(524, 62, 117, 1, 16),
(524, 62, 109, 4, 17),
(524, 54, 137, 1, 18),
(524, 63, 136, 1, 19),
(524, 56, 122, 4, 20),
(524, 60, 96, 1, 21),
(524, 57, 105, 1, 22),
(524, 56, 99, 2, 23),
(524, 65, 89, 2, 24),
(524, 58, 113, 3, 25),
(524, 59, 139, 7, 26),
(525, 61, 106, 3, 1),
(525, 62, 33, 2, 2),
(525, 62, 32, 3, 3),
(525, 55, 53, 4, 4),
(525, 62, 113, 2, 5),
(525, 65, 106, 2, 6),
(525, 56, 116, 4, 7),
(525, 5005, 100, 3, 8),
(525, 55, 135, 1, 9),
(525, 60, 104, 1, 10),
(525, 62, 119, 1, 11),
(525, 62, 117, 1, 12),
(525, 62, 109, 4, 13),
(525, 54, 137, 1, 14),
(525, 56, 122, 4, 15),
(525, 60, 96, 1, 16),
(525, 61, 100, 4, 17),
(525, 62, 97, 2, 18),
(525, 59, 121, 3, 19),
(525, 55, 123, 4, 20),
(525, 55, 126, 2, 21),
(525, 58, 113, 4, 22),
(525, 59, 135, 4, 23),
(526, 61, 106, 3, 1),
(526, 62, 33, 2, 2),
(526, 62, 32, 3, 3),
(526, 55, 53, 4, 4),
(526, 62, 113, 2, 5),
(526, 58, 54, 1, 6),
(526, 57, 98, 1, 7),
(526, 65, 106, 1, 8),
(526, 56, 116, 4, 9),
(526, 5005, 100, 3, 10),
(526, 55, 135, 1, 11),
(526, 60, 104, 1, 12),
(526, 62, 117, 1, 13),
(526, 62, 109, 4, 14),
(526, 54, 137, 1, 15),
(526, 56, 122, 4, 16),
(526, 61, 100, 4, 17),
(526, 60, 97, 1, 18),
(526, 62, 97, 2, 19),
(526, 59, 121, 2, 20),
(526, 55, 123, 4, 21),
(526, 55, 126, 2, 22),
(526, 63, 140, 2, 23),
(526, 58, 113, 4, 24),
(526, 59, 135, 3, 25),
(527, 62, 120, 3, 1),
(527, 62, 113, 4, 2),
(527, 54, 151, 2, 3),
(527, 56, 11, 2, 4),
(527, 56, 90, 2, 5),
(527, 54, 142, 1, 6),
(527, 65, 106, 2, 7),
(527, 56, 116, 4, 8),
(527, 5005, 100, 2, 9),
(527, 55, 135, 2, 10),
(527, 60, 104, 2, 11),
(527, 62, 117, 1, 12),
(527, 60, 105, 1, 13),
(527, 62, 109, 4, 14),
(527, 54, 137, 1, 15),
(527, 56, 122, 4, 16),
(527, 60, 96, 1, 17),
(527, 56, 121, 1, 18),
(527, 62, 100, 4, 19),
(527, 59, 121, 2, 20),
(527, 56, 99, 2, 21),
(527, 63, 137, 3, 22),
(527, 59, 135, 5, 23),
(527, 59, 137, 5, 24),
(528, 54, 144, 2, 1),
(528, 63, 151, 1, 2),
(528, 63, 150, 1, 3),
(528, 61, 63, 3, 4),
(528, 62, 33, 3, 5),
(528, 62, 32, 4, 6),
(528, 55, 53, 4, 7),
(528, 65, 106, 2, 8),
(528, 56, 116, 4, 9),
(528, 5005, 100, 2, 10),
(528, 55, 135, 2, 11),
(528, 61, 111, 2, 12),
(528, 60, 104, 2, 13),
(528, 62, 109, 4, 14),
(528, 57, 95, 1, 15),
(528, 56, 122, 4, 16),
(528, 61, 100, 3, 17),
(528, 59, 121, 2, 18),
(528, 61, 91, 2, 19),
(528, 61, 90, 3, 20),
(528, 61, 104, 4, 21),
(528, 59, 137, 5, 22),
(529, 54, 144, 2, 1),
(529, 61, 107, 1, 2),
(529, 61, 63, 4, 3),
(529, 62, 33, 3, 4),
(529, 62, 32, 3, 5),
(529, 55, 53, 4, 6),
(529, 65, 106, 1, 7),
(529, 56, 116, 4, 8),
(529, 5005, 100, 2, 9),
(529, 55, 135, 2, 10),
(529, 61, 111, 2, 11),
(529, 60, 104, 2, 12),
(529, 62, 117, 1, 13),
(529, 62, 109, 2, 14),
(529, 57, 95, 1, 15),
(529, 56, 122, 4, 16),
(529, 61, 100, 4, 17),
(529, 59, 121, 4, 18),
(529, 61, 90, 3, 19),
(529, 63, 140, 2, 20),
(529, 61, 104, 4, 21),
(529, 59, 137, 5, 22),
(530, 63, 151, 3, 1),
(530, 63, 150, 3, 2),
(530, 62, 36, 3, 3),
(530, 63, 121, 1, 4),
(530, 56, 116, 4, 5),
(530, 5005, 100, 2, 6),
(530, 61, 111, 4, 7),
(530, 63, 160, 1, 8),
(530, 60, 104, 2, 9),
(530, 60, 105, 1, 10),
(530, 62, 109, 4, 11),
(530, 54, 137, 1, 12),
(530, 56, 122, 1, 13),
(530, 59, 123, 1, 14),
(530, 65, 86, 2, 15),
(530, 62, 102, 4, 16),
(530, 55, 120, 1, 17),
(530, 54, 135, 2, 18),
(530, 60, 97, 1, 19),
(530, 59, 119, 2, 20),
(530, 61, 91, 1, 21),
(530, 61, 90, 1, 22),
(530, 63, 139, 1, 23),
(530, 63, 140, 2, 24),
(530, 61, 104, 4, 25),
(530, 59, 137, 8, 26),
(531, 61, 106, 3, 1),
(531, 62, 33, 2, 2),
(531, 62, 32, 3, 3),
(531, 55, 53, 4, 4),
(531, 62, 113, 2, 5),
(531, 58, 54, 1, 6),
(531, 65, 106, 2, 7),
(531, 56, 116, 4, 8),
(531, 5005, 100, 3, 9),
(531, 55, 135, 2, 10),
(531, 60, 104, 1, 11),
(531, 62, 119, 1, 12),
(531, 62, 117, 1, 13),
(531, 60, 105, 1, 14),
(531, 62, 109, 3, 15),
(531, 56, 108, 1, 16),
(531, 56, 122, 4, 17),
(531, 61, 100, 3, 18),
(531, 62, 97, 2, 19),
(531, 59, 121, 2, 20),
(531, 55, 123, 4, 21),
(531, 55, 126, 3, 22),
(531, 58, 113, 4, 23),
(531, 59, 135, 4, 24),
(532, 54, 144, 2, 1),
(532, 61, 107, 1, 2),
(532, 61, 63, 3, 3),
(532, 62, 33, 3, 4),
(532, 62, 32, 4, 5),
(532, 55, 53, 4, 6),
(532, 63, 121, 1, 7),
(532, 65, 106, 1, 8),
(532, 56, 116, 4, 9),
(532, 5005, 100, 3, 10),
(532, 55, 135, 1, 11),
(532, 61, 111, 2, 12),
(532, 60, 104, 2, 13),
(532, 62, 117, 1, 14),
(532, 57, 95, 1, 15),
(532, 63, 136, 1, 16),
(532, 56, 122, 3, 17),
(532, 60, 96, 1, 18),
(532, 58, 112, 3, 19),
(532, 61, 100, 3, 20),
(532, 59, 121, 2, 21),
(532, 61, 91, 2, 22),
(532, 61, 90, 3, 23),
(532, 61, 104, 4, 24),
(532, 59, 137, 5, 25),
(533, 54, 144, 2, 1),
(533, 61, 107, 1, 2),
(533, 61, 63, 3, 3),
(533, 62, 33, 3, 4),
(533, 62, 32, 4, 5),
(533, 55, 53, 4, 6),
(533, 63, 121, 1, 7),
(533, 65, 106, 1, 8),
(533, 56, 116, 2, 9),
(533, 5005, 100, 2, 10),
(533, 55, 135, 2, 11),
(533, 61, 111, 3, 12),
(533, 60, 104, 2, 13),
(533, 62, 119, 1, 14),
(533, 62, 117, 1, 15),
(533, 62, 109, 3, 16),
(533, 57, 95, 1, 17),
(533, 63, 136, 1, 18),
(533, 56, 122, 3, 19),
(533, 59, 123, 1, 20),
(533, 61, 100, 2, 21),
(533, 59, 121, 2, 22),
(533, 61, 91, 2, 23),
(533, 61, 90, 2, 24),
(533, 63, 140, 2, 25),
(533, 61, 104, 4, 26),
(533, 59, 137, 5, 27),
(534, 55, 72, 3, 1),
(534, 55, 71, 4, 2),
(534, 61, 63, 2, 3),
(534, 5006, 49, 1, 4),
(534, 62, 36, 2, 5),
(534, 63, 121, 1, 6),
(534, 56, 116, 2, 7),
(534, 5005, 100, 4, 8),
(534, 55, 135, 1, 9),
(534, 61, 111, 4, 10),
(534, 60, 104, 2, 11),
(534, 62, 119, 2, 12),
(534, 62, 109, 4, 13),
(534, 63, 136, 1, 14),
(534, 65, 92, 2, 15),
(534, 59, 123, 1, 16),
(534, 60, 96, 1, 17),
(534, 62, 102, 3, 18),
(534, 59, 121, 2, 19),
(534, 57, 88, 1, 20),
(534, 61, 91, 1, 21),
(534, 56, 99, 2, 22),
(534, 61, 90, 3, 23),
(534, 63, 140, 1, 24),
(534, 58, 113, 1, 25),
(534, 61, 104, 4, 26),
(534, 59, 137, 5, 27),
(535, 54, 144, 2, 1),
(535, 61, 107, 2, 2),
(535, 61, 63, 4, 3),
(535, 56, 11, 3, 4),
(535, 56, 90, 3, 5),
(535, 65, 106, 1, 6),
(535, 56, 116, 4, 7),
(535, 5005, 100, 3, 8),
(535, 55, 135, 3, 9),
(535, 60, 104, 2, 10),
(535, 62, 117, 1, 11),
(535, 62, 109, 4, 12),
(535, 54, 137, 1, 13),
(535, 56, 122, 4, 14),
(535, 54, 135, 3, 15),
(535, 59, 121, 4, 16),
(535, 61, 91, 2, 17),
(535, 61, 90, 4, 18),
(535, 61, 104, 4, 19),
(535, 59, 137, 6, 20),
(536, 54, 31, 2, 1),
(536, 54, 142, 3, 2),
(536, 56, 31, 1, 3),
(536, 63, 121, 1, 4),
(536, 57, 98, 2, 5),
(536, 65, 106, 2, 6),
(536, 56, 4, 2, 7),
(536, 63, 157, 2, 8),
(536, 56, 116, 3, 9),
(536, 5005, 100, 1, 10),
(536, 60, 104, 1, 11),
(536, 62, 109, 4, 12),
(536, 54, 137, 1, 13),
(536, 62, 92, 4, 14),
(536, 56, 122, 4, 15),
(536, 65, 92, 4, 16),
(536, 63, 122, 3, 17),
(536, 54, 136, 1, 18),
(536, 56, 103, 4, 19),
(536, 59, 121, 1, 20),
(536, 56, 99, 2, 21),
(536, 63, 137, 1, 22),
(536, 59, 134, 11, 23),
(537, 62, 120, 3, 1),
(537, 62, 113, 4, 2),
(537, 54, 142, 2, 3),
(537, 56, 117, 2, 4),
(537, 56, 31, 1, 5),
(537, 63, 21, 2, 6),
(537, 63, 20, 2, 7),
(537, 57, 98, 1, 8),
(537, 65, 106, 1, 9),
(537, 63, 157, 1, 10),
(537, 56, 116, 4, 11),
(537, 5005, 100, 1, 12),
(537, 60, 104, 2, 13),
(537, 62, 109, 4, 14),
(537, 54, 137, 1, 15),
(537, 62, 92, 3, 16),
(537, 56, 122, 4, 17),
(537, 65, 92, 4, 18),
(537, 62, 100, 3, 19),
(537, 56, 99, 2, 20),
(537, 63, 137, 3, 21),
(537, 59, 135, 5, 22),
(537, 59, 134, 5, 23),
(538, 61, 106, 4, 1),
(538, 62, 33, 3, 2),
(538, 62, 32, 4, 3),
(538, 55, 53, 4, 4),
(538, 65, 106, 2, 5),
(538, 56, 116, 4, 6),
(538, 5005, 100, 3, 7),
(538, 55, 135, 1, 8),
(538, 60, 104, 2, 9),
(538, 62, 119, 1, 10),
(538, 62, 117, 1, 11),
(538, 62, 109, 3, 12),
(538, 54, 137, 1, 13),
(538, 56, 122, 4, 14),
(538, 60, 96, 1, 15),
(538, 61, 100, 4, 16),
(538, 59, 121, 3, 17),
(538, 55, 123, 4, 18),
(538, 55, 126, 3, 19),
(538, 58, 113, 4, 20),
(538, 59, 134, 4, 21),
(539, 62, 120, 3, 1),
(539, 62, 113, 4, 2),
(539, 57, 97, 2, 3),
(539, 56, 111, 1, 4),
(539, 65, 106, 1, 5),
(539, 56, 116, 4, 6),
(539, 5005, 100, 3, 7),
(539, 54, 149, 1, 8),
(539, 56, 102, 1, 9),
(539, 60, 104, 1, 10),
(539, 62, 109, 4, 11),
(539, 57, 92, 1, 12),
(539, 62, 92, 2, 13),
(539, 56, 122, 4, 14),
(539, 65, 92, 3, 15),
(539, 63, 122, 3, 16),
(539, 56, 121, 2, 17),
(539, 55, 120, 1, 18),
(539, 54, 135, 1, 19),
(539, 62, 100, 3, 20),
(539, 59, 121, 2, 21),
(539, 63, 137, 2, 22),
(539, 55, 127, 2, 23),
(539, 59, 135, 5, 24),
(539, 59, 132, 4, 25),
(540, 56, 12, 4, 1),
(540, 56, 11, 3, 2),
(540, 56, 90, 3, 3),
(540, 61, 80, 1, 4),
(540, 56, 117, 2, 5),
(540, 54, 108, 2, 6),
(540, 54, 126, 2, 7),
(540, 56, 111, 2, 8),
(540, 56, 94, 1, 9),
(540, 56, 47, 1, 10),
(540, 57, 98, 2, 11),
(540, 56, 4, 1, 12),
(540, 63, 157, 1, 13),
(540, 56, 116, 4, 14),
(540, 5005, 100, 1, 15),
(540, 60, 104, 1, 16),
(540, 62, 109, 4, 17),
(540, 54, 137, 1, 18),
(540, 62, 92, 4, 19),
(540, 56, 122, 4, 20),
(540, 65, 92, 3, 21),
(540, 60, 96, 1, 22),
(540, 54, 136, 1, 23),
(540, 57, 88, 3, 24),
(540, 56, 99, 1, 25),
(540, 58, 113, 4, 26),
(540, 59, 134, 2, 27),
(540, 59, 132, 1, 28),
(541, 62, 120, 3, 1),
(541, 62, 113, 4, 2),
(541, 56, 117, 1, 3),
(541, 56, 119, 2, 4),
(541, 58, 67, 2, 5),
(541, 54, 142, 1, 6),
(541, 57, 98, 1, 7),
(541, 65, 106, 1, 8),
(541, 56, 4, 1, 9),
(541, 63, 157, 1, 10),
(541, 56, 116, 4, 11),
(541, 5005, 100, 1, 12),
(541, 55, 135, 1, 13),
(541, 60, 104, 2, 14),
(541, 62, 109, 4, 15),
(541, 54, 137, 1, 16),
(541, 62, 92, 3, 17),
(541, 56, 122, 4, 18),
(541, 65, 92, 3, 19),
(541, 62, 100, 4, 20),
(541, 56, 99, 3, 21),
(541, 63, 137, 3, 22),
(541, 59, 135, 5, 23),
(541, 59, 134, 5, 24),
(542, 54, 144, 2, 1),
(542, 61, 107, 1, 2),
(542, 61, 63, 3, 3),
(542, 62, 33, 3, 4),
(542, 62, 32, 4, 5),
(542, 55, 53, 4, 6),
(542, 60, 83, 1, 7),
(542, 65, 106, 1, 8),
(542, 56, 116, 4, 9),
(542, 5005, 100, 3, 10),
(542, 55, 135, 3, 11),
(542, 60, 104, 2, 12),
(542, 62, 109, 4, 13),
(542, 57, 95, 1, 14),
(542, 63, 136, 1, 15),
(542, 56, 122, 4, 16),
(542, 61, 100, 3, 17),
(542, 59, 121, 2, 18),
(542, 61, 91, 2, 19),
(542, 61, 90, 1, 20),
(542, 63, 140, 2, 21),
(542, 61, 104, 4, 22),
(542, 59, 137, 5, 23),
(543, 62, 61, 2, 1),
(543, 62, 60, 3, 2),
(543, 65, 105, 3, 3),
(543, 65, 104, 3, 4),
(543, 62, 65, 2, 5),
(543, 62, 63, 1, 6),
(543, 54, 142, 1, 7),
(543, 65, 106, 3, 8),
(543, 56, 116, 4, 9),
(543, 5005, 100, 2, 10),
(543, 55, 135, 2, 11),
(543, 60, 104, 2, 12),
(543, 62, 117, 1, 13),
(543, 62, 109, 4, 14),
(543, 54, 137, 1, 15),
(543, 56, 122, 4, 16),
(543, 63, 122, 3, 17),
(543, 60, 96, 1, 18),
(543, 65, 87, 3, 19),
(543, 56, 99, 2, 20),
(543, 65, 89, 4, 21),
(543, 58, 113, 4, 22),
(543, 59, 139, 5, 23),
(544, 61, 106, 3, 1),
(544, 62, 113, 3, 2),
(544, 65, 40, 1, 3),
(544, 61, 37, 2, 4),
(544, 56, 47, 1, 5),
(544, 65, 106, 2, 6),
(544, 56, 116, 4, 7),
(544, 5005, 100, 4, 8),
(544, 55, 135, 2, 9),
(544, 60, 104, 2, 10),
(544, 62, 119, 1, 11),
(544, 60, 105, 1, 12),
(544, 62, 109, 4, 13),
(544, 56, 122, 3, 14),
(544, 54, 135, 2, 15),
(544, 62, 97, 3, 16),
(544, 59, 121, 3, 17),
(544, 55, 123, 4, 18),
(544, 55, 126, 2, 19),
(544, 63, 137, 2, 20),
(544, 58, 113, 4, 21),
(544, 59, 135, 7, 22),
(545, 62, 114, 3, 1),
(545, 59, 55, 3, 2),
(545, 59, 54, 4, 3),
(545, 56, 118, 1, 4),
(545, 65, 106, 2, 5),
(545, 56, 116, 4, 6),
(545, 5005, 100, 3, 7),
(545, 55, 135, 2, 8),
(545, 65, 107, 3, 9),
(545, 60, 104, 2, 10),
(545, 62, 119, 1, 11),
(545, 62, 109, 4, 12),
(545, 54, 137, 1, 13),
(545, 56, 122, 4, 14),
(545, 65, 92, 2, 15),
(545, 59, 121, 3, 16),
(545, 56, 99, 3, 17),
(545, 55, 126, 2, 18),
(545, 63, 140, 1, 19),
(545, 58, 113, 4, 20),
(545, 62, 112, 3, 21),
(545, 59, 136, 5, 22),
(546, 63, 151, 2, 1),
(546, 63, 150, 2, 2),
(546, 61, 113, 1, 3),
(546, 61, 107, 1, 4),
(546, 54, 144, 2, 5),
(546, 61, 63, 2, 6),
(546, 63, 158, 1, 7),
(546, 56, 116, 3, 8),
(546, 5005, 100, 2, 9),
(546, 61, 111, 3, 10),
(546, 60, 104, 2, 11),
(546, 62, 109, 3, 12),
(546, 55, 129, 1, 13),
(546, 62, 92, 1, 14),
(546, 56, 122, 2, 15),
(546, 65, 92, 3, 16),
(546, 59, 123, 1, 17),
(546, 65, 86, 4, 18),
(546, 62, 94, 2, 19),
(546, 55, 120, 1, 20),
(546, 54, 135, 1, 21),
(546, 63, 131, 2, 22),
(546, 65, 95, 1, 23),
(546, 61, 90, 2, 24),
(546, 63, 140, 3, 25),
(546, 61, 104, 4, 26),
(546, 59, 137, 8, 27),
(547, 55, 101, 4, 1),
(547, 57, 20, 3, 2),
(547, 62, 65, 2, 3),
(547, 57, 98, 2, 4),
(547, 56, 116, 1, 5),
(547, 5005, 100, 4, 6),
(547, 54, 130, 2, 7),
(547, 56, 102, 1, 8),
(547, 60, 104, 3, 9),
(547, 59, 129, 4, 10),
(547, 62, 119, 4, 11),
(547, 62, 117, 4, 12),
(547, 62, 109, 4, 13),
(547, 55, 128, 1, 14),
(547, 56, 122, 3, 15),
(547, 60, 96, 2, 16),
(547, 58, 111, 4, 17),
(547, 1006, 36, 1, 18),
(547, 62, 106, 1, 19),
(547, 61, 100, 3, 20),
(547, 55, 123, 4, 21),
(547, 55, 126, 3, 22),
(548, 62, 114, 3, 1),
(548, 59, 55, 4, 2),
(548, 59, 54, 4, 3),
(548, 65, 106, 2, 4),
(548, 57, 98, 1, 5),
(548, 56, 116, 4, 6),
(548, 5005, 100, 3, 7),
(548, 55, 135, 1, 8),
(548, 65, 107, 3, 9),
(548, 60, 104, 2, 10),
(548, 62, 109, 4, 11),
(548, 54, 137, 1, 12),
(548, 56, 122, 4, 13),
(548, 65, 92, 3, 14),
(548, 59, 121, 3, 15),
(548, 56, 99, 4, 16),
(548, 63, 140, 2, 17),
(548, 55, 126, 2, 18),
(548, 58, 113, 4, 19),
(548, 62, 112, 4, 20),
(548, 59, 136, 2, 21),
(549, 62, 26, 4, 1),
(549, 62, 44, 4, 2),
(549, 56, 15, 4, 3),
(549, 58, 139, 2, 4),
(549, 65, 106, 3, 5),
(549, 56, 116, 4, 6),
(549, 5005, 100, 1, 7),
(549, 63, 160, 1, 8),
(549, 60, 104, 2, 9),
(549, 62, 119, 1, 10),
(549, 62, 109, 4, 11),
(549, 55, 128, 1, 12),
(549, 62, 92, 4, 13),
(549, 56, 122, 4, 14),
(549, 65, 92, 4, 15),
(549, 65, 88, 1, 16),
(549, 55, 120, 1, 17),
(549, 59, 121, 3, 18),
(549, 56, 99, 1, 19),
(549, 62, 93, 4, 20),
(549, 58, 113, 4, 21),
(549, 59, 135, 3, 22),
(550, 8, 5, 3, 1),
(550, 8, 32, 3, 2),
(550, 8, 81, 4, 3),
(550, 9, 11, 1, 4),
(550, 10, 27, 1, 5),
(550, 10, 14, 1, 6),
(550, 8, 12, 1, 7),
(550, 8, 22, 1, 8),
(550, 8, 23, 2, 9),
(550, 8, 20, 2, 10),
(550, 8, 96, 4, 11),
(550, 6, 114, 4, 12),
(550, 6, 118, 2, 13),
(550, 6, 126, 3, 14),
(550, 5, 77, 1, 15),
(550, 8, 100, 4, 16),
(550, 8, 86, 3, 17),
(550, 10, 61, 1, 18),
(550, 6, 124, 1, 19),
(550, 6, 104, 1, 20),
(550, 6, 132, 17, 21),
(551, 8, 5, 3, 1),
(551, 8, 32, 4, 2),
(551, 8, 81, 4, 3),
(551, 8, 12, 1, 4),
(551, 8, 22, 1, 5),
(551, 8, 23, 2, 6),
(551, 8, 20, 3, 7),
(551, 8, 96, 4, 8),
(551, 6, 114, 4, 9),
(551, 6, 118, 3, 10),
(551, 6, 126, 3, 11),
(551, 8, 90, 1, 12),
(551, 8, 100, 4, 13),
(551, 8, 86, 3, 14),
(551, 6, 124, 1, 15),
(551, 6, 104, 1, 16),
(551, 6, 132, 18, 17),
(552, 8, 17, 4, 1),
(552, 8, 47, 4, 2),
(552, 8, 57, 4, 3),
(552, 9, 4, 2, 4),
(552, 10, 8, 1, 5),
(552, 9, 5, 3, 6),
(552, 6, 12, 2, 7),
(552, 9, 47, 1, 8),
(552, 8, 20, 3, 9),
(552, 8, 96, 4, 10),
(552, 6, 114, 3, 11),
(552, 8, 90, 1, 12),
(552, 8, 100, 3, 13),
(552, 8, 93, 4, 14),
(552, 7, 102, 1, 15),
(552, 10, 61, 1, 16),
(552, 8, 104, 4, 17),
(552, 6, 128, 15, 18),
(553, 8, 17, 3, 1),
(553, 8, 47, 4, 2),
(553, 8, 57, 4, 3),
(553, 7, 1, 4, 4),
(553, 7, 62, 4, 5),
(553, 9, 40, 2, 6),
(553, 8, 20, 3, 7),
(553, 8, 96, 4, 8),
(553, 6, 114, 3, 9),
(553, 8, 90, 1, 10),
(553, 7, 17, 3, 11),
(553, 8, 100, 4, 12),
(553, 8, 93, 4, 13),
(553, 7, 113, 2, 14),
(553, 6, 128, 15, 15),
(554, 63, 81, 4, 1),
(554, 63, 79, 4, 2),
(554, 61, 107, 2, 3),
(554, 61, 58, 2, 4),
(554, 61, 63, 3, 5),
(554, 59, 122, 4, 6),
(554, 63, 159, 3, 7),
(554, 61, 111, 4, 8),
(554, 63, 160, 1, 9),
(554, 60, 104, 2, 10),
(554, 66, 75, 1, 11),
(554, 62, 109, 3, 12),
(554, 66, 76, 2, 13),
(554, 60, 99, 2, 14),
(554, 59, 123, 1, 15),
(554, 59, 121, 3, 16),
(554, 61, 91, 3, 17),
(554, 63, 127, 1, 18),
(554, 65, 91, 1, 19),
(554, 61, 90, 4, 20),
(554, 61, 104, 4, 21),
(554, 59, 137, 6, 22),
(555, 62, 113, 4, 1),
(555, 66, 89, 1, 2),
(555, 65, 106, 2, 3),
(555, 59, 122, 2, 4),
(555, 59, 127, 3, 5),
(555, 66, 69, 2, 6),
(555, 60, 104, 2, 7),
(555, 62, 119, 1, 8),
(555, 59, 129, 1, 9),
(555, 62, 117, 2, 10),
(555, 60, 105, 1, 11),
(555, 62, 109, 4, 12),
(555, 60, 99, 2, 13),
(555, 65, 92, 3, 14),
(555, 59, 123, 1, 15),
(555, 59, 125, 4, 16),
(555, 66, 77, 1, 17),
(555, 60, 98, 2, 18),
(555, 61, 100, 4, 19),
(555, 62, 97, 4, 20),
(555, 59, 121, 4, 21),
(555, 66, 83, 2, 22),
(555, 59, 135, 8, 23),
(556, 61, 106, 3, 1),
(556, 66, 93, 2, 2),
(556, 54, 142, 1, 3),
(556, 66, 89, 1, 4),
(556, 65, 106, 3, 5),
(556, 56, 116, 4, 6),
(556, 50, 101, 1, 7),
(556, 55, 135, 1, 8),
(556, 60, 104, 2, 9),
(556, 62, 119, 1, 10),
(556, 59, 129, 1, 11),
(556, 62, 117, 1, 12),
(556, 62, 109, 4, 13),
(556, 54, 137, 1, 14),
(556, 52, 102, 4, 15),
(556, 49, 92, 4, 16),
(556, 48, 103, 4, 17),
(556, 53, 116, 1, 18),
(556, 62, 97, 3, 19),
(556, 59, 121, 2, 20),
(556, 56, 99, 2, 21),
(556, 55, 123, 4, 22),
(556, 55, 126, 3, 23),
(556, 51, 92, 4, 24),
(556, 65, 97, 3, 25),
(557, 59, 144, 2, 1),
(557, 59, 78, 2, 2),
(557, 52, 107, 1, 3),
(557, 61, 106, 2, 4),
(557, 56, 67, 1, 5),
(557, 50, 67, 1, 6),
(557, 54, 142, 1, 7),
(557, 57, 98, 1, 8),
(557, 65, 106, 1, 9),
(557, 63, 158, 1, 10),
(557, 56, 116, 2, 11),
(557, 50, 101, 1, 12),
(557, 55, 135, 1, 13),
(557, 60, 104, 2, 14),
(557, 62, 109, 4, 15),
(557, 54, 137, 1, 16),
(557, 62, 92, 3, 17),
(557, 52, 102, 4, 18),
(557, 65, 92, 4, 19),
(557, 59, 123, 2, 20),
(557, 63, 122, 3, 21),
(557, 52, 93, 3, 22),
(557, 59, 121, 3, 23),
(557, 56, 99, 2, 24),
(557, 66, 73, 2, 25),
(557, 51, 92, 4, 26),
(557, 48, 111, 6, 27),
(558, 66, 10, 4, 1),
(558, 66, 9, 4, 2),
(558, 56, 12, 4, 3),
(558, 56, 90, 2, 4),
(558, 61, 80, 2, 5),
(558, 54, 126, 2, 6),
(558, 66, 30, 4, 7),
(558, 57, 98, 1, 8),
(558, 65, 106, 4, 9),
(558, 56, 116, 4, 10),
(558, 50, 101, 1, 11),
(558, 55, 135, 1, 12),
(558, 60, 88, 1, 13),
(558, 60, 104, 2, 14),
(558, 66, 75, 1, 15),
(558, 62, 109, 4, 16),
(558, 56, 107, 1, 17),
(558, 62, 92, 4, 18),
(558, 52, 102, 4, 19),
(558, 51, 89, 1, 20),
(558, 57, 88, 2, 21),
(558, 51, 92, 4, 22),
(558, 48, 106, 3, 23),
(559, 66, 10, 4, 1),
(559, 66, 9, 4, 2),
(559, 52, 11, 3, 3),
(559, 57, 7, 3, 4),
(559, 58, 139, 1, 5),
(559, 62, 36, 2, 6),
(559, 51, 59, 1, 7),
(559, 54, 68, 1, 8),
(559, 66, 30, 3, 9),
(559, 65, 106, 2, 10),
(559, 56, 116, 4, 11),
(559, 50, 101, 1, 12),
(559, 55, 135, 3, 13),
(559, 60, 104, 2, 14),
(559, 66, 75, 1, 15),
(559, 62, 109, 4, 16),
(559, 54, 137, 1, 17),
(559, 52, 102, 3, 18),
(559, 51, 89, 3, 19),
(559, 62, 102, 2, 20),
(559, 48, 104, 1, 21),
(559, 59, 121, 2, 22),
(559, 56, 99, 2, 23),
(559, 66, 74, 3, 24),
(559, 51, 92, 4, 25),
(560, 62, 26, 4, 1),
(560, 62, 44, 4, 2),
(560, 62, 42, 4, 3),
(560, 58, 139, 2, 4),
(560, 50, 67, 1, 5),
(560, 65, 106, 2, 6),
(560, 63, 158, 1, 7),
(560, 56, 116, 3, 8),
(560, 50, 101, 2, 9),
(560, 63, 160, 1, 10),
(560, 60, 104, 2, 11),
(560, 62, 109, 4, 12),
(560, 54, 137, 1, 13),
(560, 62, 92, 4, 14),
(560, 52, 102, 4, 15),
(560, 65, 92, 3, 16),
(560, 63, 122, 3, 17),
(560, 50, 95, 1, 18),
(560, 59, 121, 1, 19),
(560, 57, 88, 1, 20),
(560, 56, 99, 1, 21),
(560, 62, 93, 4, 22),
(560, 51, 92, 4, 23),
(560, 48, 108, 3, 24),
(561, 59, 144, 3, 1),
(561, 59, 78, 1, 2),
(561, 52, 107, 1, 3),
(561, 61, 106, 2, 4),
(561, 53, 54, 2, 5),
(561, 50, 48, 2, 6),
(561, 65, 106, 2, 7),
(561, 56, 116, 4, 8),
(561, 50, 101, 3, 9),
(561, 55, 135, 1, 10),
(561, 60, 104, 2, 11),
(561, 62, 109, 3, 12),
(561, 54, 137, 1, 13),
(561, 62, 92, 1, 14),
(561, 52, 102, 3, 15),
(561, 52, 93, 4, 16),
(561, 52, 94, 1, 17),
(561, 55, 120, 1, 18),
(561, 59, 121, 3, 19),
(561, 56, 99, 3, 20),
(561, 55, 123, 4, 21),
(561, 55, 126, 2, 22),
(561, 51, 92, 4, 23),
(561, 48, 111, 7, 24),
(562, 59, 144, 3, 1),
(562, 59, 78, 1, 2),
(562, 52, 107, 1, 3),
(562, 61, 106, 2, 4),
(562, 53, 54, 2, 5),
(562, 50, 48, 2, 6),
(562, 65, 106, 2, 7),
(562, 56, 116, 4, 8),
(562, 50, 101, 3, 9),
(562, 55, 135, 1, 10),
(562, 60, 104, 2, 11),
(562, 62, 109, 3, 12),
(562, 54, 137, 1, 13),
(562, 62, 92, 1, 14),
(562, 52, 102, 3, 15),
(562, 52, 93, 4, 16),
(562, 52, 94, 1, 17),
(562, 55, 120, 1, 18),
(562, 59, 121, 3, 19),
(562, 56, 99, 3, 20),
(562, 55, 123, 4, 21),
(562, 55, 126, 2, 22),
(562, 51, 92, 4, 23),
(562, 48, 111, 7, 24),
(563, 59, 144, 3, 1),
(563, 59, 78, 2, 2),
(563, 52, 107, 1, 3),
(563, 56, 67, 1, 4),
(563, 61, 106, 2, 5),
(563, 54, 142, 1, 6),
(563, 65, 106, 2, 7),
(563, 56, 116, 4, 8),
(563, 50, 101, 2, 9),
(563, 55, 135, 1, 10),
(563, 60, 104, 2, 11),
(563, 62, 109, 4, 12),
(563, 54, 137, 1, 13),
(563, 62, 92, 1, 14),
(563, 52, 102, 4, 15),
(563, 65, 92, 3, 16),
(563, 59, 123, 1, 17),
(563, 52, 93, 3, 18),
(563, 59, 121, 3, 19),
(563, 56, 99, 2, 20),
(563, 55, 123, 4, 21),
(563, 55, 126, 2, 22),
(563, 51, 92, 4, 23),
(563, 48, 111, 7, 24),
(564, 61, 57, 4, 1),
(564, 61, 56, 4, 2),
(564, 61, 63, 4, 3),
(564, 59, 122, 4, 4),
(564, 1006, 39, 2, 5),
(564, 61, 111, 4, 6),
(564, 60, 104, 2, 7),
(564, 62, 109, 4, 8),
(564, 66, 76, 4, 9),
(564, 59, 123, 1, 10),
(564, 60, 96, 1, 11),
(564, 66, 71, 4, 12),
(564, 62, 102, 4, 13),
(564, 59, 121, 2, 14),
(564, 61, 91, 4, 15),
(564, 61, 90, 4, 16),
(564, 61, 104, 4, 17),
(564, 59, 137, 4, 18),
(565, 62, 120, 3, 1),
(565, 62, 113, 3, 2),
(565, 66, 24, 2, 3),
(565, 66, 89, 1, 4),
(565, 65, 106, 2, 5),
(565, 59, 122, 4, 6),
(565, 63, 159, 1, 7),
(565, 60, 104, 2, 8),
(565, 66, 75, 1, 9),
(565, 62, 117, 2, 10),
(565, 62, 109, 4, 11),
(565, 60, 99, 4, 12),
(565, 65, 92, 4, 13),
(565, 63, 122, 4, 14),
(565, 60, 96, 1, 15),
(565, 65, 86, 2, 16),
(565, 63, 127, 2, 17),
(565, 62, 100, 3, 18),
(565, 59, 121, 3, 19),
(565, 63, 137, 3, 20),
(565, 59, 135, 7, 21),
(565, 59, 134, 3, 22),
(566, 50, 83, 4, 1),
(566, 62, 69, 2, 2),
(566, 59, 94, 2, 3);
INSERT INTO `decks_lists` (`deck_id`, `set_id`, `card_number`, `quantity`, `card_order`) VALUES
(566, 63, 121, 1, 4),
(566, 57, 98, 1, 5),
(566, 56, 116, 4, 6),
(566, 50, 101, 1, 7),
(566, 55, 135, 1, 8),
(566, 60, 104, 2, 9),
(566, 59, 129, 2, 10),
(566, 62, 119, 1, 11),
(566, 62, 109, 4, 12),
(566, 56, 107, 1, 13),
(566, 52, 102, 4, 14),
(566, 65, 92, 2, 15),
(566, 48, 102, 3, 16),
(566, 60, 98, 4, 17),
(566, 49, 92, 4, 18),
(566, 52, 94, 2, 19),
(566, 62, 97, 2, 20),
(566, 56, 99, 3, 21),
(566, 63, 140, 1, 22),
(566, 64, 28, 2, 23),
(566, 48, 112, 7, 24),
(567, 54, 31, 2, 1),
(567, 54, 142, 3, 2),
(567, 65, 17, 2, 3),
(567, 63, 121, 1, 4),
(567, 65, 106, 2, 5),
(567, 57, 98, 1, 6),
(567, 56, 4, 2, 7),
(567, 63, 157, 2, 8),
(567, 56, 116, 2, 9),
(567, 50, 101, 1, 10),
(567, 60, 104, 1, 11),
(567, 62, 109, 4, 12),
(567, 54, 137, 1, 13),
(567, 62, 92, 4, 14),
(567, 56, 122, 4, 15),
(567, 65, 92, 4, 16),
(567, 63, 122, 4, 17),
(567, 56, 103, 4, 18),
(567, 60, 97, 1, 19),
(567, 59, 121, 1, 20),
(567, 56, 99, 1, 21),
(567, 63, 137, 2, 22),
(567, 59, 134, 11, 23),
(568, 62, 120, 3, 1),
(568, 62, 113, 3, 2),
(568, 62, 33, 3, 3),
(568, 62, 32, 4, 4),
(568, 62, 31, 4, 5),
(568, 66, 89, 2, 6),
(568, 65, 106, 2, 7),
(568, 59, 122, 3, 8),
(568, 63, 159, 2, 9),
(568, 59, 127, 1, 10),
(568, 60, 104, 2, 11),
(568, 62, 117, 1, 12),
(568, 62, 109, 4, 13),
(568, 62, 92, 3, 14),
(568, 66, 76, 2, 15),
(568, 60, 99, 3, 16),
(568, 61, 100, 4, 17),
(568, 62, 100, 2, 18),
(568, 65, 89, 2, 19),
(568, 62, 112, 2, 20),
(568, 59, 136, 3, 21),
(568, 59, 135, 5, 22),
(569, 66, 92, 3, 1),
(569, 66, 91, 3, 2),
(569, 59, 78, 2, 3),
(569, 52, 107, 1, 4),
(569, 65, 40, 2, 5),
(569, 54, 142, 1, 6),
(569, 66, 89, 1, 7),
(569, 65, 106, 1, 8),
(569, 56, 116, 3, 9),
(569, 50, 101, 3, 10),
(569, 55, 135, 2, 11),
(569, 60, 104, 1, 12),
(569, 62, 119, 1, 13),
(569, 62, 109, 3, 14),
(569, 54, 137, 1, 15),
(569, 62, 92, 2, 16),
(569, 52, 102, 4, 17),
(569, 52, 93, 4, 18),
(569, 66, 81, 3, 19),
(569, 59, 119, 2, 20),
(569, 59, 126, 1, 21),
(569, 65, 89, 3, 22),
(569, 51, 92, 2, 23),
(569, 48, 111, 11, 24),
(570, 61, 106, 4, 1),
(570, 66, 93, 2, 2),
(570, 62, 33, 2, 3),
(570, 62, 32, 3, 4),
(570, 55, 53, 4, 5),
(570, 57, 98, 1, 6),
(570, 65, 106, 1, 7),
(570, 56, 116, 4, 8),
(570, 50, 101, 3, 9),
(570, 55, 135, 1, 10),
(570, 60, 104, 2, 11),
(570, 62, 119, 1, 12),
(570, 59, 129, 1, 13),
(570, 66, 75, 1, 14),
(570, 62, 117, 1, 15),
(570, 62, 109, 3, 16),
(570, 56, 108, 1, 17),
(570, 52, 102, 4, 18),
(570, 48, 103, 3, 19),
(570, 62, 97, 2, 20),
(570, 59, 121, 2, 21),
(570, 55, 123, 4, 22),
(570, 55, 126, 3, 23),
(570, 51, 92, 4, 24),
(570, 65, 97, 3, 25),
(571, 61, 106, 3, 1),
(571, 66, 93, 2, 2),
(571, 54, 142, 1, 3),
(571, 66, 89, 1, 4),
(571, 65, 106, 3, 5),
(571, 56, 116, 4, 6),
(571, 50, 101, 1, 7),
(571, 55, 135, 1, 8),
(571, 60, 104, 2, 9),
(571, 62, 119, 1, 10),
(571, 59, 129, 1, 11),
(571, 60, 105, 1, 12),
(571, 62, 109, 4, 13),
(571, 54, 137, 1, 14),
(571, 52, 102, 4, 15),
(571, 49, 92, 4, 16),
(571, 48, 103, 4, 17),
(571, 53, 116, 1, 18),
(571, 62, 97, 3, 19),
(571, 59, 121, 2, 20),
(571, 56, 99, 2, 21),
(571, 55, 123, 4, 22),
(571, 55, 126, 3, 23),
(571, 51, 92, 4, 24),
(571, 65, 97, 3, 25),
(572, 62, 26, 4, 1),
(572, 62, 44, 4, 2),
(572, 62, 42, 4, 3),
(572, 58, 139, 2, 4),
(572, 65, 106, 2, 5),
(572, 56, 116, 4, 6),
(572, 50, 101, 2, 7),
(572, 63, 160, 1, 8),
(572, 60, 104, 2, 9),
(572, 62, 109, 4, 10),
(572, 55, 128, 1, 11),
(572, 62, 92, 4, 12),
(572, 52, 102, 4, 13),
(572, 65, 92, 3, 14),
(572, 63, 122, 3, 15),
(572, 50, 95, 1, 16),
(572, 55, 120, 1, 17),
(572, 59, 121, 2, 18),
(572, 57, 88, 1, 19),
(572, 62, 93, 4, 20),
(572, 51, 92, 4, 21),
(572, 48, 108, 3, 22),
(573, 59, 93, 2, 1),
(573, 59, 92, 2, 2),
(573, 61, 106, 3, 3),
(573, 52, 107, 2, 4),
(573, 62, 115, 1, 5),
(573, 62, 113, 1, 6),
(573, 54, 144, 1, 7),
(573, 63, 145, 1, 8),
(573, 57, 96, 1, 9),
(573, 62, 65, 1, 10),
(573, 5006, 49, 1, 11),
(573, 66, 89, 1, 12),
(573, 57, 98, 1, 13),
(573, 65, 106, 1, 14),
(573, 56, 116, 4, 15),
(573, 50, 101, 2, 16),
(573, 55, 135, 2, 17),
(573, 60, 106, 2, 18),
(573, 60, 104, 1, 19),
(573, 62, 119, 1, 20),
(573, 62, 117, 1, 21),
(573, 62, 109, 4, 22),
(573, 54, 137, 1, 23),
(573, 52, 102, 3, 24),
(573, 51, 89, 1, 25),
(573, 49, 94, 2, 26),
(573, 59, 121, 2, 27),
(573, 65, 89, 3, 28),
(573, 51, 93, 4, 29),
(573, 59, 131, 4, 30),
(573, 51, 92, 4, 31),
(574, 59, 93, 3, 1),
(574, 60, 67, 3, 2),
(574, 59, 96, 3, 3),
(574, 66, 93, 3, 4),
(574, 66, 94, 1, 5),
(574, 65, 103, 1, 6),
(574, 65, 106, 2, 7),
(574, 59, 122, 4, 8),
(574, 63, 159, 3, 9),
(574, 66, 69, 1, 10),
(574, 60, 104, 2, 11),
(574, 62, 117, 2, 12),
(574, 62, 109, 4, 13),
(574, 60, 99, 4, 14),
(574, 66, 76, 2, 15),
(574, 65, 92, 3, 16),
(574, 59, 121, 3, 17),
(574, 59, 117, 4, 18),
(574, 65, 97, 4, 19),
(574, 59, 140, 8, 20),
(575, 61, 106, 3, 1),
(575, 66, 93, 3, 2),
(575, 66, 89, 1, 3),
(575, 65, 106, 3, 4),
(575, 59, 122, 4, 5),
(575, 63, 159, 2, 6),
(575, 59, 127, 2, 7),
(575, 66, 69, 1, 8),
(575, 60, 104, 2, 9),
(575, 62, 119, 1, 10),
(575, 59, 129, 1, 11),
(575, 66, 75, 1, 12),
(575, 62, 117, 1, 13),
(575, 59, 115, 1, 14),
(575, 62, 109, 4, 15),
(575, 60, 99, 4, 16),
(575, 58, 111, 4, 17),
(575, 62, 94, 2, 18),
(575, 61, 100, 4, 19),
(575, 62, 97, 2, 20),
(575, 59, 121, 3, 21),
(575, 66, 73, 3, 22),
(575, 58, 113, 4, 23),
(575, 65, 97, 4, 24),
(576, 61, 57, 4, 1),
(576, 61, 56, 4, 2),
(576, 61, 63, 4, 3),
(576, 59, 122, 4, 4),
(576, 61, 111, 4, 5),
(576, 1006, 39, 2, 6),
(576, 60, 104, 2, 7),
(576, 62, 109, 4, 8),
(576, 66, 76, 4, 9),
(576, 59, 123, 1, 10),
(576, 60, 96, 1, 11),
(576, 66, 71, 2, 12),
(576, 62, 102, 4, 13),
(576, 62, 94, 3, 14),
(576, 59, 121, 2, 15),
(576, 61, 91, 4, 16),
(576, 61, 90, 3, 17),
(576, 61, 104, 4, 18),
(576, 59, 137, 4, 19),
(577, 61, 57, 4, 1),
(577, 61, 56, 4, 2),
(577, 61, 63, 4, 3),
(577, 59, 122, 4, 4),
(577, 61, 111, 4, 5),
(577, 1006, 39, 2, 6),
(577, 60, 104, 2, 7),
(577, 62, 109, 4, 8),
(577, 66, 76, 4, 9),
(577, 59, 123, 1, 10),
(577, 60, 96, 1, 11),
(577, 66, 71, 2, 12),
(577, 62, 102, 4, 13),
(577, 62, 94, 3, 14),
(577, 59, 121, 2, 15),
(577, 61, 91, 4, 16),
(577, 61, 90, 3, 17),
(577, 61, 104, 4, 18),
(577, 59, 137, 4, 19),
(578, 20, 6, 4, 1),
(578, 20, 39, 3, 2),
(578, 20, 82, 4, 3),
(578, 17, 26, 3, 4),
(578, 17, 54, 4, 5),
(578, 20, 92, 4, 6),
(578, 13, 138, 4, 7),
(578, 15, 138, 2, 8),
(578, 18, 87, 2, 9),
(578, 13, 145, 1, 10),
(578, 15, 126, 1, 11),
(578, 17, 88, 3, 12),
(578, 13, 146, 3, 13),
(578, 20, 85, 4, 14),
(578, 20, 88, 2, 15),
(578, 14, 145, 4, 16),
(578, 13, 164, 12, 17),
(579, 1, 20, 4, 1),
(579, 2, 10, 2, 2),
(579, 2, 1, 3, 3),
(579, 1, 5, 3, 4),
(579, 1, 3, 1, 5),
(579, 1, 88, 3, 6),
(579, 1, 91, 4, 7),
(579, 1, 71, 4, 8),
(579, 1, 74, 2, 9),
(579, 1, 75, 2, 10),
(579, 1, 92, 3, 11),
(579, 1, 93, 4, 12),
(579, 1, 84, 4, 13),
(579, 1, 86, 2, 14),
(579, 1, 78, 2, 15),
(579, 1, 95, 2, 16),
(579, 1, 96, 4, 17),
(579, 1, 100, 11, 18),
(580, 20, 101, 3, 1),
(580, 20, 63, 4, 2),
(580, 20, 37, 4, 3),
(580, 17, 26, 2, 4),
(580, 17, 54, 4, 5),
(580, 20, 92, 3, 6),
(580, 13, 138, 2, 7),
(580, 13, 149, 4, 8),
(580, 18, 88, 3, 9),
(580, 14, 130, 3, 10),
(580, 14, 136, 1, 11),
(580, 17, 88, 2, 12),
(580, 13, 146, 4, 13),
(580, 13, 150, 3, 14),
(580, 13, 157, 2, 15),
(580, 20, 85, 1, 16),
(580, 20, 91, 2, 17),
(580, 14, 145, 4, 18),
(580, 13, 164, 9, 19),
(581, 19, 9, 4, 1),
(581, 19, 23, 4, 2),
(581, 19, 8, 2, 3),
(581, 19, 61, 2, 4),
(581, 19, 19, 2, 5),
(581, 19, 64, 2, 6),
(581, 20, 92, 2, 7),
(581, 21, 98, 4, 8),
(581, 18, 88, 4, 9),
(581, 19, 82, 3, 10),
(581, 19, 73, 2, 11),
(581, 18, 87, 3, 12),
(581, 19, 80, 4, 13),
(581, 16, 92, 1, 14),
(581, 19, 74, 3, 15),
(581, 20, 87, 2, 16),
(581, 19, 87, 3, 17),
(581, 16, 95, 2, 18),
(581, 16, 93, 3, 19),
(581, 16, 105, 8, 20),
(582, 57, 97, 3, 1),
(582, 57, 96, 3, 2),
(582, 56, 110, 2, 3),
(582, 56, 111, 1, 4),
(582, 53, 119, 2, 5),
(582, 65, 106, 1, 6),
(582, 56, 116, 4, 7),
(582, 50, 101, 3, 8),
(582, 55, 135, 2, 9),
(582, 54, 149, 1, 10),
(582, 56, 102, 1, 11),
(582, 60, 104, 1, 12),
(582, 62, 117, 1, 13),
(582, 62, 109, 4, 14),
(582, 57, 92, 1, 15),
(582, 62, 92, 4, 16),
(582, 52, 102, 4, 17),
(582, 59, 123, 1, 18),
(582, 48, 94, 4, 19),
(582, 59, 121, 3, 20),
(582, 51, 91, 2, 21),
(582, 55, 127, 2, 22),
(582, 48, 105, 7, 23),
(582, 48, 108, 2, 24),
(582, 48, 109, 1, 25),
(583, 61, 107, 4, 1),
(583, 62, 33, 3, 2),
(583, 62, 32, 3, 3),
(583, 62, 31, 4, 4),
(583, 65, 106, 1, 5),
(583, 59, 122, 4, 6),
(583, 63, 159, 2, 7),
(583, 61, 111, 1, 8),
(583, 60, 104, 2, 9),
(583, 66, 75, 1, 10),
(583, 62, 117, 2, 11),
(583, 60, 105, 1, 12),
(583, 62, 109, 4, 13),
(583, 60, 99, 3, 14),
(583, 62, 94, 2, 15),
(583, 61, 100, 4, 16),
(583, 62, 97, 3, 17),
(583, 59, 121, 3, 18),
(583, 61, 90, 4, 19),
(583, 61, 104, 4, 20),
(583, 59, 137, 5, 21),
(584, 61, 106, 3, 1),
(584, 62, 113, 3, 2),
(584, 58, 54, 1, 3),
(584, 56, 119, 2, 4),
(584, 58, 67, 2, 5),
(584, 56, 116, 4, 6),
(584, 50, 101, 3, 7),
(584, 55, 135, 2, 8),
(584, 60, 104, 2, 9),
(584, 62, 119, 1, 10),
(584, 59, 115, 1, 11),
(584, 62, 109, 4, 12),
(584, 54, 137, 1, 13),
(584, 56, 122, 4, 14),
(584, 63, 122, 2, 15),
(584, 62, 94, 1, 16),
(584, 62, 97, 3, 17),
(584, 59, 121, 3, 18),
(584, 56, 99, 2, 19),
(584, 55, 123, 4, 20),
(584, 55, 126, 3, 21),
(584, 58, 113, 4, 22),
(584, 59, 135, 5, 23),
(585, 61, 106, 4, 1),
(585, 62, 113, 2, 2),
(585, 56, 119, 2, 3),
(585, 58, 67, 2, 4),
(585, 57, 98, 1, 5),
(585, 56, 116, 4, 6),
(585, 50, 101, 4, 7),
(585, 54, 149, 2, 8),
(585, 60, 104, 2, 9),
(585, 62, 119, 1, 10),
(585, 62, 109, 4, 11),
(585, 57, 95, 1, 12),
(585, 63, 161, 2, 13),
(585, 56, 122, 3, 14),
(585, 58, 111, 3, 15),
(585, 62, 94, 2, 16),
(585, 54, 135, 1, 17),
(585, 62, 97, 2, 18),
(585, 59, 121, 3, 19),
(585, 56, 99, 3, 20),
(585, 63, 137, 3, 21),
(585, 58, 113, 4, 22),
(585, 59, 135, 5, 23),
(586, 62, 26, 4, 1),
(586, 62, 44, 4, 2),
(586, 62, 42, 4, 3),
(586, 58, 139, 2, 4),
(586, 56, 117, 1, 5),
(586, 56, 47, 1, 6),
(586, 57, 98, 1, 7),
(586, 65, 106, 2, 8),
(586, 63, 157, 1, 9),
(586, 56, 116, 3, 10),
(586, 50, 101, 1, 11),
(586, 60, 104, 2, 12),
(586, 62, 109, 4, 13),
(586, 54, 137, 1, 14),
(586, 62, 92, 4, 15),
(586, 56, 122, 4, 16),
(586, 65, 92, 3, 17),
(586, 63, 122, 3, 18),
(586, 65, 88, 1, 19),
(586, 55, 120, 1, 20),
(586, 59, 121, 2, 21),
(586, 62, 93, 4, 22),
(586, 58, 113, 4, 23),
(586, 59, 134, 3, 24),
(587, 62, 26, 4, 1),
(587, 62, 44, 4, 2),
(587, 62, 42, 4, 3),
(587, 58, 139, 2, 4),
(587, 50, 67, 2, 5),
(587, 57, 98, 1, 6),
(587, 65, 106, 2, 7),
(587, 63, 158, 2, 8),
(587, 56, 116, 3, 9),
(587, 50, 101, 1, 10),
(587, 56, 115, 2, 11),
(587, 60, 104, 1, 12),
(587, 62, 109, 4, 13),
(587, 54, 137, 1, 14),
(587, 62, 92, 4, 15),
(587, 52, 102, 4, 16),
(587, 65, 92, 3, 17),
(587, 54, 136, 1, 18),
(587, 50, 95, 1, 19),
(587, 59, 121, 2, 20),
(587, 56, 99, 1, 21),
(587, 62, 93, 4, 22),
(587, 51, 92, 4, 23),
(587, 48, 108, 3, 24),
(588, 62, 36, 3, 1),
(588, 62, 33, 3, 2),
(588, 62, 32, 4, 3),
(588, 62, 31, 4, 4),
(588, 60, 83, 2, 5),
(588, 59, 122, 4, 6),
(588, 63, 159, 3, 7),
(588, 60, 104, 2, 8),
(588, 62, 117, 2, 9),
(588, 62, 109, 4, 10),
(588, 66, 76, 3, 11),
(588, 60, 99, 4, 12),
(588, 65, 92, 4, 13),
(588, 60, 96, 1, 14),
(588, 62, 94, 2, 15),
(588, 63, 127, 1, 16),
(588, 65, 91, 1, 17),
(588, 59, 121, 2, 18),
(588, 62, 93, 4, 19),
(588, 59, 136, 7, 20),
(589, 66, 3, 3, 1),
(589, 66, 2, 3, 2),
(589, 66, 1, 3, 3),
(589, 66, 24, 4, 4),
(589, 60, 83, 2, 5),
(589, 65, 106, 2, 6),
(589, 56, 116, 4, 7),
(589, 63, 159, 2, 8),
(589, 59, 127, 1, 9),
(589, 60, 104, 1, 10),
(589, 59, 129, 1, 11),
(589, 66, 75, 1, 12),
(589, 62, 117, 4, 13),
(589, 62, 109, 1, 14),
(589, 51, 89, 3, 16),
(589, 52, 102, 4, 17),
(589, 65, 92, 4, 18),
(589, 48, 104, 1, 19),
(589, 59, 121, 2, 20),
(589, 66, 74, 4, 21),
(589, 51, 92, 4, 22),
(589, 48, 107, 6, 23),
(590, 52, 62, 4, 1),
(590, 63, 121, 3, 2),
(590, 53, 54, 2, 3),
(590, 50, 48, 2, 4),
(590, 65, 106, 2, 5),
(590, 56, 116, 3, 6),
(590, 50, 101, 3, 7),
(590, 60, 104, 2, 8),
(590, 62, 119, 1, 9),
(590, 59, 129, 4, 10),
(590, 62, 109, 4, 11),
(590, 56, 107, 1, 12),
(590, 52, 102, 3, 13),
(590, 65, 92, 4, 14),
(590, 50, 95, 1, 15),
(590, 49, 92, 4, 16),
(590, 52, 94, 2, 17),
(590, 53, 116, 2, 18),
(590, 62, 97, 3, 19),
(590, 56, 99, 3, 20),
(590, 48, 111, 7, 21),
(591, 59, 144, 3, 1),
(591, 59, 78, 1, 2),
(591, 52, 107, 2, 3),
(591, 61, 106, 1, 4),
(591, 52, 62, 1, 5),
(591, 50, 67, 1, 6),
(591, 54, 142, 1, 7),
(591, 57, 98, 1, 8),
(591, 65, 106, 1, 9),
(591, 63, 158, 1, 10),
(591, 56, 116, 4, 11),
(591, 50, 101, 2, 12),
(591, 56, 115, 1, 13),
(591, 60, 104, 1, 14),
(591, 66, 75, 1, 15),
(591, 62, 109, 4, 16),
(591, 55, 128, 1, 17),
(591, 62, 92, 3, 18),
(591, 52, 102, 4, 19),
(591, 59, 123, 1, 20),
(591, 52, 93, 4, 21),
(591, 52, 94, 1, 22),
(591, 48, 104, 1, 23),
(591, 59, 121, 3, 24),
(591, 55, 123, 3, 25),
(591, 55, 126, 2, 26),
(591, 51, 92, 4, 27),
(591, 48, 111, 7, 28),
(592, 62, 26, 4, 1),
(592, 62, 44, 4, 2),
(592, 62, 42, 4, 3),
(592, 58, 139, 2, 4),
(592, 50, 67, 1, 5),
(592, 57, 98, 1, 6),
(592, 65, 106, 3, 7),
(592, 63, 158, 2, 8),
(592, 56, 116, 2, 9),
(592, 50, 101, 1, 10),
(592, 60, 104, 1, 11),
(592, 62, 119, 1, 12),
(592, 62, 109, 4, 13),
(592, 54, 137, 1, 14),
(592, 62, 92, 4, 15),
(592, 52, 102, 4, 16),
(592, 65, 92, 4, 17),
(592, 63, 122, 2, 18),
(592, 50, 95, 1, 19),
(592, 59, 121, 2, 20),
(592, 56, 99, 1, 21),
(592, 62, 93, 4, 22),
(592, 51, 92, 4, 23),
(592, 48, 108, 3, 24),
(593, 53, 123, 3, 1),
(593, 48, 114, 2, 2),
(593, 50, 40, 4, 3),
(593, 50, 38, 4, 4),
(593, 51, 98, 1, 5),
(593, 54, 142, 1, 6),
(593, 66, 89, 1, 7),
(593, 65, 106, 2, 8),
(593, 56, 116, 3, 9),
(593, 50, 101, 2, 10),
(593, 55, 135, 2, 11),
(593, 60, 104, 1, 12),
(593, 62, 109, 3, 13),
(593, 54, 137, 1, 14),
(593, 62, 92, 3, 15),
(593, 52, 102, 3, 16),
(593, 51, 89, 4, 17),
(593, 59, 116, 2, 18),
(593, 50, 95, 1, 19),
(593, 53, 116, 1, 20),
(593, 56, 99, 3, 21),
(593, 65, 89, 3, 22),
(593, 48, 108, 6, 23),
(593, 48, 106, 4, 24),
(594, 54, 31, 2, 1),
(594, 54, 142, 3, 2),
(594, 63, 147, 1, 3),
(594, 65, 17, 2, 4),
(594, 50, 98, 1, 5),
(594, 57, 98, 2, 6),
(594, 65, 106, 2, 7),
(594, 56, 4, 2, 8),
(594, 63, 157, 2, 9),
(594, 56, 116, 2, 10),
(594, 50, 101, 1, 11),
(594, 60, 104, 1, 12),
(594, 62, 109, 4, 13),
(594, 54, 137, 1, 14),
(594, 62, 92, 4, 15),
(594, 52, 102, 4, 16),
(594, 65, 92, 4, 17),
(594, 63, 122, 4, 18),
(594, 56, 103, 4, 19),
(594, 59, 121, 1, 20),
(594, 56, 99, 1, 21),
(594, 63, 137, 1, 22),
(594, 48, 107, 11, 23),
(595, 52, 62, 4, 1),
(595, 63, 121, 3, 2),
(595, 53, 54, 2, 3),
(595, 50, 48, 2, 4),
(595, 65, 106, 2, 5),
(595, 56, 116, 4, 6),
(595, 50, 101, 2, 7),
(595, 66, 69, 2, 8),
(595, 60, 104, 2, 9),
(595, 62, 119, 2, 10),
(595, 59, 129, 3, 11),
(595, 66, 75, 1, 12),
(595, 62, 109, 4, 13),
(595, 56, 107, 1, 14),
(595, 52, 102, 4, 15),
(595, 51, 89, 1, 16),
(595, 50, 95, 1, 17),
(595, 49, 92, 4, 18),
(595, 52, 94, 1, 19),
(595, 1006, 36, 1, 20),
(595, 60, 98, 2, 21),
(595, 53, 116, 1, 22),
(595, 62, 97, 2, 23),
(595, 56, 99, 3, 24),
(595, 48, 111, 6, 25),
(596, 54, 31, 2, 1),
(596, 54, 142, 3, 2),
(596, 52, 104, 1, 3),
(596, 65, 17, 2, 4),
(596, 51, 98, 1, 5),
(596, 57, 98, 2, 6),
(596, 65, 106, 2, 7),
(596, 66, 30, 3, 8),
(596, 56, 4, 2, 9),
(596, 63, 157, 2, 10),
(596, 56, 116, 2, 11),
(596, 50, 101, 1, 12),
(596, 60, 104, 1, 13),
(596, 62, 109, 4, 14),
(596, 54, 137, 1, 15),
(596, 62, 92, 4, 16),
(596, 52, 102, 4, 17),
(596, 65, 92, 4, 18),
(596, 56, 103, 4, 19),
(596, 59, 121, 2, 20),
(596, 56, 99, 1, 21),
(596, 63, 137, 1, 22),
(596, 48, 107, 11, 23),
(597, 59, 144, 3, 1),
(597, 59, 78, 2, 2),
(597, 52, 107, 2, 3),
(597, 52, 62, 1, 4),
(597, 54, 142, 1, 5),
(597, 65, 106, 2, 6),
(597, 56, 116, 4, 7),
(597, 50, 101, 3, 8),
(597, 55, 135, 1, 9),
(597, 60, 104, 1, 10),
(597, 66, 75, 1, 11),
(597, 62, 109, 4, 12),
(597, 54, 137, 1, 13),
(597, 62, 92, 2, 14),
(597, 52, 102, 4, 15),
(597, 52, 93, 4, 16),
(597, 62, 97, 2, 17),
(597, 59, 121, 3, 18),
(597, 55, 123, 4, 19),
(597, 55, 126, 3, 20),
(597, 51, 92, 4, 21),
(597, 48, 111, 8, 22),
(598, 65, 105, 3, 1),
(598, 65, 104, 3, 2),
(598, 57, 96, 1, 3),
(598, 54, 142, 1, 4),
(598, 66, 89, 2, 5),
(598, 65, 106, 4, 6),
(598, 56, 4, 1, 7),
(598, 50, 101, 1, 8),
(598, 55, 135, 1, 9),
(598, 60, 104, 1, 10),
(598, 62, 119, 1, 11),
(598, 66, 75, 2, 12),
(598, 62, 109, 4, 13),
(598, 54, 137, 1, 14),
(598, 62, 92, 2, 15),
(598, 52, 102, 4, 16),
(598, 65, 92, 4, 17),
(598, 63, 122, 4, 18),
(598, 65, 86, 3, 19),
(598, 50, 95, 1, 20),
(598, 65, 87, 3, 21),
(598, 56, 99, 2, 22),
(598, 65, 89, 4, 23),
(598, 51, 92, 4, 24),
(598, 48, 105, 3, 25),
(599, 61, 106, 3, 1),
(599, 62, 33, 3, 2),
(599, 62, 32, 3, 3),
(599, 55, 53, 4, 4),
(599, 51, 98, 1, 5),
(599, 61, 34, 1, 6),
(599, 65, 106, 2, 7),
(599, 56, 116, 4, 8),
(599, 50, 101, 3, 9),
(599, 55, 135, 1, 10),
(599, 60, 104, 1, 11),
(599, 62, 117, 1, 12),
(599, 62, 109, 4, 13),
(599, 54, 137, 1, 14),
(599, 52, 102, 4, 15),
(599, 50, 95, 1, 16),
(599, 52, 94, 1, 17),
(599, 48, 103, 4, 18),
(599, 60, 97, 1, 19),
(599, 59, 121, 3, 20),
(599, 55, 123, 4, 21),
(599, 55, 126, 2, 22),
(599, 63, 140, 1, 23),
(599, 51, 92, 4, 24),
(599, 48, 107, 3, 25),
(600, 54, 31, 2, 1),
(600, 54, 142, 3, 2),
(600, 65, 17, 2, 3),
(600, 57, 98, 2, 4),
(600, 65, 106, 2, 5),
(600, 56, 4, 2, 6),
(600, 63, 157, 2, 7),
(600, 56, 116, 2, 8),
(600, 50, 101, 1, 9),
(600, 60, 104, 1, 10),
(600, 62, 109, 4, 11),
(600, 54, 137, 1, 12),
(600, 62, 92, 4, 13),
(600, 52, 102, 4, 14),
(600, 65, 92, 4, 15),
(600, 59, 123, 1, 16),
(600, 63, 122, 4, 17),
(600, 56, 103, 4, 18),
(600, 59, 121, 1, 19),
(600, 56, 99, 1, 20),
(600, 5005, 28, 2, 21),
(600, 48, 107, 11, 22),
(601, 54, 31, 2, 1),
(601, 54, 142, 3, 2),
(601, 65, 17, 2, 3),
(601, 66, 94, 1, 4),
(601, 57, 98, 2, 5),
(601, 65, 106, 2, 6),
(601, 56, 4, 2, 7),
(601, 63, 157, 2, 8),
(601, 56, 116, 2, 9),
(601, 50, 101, 1, 10),
(601, 60, 104, 1, 11),
(601, 62, 109, 4, 12),
(601, 54, 137, 1, 13),
(601, 62, 92, 4, 14),
(601, 52, 102, 4, 15),
(601, 65, 92, 4, 16),
(601, 63, 122, 4, 17),
(601, 56, 103, 4, 18),
(601, 59, 121, 1, 19),
(601, 56, 99, 1, 20),
(601, 5005, 28, 2, 21),
(601, 48, 107, 11, 22),
(602, 54, 31, 2, 1),
(602, 54, 142, 3, 2),
(602, 65, 17, 2, 3),
(602, 66, 94, 1, 4),
(602, 57, 98, 2, 5),
(602, 65, 106, 2, 6),
(602, 56, 4, 2, 7),
(602, 63, 157, 2, 8),
(602, 56, 116, 2, 9),
(602, 50, 101, 1, 10),
(602, 60, 104, 1, 11),
(602, 62, 109, 4, 12),
(602, 54, 137, 1, 13),
(602, 62, 92, 4, 14),
(602, 52, 102, 4, 15),
(602, 65, 92, 4, 16),
(602, 63, 122, 4, 17),
(602, 56, 103, 4, 18),
(602, 59, 121, 1, 19),
(602, 56, 99, 1, 20),
(602, 5005, 28, 2, 21),
(602, 48, 107, 11, 22),
(603, 59, 144, 3, 1),
(603, 59, 78, 2, 2),
(603, 52, 107, 2, 3),
(603, 61, 106, 1, 4),
(603, 54, 142, 1, 5),
(603, 65, 106, 2, 6),
(603, 56, 116, 4, 7),
(603, 50, 101, 2, 8),
(603, 55, 135, 1, 9),
(603, 60, 104, 1, 10),
(603, 66, 75, 1, 11),
(603, 62, 109, 4, 12),
(603, 54, 137, 1, 13),
(603, 62, 92, 2, 14),
(603, 52, 102, 4, 15),
(603, 65, 92, 3, 16),
(603, 52, 93, 4, 17),
(603, 59, 121, 3, 18),
(603, 56, 99, 2, 19),
(603, 55, 123, 4, 20),
(603, 55, 126, 2, 21),
(603, 51, 92, 4, 22),
(603, 48, 111, 7, 23),
(604, 54, 31, 2, 1),
(604, 54, 142, 3, 2),
(604, 63, 147, 1, 3),
(604, 65, 17, 2, 4),
(604, 50, 98, 1, 5),
(604, 57, 98, 2, 6),
(604, 65, 106, 2, 7),
(604, 56, 4, 2, 8),
(604, 63, 157, 2, 9),
(604, 56, 116, 2, 10),
(604, 50, 101, 1, 11),
(604, 60, 104, 1, 12),
(604, 62, 109, 4, 13),
(604, 54, 137, 1, 14),
(604, 62, 92, 4, 15),
(604, 52, 102, 4, 16),
(604, 65, 92, 4, 17),
(604, 63, 122, 3, 18),
(604, 56, 103, 4, 19),
(604, 59, 121, 1, 20),
(604, 56, 99, 1, 21),
(604, 63, 137, 2, 22),
(604, 48, 107, 11, 23),
(605, 62, 114, 2, 1),
(605, 59, 55, 4, 2),
(605, 59, 54, 4, 3),
(605, 65, 106, 3, 4),
(605, 59, 122, 4, 5),
(605, 59, 127, 2, 6),
(605, 65, 107, 2, 7),
(605, 60, 104, 1, 8),
(605, 62, 119, 1, 9),
(605, 62, 109, 4, 10),
(605, 60, 99, 4, 11),
(605, 65, 92, 4, 12),
(605, 1006, 34, 4, 13),
(605, 62, 94, 1, 14),
(605, 63, 127, 1, 15),
(605, 1006, 38, 1, 16),
(605, 59, 121, 3, 17),
(605, 62, 93, 3, 18),
(605, 59, 130, 4, 19),
(605, 62, 112, 4, 20),
(605, 59, 136, 4, 21),
(606, 61, 106, 3, 1),
(606, 62, 113, 2, 2),
(606, 62, 33, 2, 3),
(606, 62, 32, 3, 4),
(606, 62, 31, 3, 5),
(606, 65, 106, 2, 6),
(606, 59, 122, 4, 7),
(606, 63, 159, 2, 8),
(606, 60, 104, 2, 9),
(606, 62, 119, 1, 10),
(606, 62, 117, 1, 11),
(606, 62, 109, 3, 12),
(606, 60, 99, 4, 13),
(606, 62, 94, 2, 14),
(606, 59, 124, 1, 15),
(606, 61, 100, 4, 16),
(606, 63, 127, 1, 17),
(606, 60, 97, 1, 18),
(606, 62, 97, 3, 19),
(606, 59, 121, 3, 20),
(606, 63, 137, 3, 21),
(606, 59, 130, 4, 22),
(606, 59, 135, 6, 23),
(607, 61, 106, 3, 1),
(607, 66, 93, 2, 2),
(607, 54, 142, 1, 3),
(607, 66, 89, 1, 4),
(607, 57, 98, 1, 5),
(607, 65, 106, 2, 6),
(607, 56, 116, 4, 7),
(607, 50, 101, 1, 8),
(607, 55, 135, 1, 9),
(607, 56, 115, 1, 10),
(607, 56, 102, 1, 11),
(607, 60, 104, 1, 12),
(607, 62, 119, 1, 13),
(607, 59, 129, 1, 14),
(607, 66, 75, 1, 15),
(607, 59, 115, 1, 16),
(607, 62, 109, 4, 17),
(607, 54, 137, 1, 18),
(607, 52, 102, 4, 19),
(607, 49, 92, 4, 20),
(607, 48, 103, 4, 21),
(607, 62, 97, 2, 22),
(607, 59, 121, 2, 23),
(607, 56, 99, 2, 24),
(607, 55, 123, 4, 25),
(607, 55, 126, 2, 26),
(607, 63, 140, 1, 27),
(607, 51, 92, 4, 28),
(607, 65, 97, 3, 29),
(608, 54, 31, 2, 1),
(608, 54, 142, 4, 2),
(608, 63, 147, 1, 3),
(608, 65, 17, 1, 4),
(608, 57, 98, 2, 5),
(608, 65, 106, 2, 6),
(608, 56, 4, 2, 7),
(608, 63, 157, 2, 8),
(608, 56, 116, 2, 9),
(608, 50, 101, 1, 10),
(608, 60, 104, 1, 11),
(608, 62, 109, 4, 12),
(608, 54, 137, 1, 13),
(608, 62, 92, 4, 14),
(608, 52, 102, 4, 15),
(608, 65, 92, 4, 16),
(608, 59, 123, 1, 17),
(608, 63, 122, 4, 18),
(608, 56, 103, 4, 19),
(608, 59, 121, 1, 20),
(608, 56, 99, 1, 21),
(608, 63, 137, 2, 22),
(608, 48, 107, 10, 23),
(609, 61, 106, 3, 1),
(609, 66, 93, 2, 2),
(609, 54, 142, 1, 3),
(609, 66, 89, 1, 4),
(609, 65, 106, 3, 5),
(609, 56, 116, 3, 6),
(609, 50, 101, 3, 7),
(609, 55, 135, 1, 8),
(609, 60, 104, 2, 9),
(609, 62, 119, 1, 10),
(609, 59, 129, 1, 11),
(609, 62, 117, 1, 12),
(609, 62, 109, 4, 13),
(609, 54, 137, 1, 14),
(609, 52, 102, 4, 15),
(609, 49, 92, 4, 16),
(609, 48, 103, 3, 17),
(609, 62, 97, 3, 18),
(609, 59, 121, 2, 19),
(609, 56, 99, 3, 20),
(609, 55, 123, 4, 21),
(609, 55, 126, 3, 22),
(609, 51, 92, 4, 23),
(609, 65, 97, 3, 24),
(610, 62, 26, 4, 1),
(610, 62, 44, 4, 2),
(610, 62, 42, 4, 3),
(610, 58, 139, 2, 4),
(610, 50, 67, 1, 5),
(610, 57, 98, 1, 6),
(610, 65, 106, 3, 7),
(610, 63, 158, 1, 8),
(610, 56, 116, 4, 9),
(610, 50, 101, 1, 10),
(610, 63, 160, 1, 11),
(610, 60, 104, 2, 12),
(610, 62, 109, 4, 13),
(610, 54, 137, 1, 14),
(610, 62, 92, 4, 15),
(610, 52, 102, 4, 16),
(610, 65, 92, 4, 17),
(610, 48, 102, 1, 18),
(610, 59, 121, 2, 19),
(610, 56, 99, 1, 20),
(610, 62, 93, 4, 21),
(610, 51, 92, 4, 22),
(610, 48, 108, 3, 23),
(611, 55, 72, 4, 1),
(611, 55, 71, 4, 2),
(611, 61, 63, 2, 3),
(611, 54, 144, 1, 4),
(611, 53, 52, 1, 5),
(611, 62, 36, 2, 6),
(611, 66, 26, 1, 7),
(611, 56, 90, 1, 8),
(611, 56, 116, 4, 9),
(611, 50, 101, 2, 10),
(611, 55, 135, 1, 11),
(611, 63, 160, 1, 12),
(611, 61, 111, 3, 13),
(611, 60, 104, 2, 14),
(611, 62, 109, 3, 15),
(611, 54, 137, 1, 16),
(611, 51, 89, 2, 17),
(611, 62, 102, 3, 18),
(611, 52, 94, 1, 19),
(611, 61, 91, 1, 20),
(611, 59, 121, 2, 21),
(611, 57, 88, 1, 22),
(611, 56, 99, 3, 23),
(611, 61, 90, 2, 24),
(611, 63, 140, 1, 25),
(611, 51, 92, 2, 26),
(611, 61, 104, 4, 27),
(611, 48, 110, 5, 28),
(612, 66, 10, 4, 1),
(612, 66, 9, 4, 2),
(612, 56, 12, 4, 3),
(612, 61, 80, 4, 4),
(612, 54, 108, 1, 5),
(612, 54, 126, 2, 6),
(612, 66, 30, 4, 7),
(612, 65, 106, 3, 8),
(612, 56, 116, 4, 9),
(612, 50, 101, 1, 10),
(612, 55, 135, 1, 11),
(612, 63, 160, 1, 12),
(612, 60, 88, 1, 13),
(612, 60, 104, 1, 14),
(612, 66, 75, 1, 15),
(612, 62, 109, 4, 16),
(612, 54, 137, 1, 17),
(612, 62, 92, 4, 18),
(612, 52, 102, 4, 19),
(612, 59, 121, 1, 20),
(612, 57, 88, 2, 21),
(612, 51, 92, 4, 22),
(612, 48, 106, 4, 23),
(613, 61, 106, 3, 1),
(613, 66, 93, 2, 2),
(613, 54, 142, 1, 3),
(613, 66, 89, 1, 4),
(613, 65, 106, 3, 5),
(613, 56, 116, 4, 6),
(613, 50, 101, 2, 7),
(613, 55, 135, 1, 8),
(613, 60, 104, 2, 9),
(613, 62, 119, 1, 10),
(613, 59, 129, 2, 11),
(613, 62, 109, 4, 12),
(613, 54, 137, 1, 13),
(613, 52, 102, 4, 14),
(613, 49, 92, 4, 15),
(613, 48, 103, 4, 16),
(613, 62, 97, 2, 17),
(613, 59, 121, 3, 18),
(613, 56, 99, 2, 19),
(613, 55, 123, 4, 20),
(613, 55, 126, 3, 21),
(613, 51, 92, 4, 22),
(613, 65, 97, 3, 23),
(614, 65, 105, 3, 1),
(614, 65, 104, 3, 2),
(614, 62, 65, 2, 3),
(614, 55, 133, 1, 4),
(614, 62, 63, 1, 5),
(614, 62, 61, 2, 6),
(614, 62, 60, 3, 7),
(614, 54, 142, 1, 8),
(614, 65, 106, 3, 9),
(614, 56, 116, 4, 10),
(614, 50, 101, 2, 11),
(614, 55, 135, 2, 12),
(614, 60, 104, 2, 13),
(614, 62, 117, 1, 14),
(614, 62, 109, 4, 15),
(614, 54, 137, 1, 16),
(614, 52, 102, 4, 17),
(614, 59, 116, 1, 18),
(614, 60, 96, 1, 19),
(614, 53, 116, 1, 20),
(614, 65, 87, 3, 21),
(614, 56, 99, 2, 22),
(614, 65, 89, 4, 23),
(614, 51, 92, 4, 24),
(614, 48, 112, 5, 25),
(615, 59, 144, 3, 1),
(615, 59, 78, 2, 2),
(615, 52, 107, 2, 3),
(615, 61, 106, 1, 4),
(615, 54, 142, 1, 5),
(615, 66, 89, 1, 6),
(615, 65, 106, 2, 7),
(615, 56, 116, 4, 8),
(615, 50, 101, 3, 9),
(615, 55, 135, 1, 10),
(615, 60, 104, 2, 11),
(615, 62, 117, 1, 12),
(615, 62, 109, 4, 13),
(615, 54, 137, 1, 14),
(615, 62, 92, 2, 15),
(615, 52, 102, 4, 16),
(615, 52, 93, 4, 17),
(615, 55, 120, 1, 18),
(615, 59, 121, 3, 19),
(615, 55, 123, 4, 20),
(615, 55, 126, 2, 21),
(615, 51, 92, 4, 22),
(615, 48, 111, 8, 23),
(616, 61, 106, 3, 1),
(616, 66, 93, 2, 2),
(616, 54, 142, 1, 3),
(616, 66, 89, 1, 4),
(616, 65, 106, 2, 5),
(616, 56, 116, 4, 6),
(616, 50, 101, 2, 7),
(616, 55, 135, 1, 8),
(616, 56, 115, 1, 9),
(616, 60, 104, 1, 10),
(616, 62, 119, 1, 11),
(616, 66, 75, 1, 12),
(616, 62, 109, 4, 13),
(616, 54, 137, 1, 14),
(616, 52, 102, 4, 15),
(616, 49, 92, 3, 16),
(616, 52, 94, 2, 17),
(616, 48, 103, 3, 18),
(616, 53, 116, 1, 19),
(616, 62, 97, 3, 20),
(616, 59, 121, 3, 21),
(616, 56, 99, 2, 22),
(616, 55, 123, 4, 23),
(616, 55, 126, 2, 24),
(616, 63, 140, 1, 25),
(616, 51, 92, 4, 26),
(616, 65, 97, 3, 27),
(617, 52, 62, 4, 1),
(617, 63, 121, 2, 2),
(617, 53, 54, 2, 3),
(617, 55, 65, 2, 4),
(617, 57, 96, 1, 5),
(617, 57, 98, 1, 6),
(617, 65, 106, 2, 7),
(617, 56, 116, 3, 8),
(617, 50, 101, 3, 9),
(617, 60, 104, 2, 10),
(617, 62, 119, 1, 11),
(617, 59, 129, 4, 12),
(617, 66, 75, 1, 13),
(617, 62, 109, 3, 14),
(617, 56, 107, 1, 15),
(617, 52, 102, 4, 16),
(617, 65, 92, 4, 17),
(617, 50, 95, 1, 18),
(617, 60, 98, 1, 19),
(617, 49, 92, 4, 20),
(617, 52, 94, 1, 21),
(617, 53, 116, 1, 22),
(617, 62, 97, 3, 23),
(617, 56, 99, 3, 24),
(617, 53, 117, 3, 25),
(617, 48, 111, 3, 26),
(618, 66, 14, 1, 1),
(618, 25, 110, 1, 2),
(618, 33, 16, 1, 3),
(618, 33, 60, 1, 4),
(618, 43, 49, 1, 5),
(618, 33, 79, 1, 6),
(618, 43, 61, 1, 7),
(618, 59, 26, 1, 8),
(618, 1006, 9, 1, 9),
(618, 59, 24, 1, 10),
(618, 1006, 8, 1, 11),
(618, 2, 1, 1, 12),
(618, 34, 83, 1, 13),
(618, 35, 57, 1, 14),
(618, 42, 32, 1, 15),
(618, 17, 60, 1, 16),
(618, 27, 8, 1, 17),
(618, 35, 15, 1, 18),
(618, 53, 63, 1, 19),
(618, 37, 43, 1, 20),
(618, 56, 116, 1, 21),
(618, 50, 101, 1, 22),
(618, 22, 86, 1, 23),
(618, 55, 135, 1, 24),
(618, 43, 101, 1, 25),
(618, 13, 138, 1, 26),
(618, 20, 92, 1, 27),
(618, 46, 89, 1, 28),
(618, 63, 160, 1, 29),
(618, 15, 138, 1, 30),
(618, 33, 109, 1, 31),
(618, 61, 111, 1, 32),
(618, 34, 125, 1, 33),
(618, 43, 97, 1, 34),
(618, 26, 93, 1, 35),
(618, 17, 87, 1, 36),
(618, 54, 149, 1, 37),
(618, 29, 72, 1, 38),
(618, 24, 84, 1, 39),
(618, 38, 87, 1, 40),
(618, 41, 139, 1, 41),
(618, 62, 118, 1, 42),
(618, 60, 88, 1, 43),
(618, 60, 104, 1, 44),
(618, 66, 75, 1, 45),
(618, 59, 115, 1, 46),
(618, 60, 105, 1, 47),
(618, 21, 100, 1, 48),
(618, 1, 71, 1, 49),
(618, 38, 86, 1, 50),
(618, 51, 89, 1, 51),
(618, 52, 102, 1, 52),
(618, 43, 98, 1, 53),
(618, 22, 92, 1, 54),
(618, 22, 91, 1, 55),
(618, 50, 96, 1, 56),
(618, 59, 123, 1, 57),
(618, 1, 88, 1, 58),
(618, 22, 84, 1, 59),
(618, 55, 128, 1, 60),
(618, 1, 74, 1, 61),
(618, 46, 87, 1, 62),
(618, 5, 77, 1, 63),
(618, 1, 76, 1, 64),
(618, 17, 88, 1, 65),
(618, 1, 79, 1, 66),
(618, 1, 92, 1, 67),
(618, 1, 93, 1, 68),
(618, 5, 78, 1, 69),
(618, 59, 128, 1, 70),
(618, 55, 120, 1, 71),
(618, 7, 126, 1, 72),
(618, 1, 95, 1, 73),
(618, 55, 123, 1, 74),
(618, 29, 85, 1, 75),
(618, 59, 121, 1, 76),
(618, 59, 119, 1, 77),
(618, 56, 99, 1, 78),
(618, 25, 85, 1, 79),
(618, 24, 75, 1, 80),
(618, 27, 75, 1, 81),
(618, 61, 97, 1, 82),
(618, 37, 135, 1, 83),
(618, 1, 96, 1, 84),
(618, 1, 98, 16, 85),
(619, 62, 23, 3, 1),
(619, 62, 33, 3, 2),
(619, 62, 32, 4, 3),
(619, 62, 31, 4, 4),
(619, 62, 36, 1, 5),
(619, 65, 106, 2, 6),
(619, 59, 122, 4, 7),
(619, 63, 159, 1, 8),
(619, 67, 162, 1, 9),
(619, 60, 104, 2, 10),
(619, 62, 119, 1, 11),
(619, 62, 117, 1, 12),
(619, 62, 109, 4, 13),
(619, 60, 99, 4, 14),
(619, 66, 76, 3, 15),
(619, 65, 92, 3, 16),
(619, 67, 149, 1, 17),
(619, 61, 100, 4, 18),
(619, 63, 127, 1, 19),
(619, 62, 97, 2, 20),
(619, 59, 121, 3, 21),
(619, 62, 93, 1, 22),
(619, 59, 135, 5, 23),
(619, 59, 136, 2, 24),
(620, 66, 10, 4, 1),
(620, 66, 9, 4, 2),
(620, 59, 78, 4, 3),
(620, 62, 33, 3, 4),
(620, 62, 32, 4, 5),
(620, 62, 31, 4, 6),
(620, 66, 30, 4, 7),
(620, 5006, 67, 1, 8),
(620, 65, 106, 3, 9),
(620, 59, 122, 4, 10),
(620, 63, 160, 1, 11),
(620, 60, 104, 1, 12),
(620, 62, 117, 1, 13),
(620, 62, 109, 4, 14),
(620, 62, 92, 4, 15),
(620, 60, 99, 4, 16),
(620, 60, 96, 1, 17),
(620, 67, 137, 1, 18),
(620, 59, 130, 4, 19),
(620, 59, 138, 4, 20),
(621, 66, 10, 4, 1),
(621, 66, 9, 4, 2),
(621, 61, 58, 4, 3),
(621, 67, 91, 2, 4),
(621, 67, 90, 2, 5),
(621, 5006, 67, 1, 6),
(621, 61, 34, 1, 7),
(621, 66, 30, 4, 8),
(621, 65, 106, 4, 9),
(621, 63, 121, 1, 10),
(621, 59, 122, 4, 11),
(621, 67, 143, 1, 12),
(621, 63, 160, 1, 13),
(621, 60, 104, 1, 14),
(621, 66, 75, 1, 15),
(621, 62, 109, 4, 16),
(621, 62, 92, 4, 17),
(621, 60, 99, 4, 18),
(621, 59, 121, 3, 19),
(621, 67, 137, 1, 20),
(621, 59, 130, 4, 21),
(621, 59, 137, 5, 22),
(622, 62, 26, 4, 1),
(622, 62, 44, 4, 2),
(622, 62, 42, 4, 3),
(622, 59, 78, 1, 4),
(622, 65, 106, 4, 5),
(622, 59, 122, 2, 6),
(622, 59, 127, 1, 7),
(622, 60, 104, 2, 8),
(622, 66, 75, 1, 9),
(622, 62, 109, 4, 10),
(622, 62, 92, 4, 11),
(622, 60, 99, 4, 12),
(622, 65, 92, 4, 13),
(622, 63, 122, 4, 14),
(622, 59, 125, 1, 15),
(622, 65, 88, 1, 16),
(622, 62, 106, 1, 17),
(622, 59, 121, 2, 18),
(622, 67, 137, 1, 19),
(622, 62, 93, 4, 20),
(622, 59, 130, 4, 21),
(622, 59, 138, 3, 22),
(623, 62, 120, 3, 1),
(623, 62, 113, 4, 2),
(623, 67, 55, 1, 3),
(623, 65, 23, 1, 4),
(623, 5006, 67, 1, 5),
(623, 66, 89, 2, 6),
(623, 65, 106, 3, 7),
(623, 59, 122, 4, 8),
(623, 67, 162, 1, 9),
(623, 60, 104, 1, 10),
(623, 62, 119, 1, 11),
(623, 66, 75, 1, 12),
(623, 62, 117, 1, 13),
(623, 62, 109, 4, 14),
(623, 62, 92, 2, 15),
(623, 60, 99, 4, 16),
(623, 65, 86, 3, 17),
(623, 63, 127, 1, 18),
(623, 62, 97, 2, 19),
(623, 62, 100, 4, 20),
(623, 59, 121, 2, 21),
(623, 63, 137, 2, 22),
(623, 65, 89, 2, 23),
(623, 66, 83, 3, 24),
(623, 59, 135, 7, 25),
(624, 62, 26, 4, 1),
(624, 62, 44, 4, 2),
(624, 62, 42, 4, 3),
(624, 59, 78, 2, 4),
(624, 65, 106, 4, 5),
(624, 59, 122, 2, 6),
(624, 67, 143, 2, 7),
(624, 60, 104, 2, 8),
(624, 62, 109, 4, 9),
(624, 62, 92, 4, 10),
(624, 60, 99, 4, 11),
(624, 65, 92, 3, 12),
(624, 63, 122, 3, 13),
(624, 67, 150, 1, 14),
(624, 65, 88, 2, 15),
(624, 59, 121, 2, 16),
(624, 67, 137, 2, 17),
(624, 62, 93, 3, 18),
(624, 59, 130, 4, 19),
(624, 59, 138, 4, 20),
(625, 63, 151, 3, 1),
(625, 63, 150, 3, 2),
(625, 61, 107, 3, 3),
(625, 61, 58, 3, 4),
(625, 65, 106, 1, 5),
(625, 59, 122, 4, 6),
(625, 61, 111, 4, 7),
(625, 60, 104, 2, 8),
(625, 62, 119, 1, 9),
(625, 62, 117, 1, 10),
(625, 62, 109, 4, 11),
(625, 62, 92, 1, 12),
(625, 60, 99, 1, 13),
(625, 59, 123, 1, 14),
(625, 65, 86, 4, 15),
(625, 62, 94, 1, 16),
(625, 1006, 38, 2, 17),
(625, 63, 131, 2, 18),
(625, 59, 121, 1, 19),
(625, 61, 90, 2, 20),
(625, 67, 145, 1, 21),
(625, 63, 138, 3, 22),
(625, 61, 104, 4, 23),
(625, 59, 137, 8, 24),
(626, 66, 10, 4, 1),
(626, 66, 9, 4, 2),
(626, 67, 91, 3, 3),
(626, 67, 90, 3, 4),
(626, 66, 13, 2, 5),
(626, 61, 80, 2, 6),
(626, 66, 14, 1, 7),
(626, 5006, 67, 1, 8),
(626, 66, 30, 4, 9),
(626, 65, 106, 4, 10),
(626, 59, 122, 4, 11),
(626, 63, 159, 1, 12),
(626, 60, 88, 2, 13),
(626, 60, 104, 2, 14),
(626, 62, 109, 4, 15),
(626, 62, 92, 4, 16),
(626, 60, 99, 4, 17),
(626, 59, 121, 2, 18),
(626, 67, 137, 1, 19),
(626, 59, 130, 4, 20),
(626, 59, 133, 4, 21),
(627, 67, 156, 1, 1),
(627, 33, 25, 1, 2),
(627, 20, 34, 1, 3),
(627, 42, 2, 1, 4),
(627, 20, 73, 1, 5),
(627, 31, 64, 1, 6),
(627, 42, 75, 1, 7),
(627, 1, 1, 1, 8),
(627, 33, 2, 1, 9),
(627, 5, 39, 1, 10),
(627, 1, 32, 1, 11),
(627, 33, 69, 1, 12),
(627, 7, 93, 1, 13),
(627, 56, 12, 1, 14),
(627, 52, 48, 1, 15),
(627, 5001, 11, 1, 16),
(627, 25, 55, 1, 17),
(627, 58, 139, 1, 18),
(627, 39, 47, 1, 19),
(627, 57, 20, 1, 20),
(627, 2, 6, 1, 21),
(627, 9, 49, 1, 22),
(627, 35, 57, 1, 23),
(627, 36, 49, 1, 24),
(627, 1, 21, 1, 25),
(627, 26, 71, 1, 26),
(627, 54, 141, 1, 27),
(627, 2002, 17, 1, 28),
(627, 38, 48, 1, 29),
(627, 42, 32, 1, 30),
(627, 17, 60, 1, 31),
(627, 35, 15, 1, 32),
(627, 17, 32, 1, 33),
(627, 37, 43, 1, 34),
(627, 56, 4, 1, 35),
(627, 55, 135, 1, 36),
(627, 50, 101, 1, 37),
(627, 44, 78, 1, 38),
(627, 39, 109, 1, 39),
(627, 15, 138, 1, 40),
(627, 46, 89, 1, 41),
(627, 63, 160, 1, 42),
(627, 61, 111, 1, 43),
(627, 34, 125, 1, 44),
(627, 5006, 33, 1, 45),
(627, 33, 109, 1, 46),
(627, 67, 161, 1, 47),
(627, 65, 107, 1, 48),
(627, 54, 149, 1, 49),
(627, 24, 84, 1, 50),
(627, 29, 72, 1, 51),
(627, 38, 87, 1, 52),
(627, 60, 104, 1, 53),
(627, 62, 117, 1, 54),
(627, 13, 145, 1, 55),
(627, 66, 75, 1, 56),
(627, 21, 100, 1, 57),
(627, 1, 71, 1, 58),
(627, 38, 86, 1, 59),
(627, 52, 102, 1, 60),
(627, 22, 91, 1, 61),
(627, 1, 88, 1, 62),
(627, 6, 114, 1, 63),
(627, 22, 84, 1, 64),
(627, 55, 128, 1, 65),
(627, 1, 74, 1, 66),
(627, 46, 87, 1, 67),
(627, 5, 77, 1, 68),
(627, 1, 76, 1, 69),
(627, 17, 88, 1, 70),
(627, 1, 79, 1, 71),
(627, 1, 92, 1, 72),
(627, 1, 93, 1, 73),
(627, 7, 126, 1, 74),
(627, 55, 123, 1, 75),
(627, 29, 85, 1, 76),
(627, 1, 78, 1, 77),
(627, 49, 94, 1, 78),
(627, 59, 121, 1, 79),
(627, 59, 119, 1, 80),
(627, 56, 99, 1, 81),
(627, 62, 108, 1, 82),
(627, 51, 87, 1, 83),
(627, 39, 104, 1, 84),
(627, 62, 93, 1, 85),
(627, 63, 139, 1, 86),
(627, 23, 95, 1, 87),
(627, 19, 88, 1, 88),
(627, 1, 96, 1, 89),
(627, 5, 17, 1, 90),
(627, 17, 93, 1, 91),
(627, 36, 92, 1, 92),
(627, 1, 102, 6, 93),
(627, 1, 101, 2, 94),
(628, 46, 96, 1, 1),
(628, 67, 54, 1, 2),
(628, 55, 46, 1, 3),
(628, 38, 6, 1, 4),
(628, 38, 5, 1, 5),
(628, 26, 22, 1, 6),
(628, 18, 17, 1, 7),
(628, 67, 53, 1, 8),
(628, 10, 10, 1, 9),
(628, 38, 42, 1, 10),
(628, 26, 70, 1, 11),
(628, 67, 51, 1, 12),
(628, 67, 52, 1, 13),
(628, 46, 68, 1, 14),
(628, 38, 66, 1, 15),
(628, 67, 55, 1, 16),
(628, 65, 23, 1, 17),
(628, 61, 33, 1, 18),
(628, 42, 32, 1, 19),
(628, 17, 60, 1, 20),
(628, 27, 8, 1, 21),
(628, 35, 15, 1, 22),
(628, 35, 60, 1, 23),
(628, 37, 43, 1, 24),
(628, 55, 135, 1, 25),
(628, 20, 92, 1, 26),
(628, 50, 101, 1, 27),
(628, 22, 86, 1, 28),
(628, 15, 138, 1, 29),
(628, 46, 89, 1, 30),
(628, 63, 160, 1, 31),
(628, 61, 111, 1, 32),
(628, 34, 125, 1, 33),
(628, 33, 109, 1, 34),
(628, 43, 97, 1, 35),
(628, 17, 87, 1, 36),
(628, 26, 93, 1, 37),
(628, 54, 149, 1, 38),
(628, 24, 84, 1, 39),
(628, 29, 72, 1, 40),
(628, 60, 104, 1, 41),
(628, 59, 115, 1, 42),
(628, 60, 105, 1, 43),
(628, 66, 75, 1, 44),
(628, 45, 74, 1, 45),
(628, 62, 118, 1, 46),
(628, 21, 100, 1, 47),
(628, 54, 137, 1, 48),
(628, 1, 71, 1, 49),
(628, 38, 86, 1, 50),
(628, 51, 89, 1, 51),
(628, 52, 102, 1, 52),
(628, 22, 92, 1, 53),
(628, 22, 91, 1, 54),
(628, 59, 123, 1, 55),
(628, 1, 88, 1, 56),
(628, 1, 91, 1, 57),
(628, 33, 124, 1, 58),
(628, 1, 74, 1, 59),
(628, 46, 87, 1, 60),
(628, 5, 77, 1, 61),
(628, 1, 76, 1, 62),
(628, 17, 88, 1, 63),
(628, 1, 79, 1, 64),
(628, 1, 92, 1, 65),
(628, 1, 93, 1, 66),
(628, 59, 124, 1, 67),
(628, 55, 120, 1, 68),
(628, 7, 126, 1, 69),
(628, 1, 95, 1, 70),
(628, 29, 85, 1, 71),
(628, 55, 123, 1, 72),
(628, 5, 78, 1, 73),
(628, 63, 129, 1, 74),
(628, 59, 128, 1, 75),
(628, 59, 121, 1, 76),
(628, 59, 119, 1, 77),
(628, 56, 99, 1, 78),
(628, 25, 85, 1, 79),
(628, 24, 75, 1, 80),
(628, 39, 104, 1, 81),
(628, 67, 145, 1, 82),
(628, 27, 76, 1, 83),
(628, 63, 137, 1, 84),
(628, 40, 94, 1, 85),
(628, 1, 100, 15, 86),
(629, 5006, 98, 1, 1),
(629, 3, 1, 1, 2),
(629, 36, 15, 1, 3),
(629, 36, 6, 1, 4),
(629, 42, 67, 1, 5),
(629, 36, 26, 1, 6),
(629, 9, 60, 1, 7),
(629, 15, 47, 1, 8),
(629, 37, 144, 1, 9),
(629, 36, 9, 1, 10),
(629, 2, 6, 1, 11),
(629, 39, 47, 1, 12),
(629, 35, 57, 1, 13),
(629, 1, 21, 1, 14),
(629, 26, 71, 1, 15),
(629, 2002, 17, 1, 16),
(629, 38, 48, 1, 17),
(629, 42, 32, 1, 18),
(629, 17, 60, 1, 19),
(629, 39, 9, 1, 20),
(629, 35, 15, 1, 21),
(629, 17, 32, 1, 22),
(629, 37, 146, 1, 23),
(629, 37, 43, 1, 24),
(629, 31, 85, 4, 25),
(629, 36, 89, 1, 26),
(629, 55, 135, 1, 27),
(629, 50, 101, 1, 28),
(629, 44, 78, 1, 29),
(629, 39, 109, 1, 30),
(629, 15, 138, 1, 31),
(629, 46, 89, 1, 32),
(629, 63, 160, 1, 33),
(629, 61, 111, 1, 34),
(629, 34, 125, 1, 35),
(629, 5006, 33, 1, 36),
(629, 33, 109, 1, 37),
(629, 67, 161, 1, 38),
(629, 65, 107, 1, 39),
(629, 17, 89, 1, 40),
(629, 54, 149, 1, 41),
(629, 24, 84, 1, 42),
(629, 29, 72, 1, 43),
(629, 38, 87, 1, 44),
(629, 62, 118, 1, 45),
(629, 60, 104, 1, 46),
(629, 62, 117, 1, 47),
(629, 18, 87, 1, 48),
(629, 66, 75, 1, 49),
(629, 21, 100, 1, 50),
(629, 1, 71, 1, 51),
(629, 38, 86, 1, 52),
(629, 52, 102, 1, 53),
(629, 59, 116, 1, 54),
(629, 1, 88, 1, 55),
(629, 22, 84, 1, 56),
(629, 55, 128, 1, 57),
(629, 1, 74, 1, 58),
(629, 46, 87, 1, 59),
(629, 5, 77, 1, 60),
(629, 1, 76, 1, 61),
(629, 17, 88, 1, 62),
(629, 1, 79, 1, 63),
(629, 1, 92, 1, 64),
(629, 1, 93, 1, 65),
(629, 7, 126, 1, 66),
(629, 55, 123, 1, 67),
(629, 29, 85, 1, 68),
(629, 5, 78, 1, 69),
(629, 59, 124, 1, 70),
(629, 5, 76, 1, 71),
(629, 1, 78, 1, 72),
(629, 59, 121, 1, 73),
(629, 42, 87, 1, 74),
(629, 59, 119, 1, 75),
(629, 56, 99, 1, 76),
(629, 61, 91, 1, 77),
(629, 11, 93, 1, 78),
(629, 39, 104, 1, 79),
(629, 20, 88, 1, 80),
(629, 27, 77, 1, 81),
(629, 23, 95, 1, 82),
(629, 19, 88, 1, 83),
(629, 1, 96, 1, 84),
(629, 5, 17, 1, 85),
(629, 17, 93, 1, 86),
(629, 61, 104, 1, 87),
(629, 36, 92, 1, 88),
(629, 1, 97, 5, 89),
(629, 1, 101, 4, 90),
(630, 63, 151, 3, 1),
(630, 63, 150, 3, 2),
(630, 62, 36, 4, 3),
(630, 5006, 67, 1, 4),
(630, 63, 121, 1, 5),
(630, 56, 116, 3, 6),
(630, 50, 101, 3, 7),
(630, 61, 111, 4, 8),
(630, 60, 104, 2, 9),
(630, 62, 119, 1, 10),
(630, 66, 75, 1, 11),
(630, 59, 115, 1, 12),
(630, 60, 105, 1, 13),
(630, 62, 109, 4, 14),
(630, 54, 137, 1, 15),
(630, 59, 123, 2, 16),
(630, 65, 86, 2, 17),
(630, 62, 102, 2, 18),
(630, 52, 94, 1, 19),
(630, 55, 120, 1, 20),
(630, 48, 104, 1, 21),
(630, 61, 91, 2, 22),
(630, 67, 133, 1, 23),
(630, 56, 99, 1, 24),
(630, 5005, 28, 4, 25),
(630, 61, 104, 3, 26),
(630, 48, 110, 6, 27),
(630, 48, 109, 1, 28),
(631, 68, 66, 3, 1),
(631, 59, 55, 4, 2),
(631, 68, 64, 4, 3),
(631, 65, 106, 3, 4),
(631, 59, 122, 4, 5),
(631, 67, 143, 1, 6),
(631, 65, 107, 3, 7),
(631, 60, 104, 1, 8),
(631, 62, 119, 2, 9),
(631, 59, 129, 2, 10),
(631, 62, 109, 4, 11),
(631, 60, 99, 4, 12),
(631, 66, 76, 1, 13),
(631, 65, 92, 4, 14),
(631, 67, 149, 2, 15),
(631, 68, 97, 4, 16),
(631, 62, 93, 4, 17),
(631, 59, 136, 8, 18),
(632, 59, 144, 1, 1),
(632, 59, 78, 3, 2),
(632, 67, 91, 2, 3),
(632, 67, 89, 2, 4),
(632, 67, 84, 2, 5),
(632, 60, 70, 1, 6),
(632, 5006, 67, 1, 7),
(632, 66, 30, 1, 8),
(632, 65, 106, 1, 9),
(632, 63, 158, 2, 10),
(632, 59, 122, 4, 11),
(632, 67, 143, 1, 12),
(632, 67, 162, 1, 13),
(632, 60, 104, 2, 14),
(632, 62, 119, 1, 15),
(632, 62, 109, 4, 16),
(632, 62, 92, 4, 17),
(632, 60, 99, 4, 18),
(632, 65, 92, 4, 19),
(632, 67, 149, 1, 20),
(632, 59, 121, 3, 21),
(632, 67, 137, 3, 22),
(632, 59, 130, 4, 23),
(632, 59, 138, 8, 24),
(633, 62, 26, 4, 1),
(633, 62, 44, 4, 2),
(633, 62, 42, 4, 3),
(633, 63, 44, 2, 4),
(633, 60, 22, 2, 5),
(633, 65, 106, 3, 6),
(633, 59, 122, 2, 7),
(633, 67, 143, 1, 8),
(633, 60, 104, 2, 9),
(633, 62, 119, 1, 10),
(633, 66, 75, 1, 11),
(633, 62, 117, 1, 12),
(633, 62, 109, 4, 13),
(633, 62, 92, 4, 14),
(633, 60, 99, 4, 15),
(633, 65, 92, 4, 16),
(633, 63, 122, 3, 17),
(633, 67, 135, 1, 18),
(633, 67, 150, 1, 19),
(633, 62, 94, 1, 20),
(633, 62, 106, 1, 21),
(633, 59, 121, 2, 22),
(633, 67, 137, 1, 23),
(633, 62, 93, 3, 24),
(633, 59, 130, 4, 25),
(634, 61, 106, 4, 1),
(634, 65, 40, 1, 2),
(634, 65, 106, 2, 3),
(634, 59, 122, 4, 4),
(634, 59, 127, 1, 5),
(634, 67, 143, 1, 6),
(634, 60, 104, 2, 7),
(634, 62, 119, 2, 8),
(634, 59, 129, 3, 9),
(634, 62, 117, 1, 10),
(634, 62, 109, 4, 11),
(634, 60, 99, 4, 12),
(634, 65, 92, 4, 13),
(634, 1006, 34, 4, 14),
(634, 62, 94, 2, 15),
(634, 61, 100, 4, 16),
(634, 62, 97, 2, 17),
(634, 59, 121, 2, 18),
(634, 67, 133, 2, 19),
(634, 63, 137, 3, 20),
(634, 59, 130, 4, 21),
(634, 59, 134, 4, 22),
(635, 67, 160, 4, 1),
(635, 67, 164, 4, 2),
(635, 66, 89, 1, 3),
(635, 65, 106, 2, 4),
(635, 59, 122, 4, 5),
(635, 66, 69, 1, 6),
(635, 67, 148, 1, 7),
(635, 60, 104, 2, 8),
(635, 66, 75, 2, 9),
(635, 62, 117, 1, 10),
(635, 60, 105, 1, 11),
(635, 62, 109, 4, 12),
(635, 62, 92, 2, 13),
(635, 60, 99, 4, 14),
(635, 65, 92, 4, 15),
(635, 65, 86, 4, 16),
(635, 67, 150, 1, 17),
(635, 67, 144, 4, 18),
(635, 67, 137, 1, 19),
(635, 63, 139, 3, 20),
(635, 59, 130, 4, 21),
(635, 59, 136, 6, 22),
(636, 61, 106, 3, 1),
(636, 66, 93, 3, 2),
(636, 66, 89, 1, 3),
(636, 65, 106, 2, 4),
(636, 59, 122, 4, 5),
(636, 67, 143, 2, 6),
(636, 60, 104, 1, 7),
(636, 66, 75, 1, 8),
(636, 62, 119, 1, 9),
(636, 59, 129, 2, 10),
(636, 62, 117, 1, 11),
(636, 62, 109, 4, 12),
(636, 60, 99, 4, 13),
(636, 65, 92, 4, 14),
(636, 1006, 34, 4, 15),
(636, 61, 100, 4, 16),
(636, 63, 127, 2, 17),
(636, 62, 97, 2, 18),
(636, 59, 121, 3, 19),
(636, 67, 137, 2, 20),
(636, 64, 28, 2, 21),
(636, 59, 130, 4, 22),
(636, 65, 97, 4, 23),
(637, 62, 113, 3, 1),
(637, 62, 33, 3, 2),
(637, 62, 32, 4, 3),
(637, 62, 31, 4, 4),
(637, 60, 83, 1, 5),
(637, 65, 106, 2, 6),
(637, 59, 122, 4, 7),
(637, 67, 162, 1, 8),
(637, 67, 143, 1, 9),
(637, 60, 104, 2, 10),
(637, 62, 119, 1, 11),
(637, 62, 117, 1, 12),
(637, 62, 109, 4, 13),
(637, 60, 99, 4, 14),
(637, 66, 76, 2, 15),
(637, 65, 92, 4, 16),
(637, 67, 149, 1, 17),
(637, 61, 100, 4, 18),
(637, 62, 97, 2, 19),
(637, 59, 121, 3, 20),
(637, 67, 145, 2, 21),
(637, 59, 130, 1, 22),
(637, 59, 135, 6, 23),
(638, 68, 66, 3, 1),
(638, 59, 55, 4, 2),
(638, 68, 64, 2, 3),
(638, 59, 54, 2, 4),
(638, 57, 98, 1, 5),
(638, 65, 106, 3, 6),
(638, 59, 122, 3, 7),
(638, 50, 101, 1, 8),
(638, 65, 107, 3, 9),
(638, 60, 104, 1, 10),
(638, 62, 119, 1, 11),
(638, 68, 98, 2, 12),
(638, 62, 109, 4, 13),
(638, 57, 95, 1, 14),
(638, 52, 102, 4, 15),
(638, 65, 92, 4, 16),
(638, 50, 95, 1, 17),
(638, 49, 92, 4, 18),
(638, 59, 124, 2, 19),
(638, 55, 120, 2, 20),
(638, 63, 164, 2, 21),
(638, 62, 93, 4, 22),
(638, 62, 112, 1, 23),
(638, 48, 109, 5, 24),
(639, 61, 106, 4, 1),
(639, 65, 40, 1, 2),
(639, 65, 106, 2, 3),
(639, 59, 122, 4, 4),
(639, 59, 127, 1, 5),
(639, 67, 143, 1, 6),
(639, 60, 104, 2, 7),
(639, 62, 119, 2, 8),
(639, 59, 129, 3, 9),
(639, 68, 98, 1, 10),
(639, 62, 117, 1, 11),
(639, 62, 109, 4, 12),
(639, 60, 99, 4, 13),
(639, 65, 92, 4, 14),
(639, 1006, 34, 4, 15),
(639, 62, 94, 1, 16),
(639, 61, 100, 4, 17),
(639, 62, 97, 2, 18),
(639, 59, 121, 2, 19),
(639, 68, 99, 2, 20),
(639, 63, 137, 3, 21),
(639, 59, 130, 4, 22),
(639, 59, 134, 4, 23),
(640, 62, 26, 4, 1),
(640, 62, 44, 4, 2),
(640, 62, 42, 4, 3),
(640, 65, 106, 3, 4),
(640, 59, 122, 2, 5),
(640, 67, 143, 1, 6),
(640, 63, 160, 1, 7),
(640, 60, 104, 1, 8),
(640, 62, 119, 1, 9),
(640, 66, 75, 1, 10),
(640, 62, 117, 1, 11),
(640, 62, 109, 4, 12),
(640, 62, 92, 4, 13),
(640, 60, 99, 4, 14),
(640, 65, 92, 4, 15),
(640, 63, 122, 3, 16),
(640, 68, 109, 4, 17),
(640, 67, 150, 1, 18),
(640, 62, 94, 1, 19),
(640, 62, 106, 1, 20),
(640, 60, 97, 1, 21),
(640, 59, 121, 1, 22),
(640, 68, 99, 1, 23),
(640, 67, 137, 1, 24),
(640, 62, 93, 3, 25),
(640, 59, 130, 4, 26),
(641, 59, 144, 2, 1),
(641, 59, 78, 3, 2),
(641, 67, 94, 1, 3),
(641, 67, 91, 2, 4),
(641, 67, 89, 1, 5),
(641, 67, 90, 1, 6),
(641, 67, 84, 2, 7),
(641, 66, 30, 1, 8),
(641, 65, 106, 2, 9),
(641, 63, 158, 2, 10),
(641, 59, 122, 3, 11),
(641, 67, 143, 1, 12),
(641, 60, 104, 2, 13),
(641, 66, 75, 1, 14),
(641, 62, 109, 4, 15),
(641, 62, 92, 3, 16),
(641, 60, 99, 4, 17),
(641, 65, 92, 4, 18),
(641, 63, 122, 2, 19),
(641, 67, 135, 1, 20),
(641, 59, 121, 3, 21),
(641, 67, 137, 3, 22),
(641, 68, 110, 1, 23),
(641, 59, 130, 4, 24),
(641, 59, 138, 7, 25),
(642, 67, 160, 4, 1),
(642, 67, 164, 4, 2),
(642, 66, 89, 1, 3),
(642, 65, 106, 2, 4),
(642, 59, 122, 4, 5),
(642, 67, 143, 1, 6),
(642, 67, 148, 1, 7),
(642, 60, 104, 2, 8),
(642, 66, 75, 2, 9),
(642, 60, 105, 1, 10),
(642, 62, 109, 4, 11),
(642, 62, 92, 2, 12),
(642, 60, 99, 4, 13),
(642, 65, 92, 4, 14),
(642, 65, 86, 4, 15),
(642, 67, 150, 1, 16),
(642, 60, 97, 1, 17),
(642, 67, 144, 4, 18),
(642, 67, 137, 1, 19),
(642, 63, 139, 3, 20),
(642, 59, 130, 4, 21),
(642, 59, 136, 6, 22),
(643, 62, 113, 3, 1),
(643, 62, 33, 3, 2),
(643, 62, 32, 4, 3),
(643, 62, 31, 4, 4),
(643, 65, 106, 3, 5),
(643, 59, 122, 4, 6),
(643, 60, 104, 2, 7),
(643, 62, 119, 1, 8),
(643, 62, 117, 1, 9),
(643, 62, 109, 4, 10),
(643, 60, 99, 4, 11),
(643, 66, 76, 3, 12),
(643, 65, 92, 4, 13),
(643, 67, 149, 1, 14),
(643, 1006, 34, 3, 15),
(643, 62, 97, 2, 16),
(643, 59, 121, 4, 17),
(643, 62, 93, 1, 18),
(643, 67, 145, 1, 19),
(643, 59, 135, 7, 20),
(643, 59, 137, 1, 21),
(644, 61, 106, 3, 1),
(644, 66, 93, 3, 2),
(644, 65, 40, 1, 3),
(644, 66, 89, 1, 4),
(644, 65, 106, 2, 5),
(644, 59, 122, 4, 6),
(644, 63, 159, 1, 7),
(644, 67, 143, 1, 8),
(644, 67, 148, 2, 9),
(644, 60, 104, 2, 10),
(644, 62, 119, 2, 11),
(644, 59, 129, 1, 12),
(644, 66, 75, 1, 13),
(644, 62, 117, 1, 14),
(644, 62, 109, 4, 15),
(644, 60, 99, 4, 16),
(644, 1006, 34, 4, 17),
(644, 61, 100, 4, 18),
(644, 63, 127, 2, 19),
(644, 62, 97, 2, 20),
(644, 59, 121, 3, 21),
(644, 67, 137, 2, 22),
(644, 64, 28, 2, 23),
(644, 59, 130, 4, 24),
(644, 65, 97, 4, 25),
(645, 62, 113, 3, 1),
(645, 62, 33, 3, 2),
(645, 62, 32, 4, 3),
(645, 62, 31, 4, 4),
(645, 5006, 67, 2, 5),
(645, 66, 89, 1, 6),
(645, 65, 106, 3, 7),
(645, 59, 122, 1, 8),
(645, 63, 159, 3, 9),
(645, 67, 143, 2, 10),
(645, 60, 104, 1, 11),
(645, 62, 117, 1, 12),
(645, 62, 109, 4, 13),
(645, 60, 99, 4, 14),
(645, 66, 76, 2, 15),
(645, 67, 149, 1, 16),
(645, 61, 100, 4, 17),
(645, 62, 97, 2, 18),
(645, 59, 121, 3, 19),
(645, 65, 89, 3, 20),
(645, 67, 145, 1, 21),
(645, 59, 135, 7, 22),
(645, 59, 139, 1, 23),
(646, 59, 144, 2, 1),
(646, 59, 78, 1, 2),
(646, 67, 94, 2, 3),
(646, 52, 107, 1, 4),
(646, 67, 84, 1, 5),
(646, 50, 67, 1, 6),
(646, 61, 106, 1, 7),
(646, 54, 142, 1, 8),
(646, 57, 98, 1, 9),
(646, 65, 106, 2, 10),
(646, 63, 158, 2, 11),
(646, 56, 116, 2, 12),
(646, 55, 135, 1, 13),
(646, 50, 101, 1, 14),
(646, 56, 115, 1, 15),
(646, 60, 104, 1, 16),
(646, 62, 117, 1, 17),
(646, 62, 109, 4, 18),
(646, 54, 137, 1, 19),
(646, 62, 92, 3, 20),
(646, 52, 102, 4, 21),
(646, 65, 92, 3, 22),
(646, 52, 93, 4, 23),
(646, 59, 121, 2, 24),
(646, 56, 99, 2, 25),
(646, 55, 123, 3, 26),
(646, 55, 126, 1, 27),
(646, 51, 92, 4, 28),
(646, 48, 111, 7, 29),
(647, 59, 144, 2, 1),
(647, 59, 78, 1, 2),
(647, 67, 94, 1, 3),
(647, 52, 107, 1, 4),
(647, 68, 118, 2, 5),
(647, 54, 142, 1, 6),
(647, 65, 106, 2, 7),
(647, 59, 122, 4, 8),
(647, 50, 101, 2, 9),
(647, 55, 135, 1, 10),
(647, 60, 104, 1, 11),
(647, 62, 119, 1, 12),
(647, 62, 117, 1, 13),
(647, 62, 109, 4, 14),
(647, 55, 128, 1, 15),
(647, 62, 92, 2, 16),
(647, 52, 102, 4, 17),
(647, 68, 102, 3, 18),
(647, 52, 93, 4, 19),
(647, 53, 116, 1, 20),
(647, 68, 99, 3, 21),
(647, 56, 99, 1, 22),
(647, 55, 123, 4, 23),
(647, 55, 126, 2, 24),
(647, 51, 92, 3, 25),
(647, 48, 111, 8, 26),
(648, 61, 106, 3, 1),
(648, 62, 33, 3, 2),
(648, 62, 32, 3, 3),
(648, 55, 53, 4, 4),
(648, 61, 34, 1, 5),
(648, 57, 98, 1, 6),
(648, 65, 106, 1, 7),
(648, 56, 116, 4, 8),
(648, 50, 101, 2, 9),
(648, 55, 135, 1, 10),
(648, 56, 115, 1, 11),
(648, 54, 149, 1, 12),
(648, 60, 104, 1, 13),
(648, 62, 119, 1, 14),
(648, 62, 117, 1, 15),
(648, 62, 109, 3, 16),
(648, 57, 95, 1, 17),
(648, 52, 102, 4, 18),
(648, 68, 109, 4, 19),
(648, 48, 103, 3, 20),
(648, 53, 116, 1, 21),
(648, 68, 99, 1, 22),
(648, 59, 121, 1, 23),
(648, 55, 123, 4, 24),
(648, 55, 126, 1, 25),
(648, 63, 140, 2, 26),
(648, 51, 92, 4, 27),
(648, 48, 107, 3, 28),
(649, 57, 97, 2, 1),
(649, 57, 96, 2, 2),
(649, 50, 67, 1, 3),
(649, 67, 84, 1, 4),
(649, 56, 111, 1, 5),
(649, 65, 106, 2, 6),
(649, 63, 158, 2, 7),
(649, 56, 116, 1, 8),
(649, 50, 101, 1, 9),
(649, 55, 135, 1, 10),
(649, 67, 162, 1, 11),
(649, 54, 149, 1, 12),
(649, 56, 102, 1, 13),
(649, 60, 104, 1, 14),
(649, 62, 109, 4, 15),
(649, 57, 92, 1, 16),
(649, 62, 92, 3, 17),
(649, 52, 102, 4, 18),
(649, 65, 92, 4, 19),
(649, 68, 102, 3, 20),
(649, 63, 122, 3, 21),
(649, 68, 109, 4, 22),
(649, 50, 95, 1, 23),
(649, 48, 94, 2, 24),
(649, 48, 104, 1, 25),
(649, 55, 127, 4, 26),
(649, 48, 105, 8, 27),
(650, 65, 105, 3, 1),
(650, 65, 104, 4, 2),
(650, 55, 133, 1, 3),
(650, 65, 74, 1, 4),
(650, 53, 104, 1, 5),
(650, 54, 142, 1, 6),
(650, 66, 89, 2, 7),
(650, 65, 106, 4, 8),
(650, 56, 4, 1, 9),
(650, 55, 135, 2, 10),
(650, 50, 101, 1, 11),
(650, 56, 115, 1, 12),
(650, 54, 149, 1, 13),
(650, 60, 104, 1, 14),
(650, 62, 119, 1, 15),
(650, 66, 75, 2, 16),
(650, 68, 98, 1, 17),
(650, 62, 109, 3, 18),
(650, 54, 137, 1, 19),
(650, 62, 92, 2, 20),
(650, 52, 102, 3, 21),
(650, 65, 92, 3, 22),
(650, 65, 86, 3, 23),
(650, 50, 95, 1, 24),
(650, 65, 87, 3, 25),
(650, 56, 99, 2, 26),
(650, 65, 89, 3, 27),
(650, 51, 92, 4, 28),
(650, 48, 112, 4, 29),
(651, 67, 160, 3, 1),
(651, 51, 98, 3, 2),
(651, 54, 144, 2, 3),
(651, 5006, 49, 1, 4),
(651, 54, 142, 1, 5),
(651, 66, 89, 1, 6),
(651, 65, 106, 2, 7),
(651, 56, 116, 4, 8),
(651, 55, 135, 1, 9),
(651, 50, 101, 3, 10),
(651, 56, 115, 1, 11),
(651, 60, 104, 1, 12),
(651, 62, 119, 1, 13),
(651, 66, 75, 1, 14),
(651, 62, 117, 1, 15),
(651, 62, 109, 4, 16),
(651, 54, 137, 1, 17),
(651, 52, 102, 4, 18),
(651, 65, 86, 2, 19),
(651, 50, 95, 1, 20),
(651, 53, 116, 1, 21),
(651, 67, 144, 3, 22),
(651, 68, 99, 3, 23),
(651, 56, 99, 3, 24),
(651, 67, 145, 2, 25),
(651, 51, 92, 4, 26),
(651, 61, 104, 2, 27),
(651, 48, 110, 4, 28),
(652, 68, 66, 3, 1),
(652, 59, 55, 4, 2),
(652, 68, 64, 4, 3),
(652, 51, 98, 1, 4),
(652, 62, 36, 2, 5),
(652, 57, 98, 1, 6),
(652, 65, 106, 2, 7),
(652, 56, 116, 4, 8),
(652, 55, 135, 1, 9),
(652, 50, 101, 2, 10),
(652, 65, 107, 2, 11),
(652, 60, 104, 1, 12),
(652, 68, 98, 1, 13),
(652, 62, 117, 1, 14),
(652, 62, 109, 4, 15),
(652, 54, 137, 1, 16),
(652, 52, 102, 4, 17),
(652, 51, 89, 3, 18),
(652, 50, 95, 1, 19),
(652, 68, 97, 4, 20),
(652, 56, 99, 2, 21),
(652, 62, 93, 4, 22),
(652, 62, 112, 3, 23),
(652, 48, 109, 5, 24),
(653, 63, 151, 3, 1),
(653, 63, 150, 3, 2),
(653, 5006, 49, 1, 3),
(653, 62, 36, 4, 4),
(653, 56, 47, 1, 5),
(653, 56, 116, 4, 6),
(653, 50, 101, 2, 7),
(653, 61, 111, 4, 8),
(653, 60, 104, 2, 9),
(653, 59, 115, 1, 10),
(653, 60, 105, 2, 11),
(653, 62, 109, 4, 12),
(653, 54, 137, 1, 13),
(653, 62, 102, 3, 14),
(653, 52, 102, 1, 15),
(653, 59, 123, 2, 16),
(653, 48, 104, 4, 17),
(653, 61, 91, 2, 18),
(653, 59, 119, 1, 19),
(653, 5005, 28, 3, 20),
(653, 63, 140, 1, 21),
(653, 61, 104, 4, 22),
(653, 48, 110, 7, 23),
(654, 61, 106, 3, 1),
(654, 62, 33, 2, 2),
(654, 62, 32, 3, 3),
(654, 55, 53, 4, 4),
(654, 51, 98, 1, 5),
(654, 57, 98, 1, 6),
(654, 65, 106, 1, 7),
(654, 56, 116, 4, 8),
(654, 55, 135, 1, 9),
(654, 50, 101, 2, 10),
(654, 67, 162, 1, 11),
(654, 62, 119, 1, 12),
(654, 62, 117, 1, 13),
(654, 60, 105, 1, 14),
(654, 62, 109, 4, 15),
(654, 56, 108, 1, 16),
(654, 52, 102, 4, 17),
(654, 65, 92, 3, 18),
(654, 50, 95, 1, 19),
(654, 48, 103, 4, 20),
(654, 53, 116, 1, 21),
(654, 59, 121, 2, 22),
(654, 55, 123, 4, 23),
(654, 63, 140, 3, 24),
(654, 51, 92, 4, 25),
(654, 48, 107, 3, 26),
(655, 67, 55, 4, 1),
(655, 50, 40, 4, 2),
(655, 50, 38, 4, 3),
(655, 51, 98, 1, 4),
(655, 54, 142, 2, 5),
(655, 65, 106, 1, 6),
(655, 56, 116, 4, 7),
(655, 55, 135, 1, 8),
(655, 50, 101, 2, 9),
(655, 60, 104, 1, 10),
(655, 62, 119, 1, 11),
(655, 66, 75, 1, 12),
(655, 62, 117, 1, 13),
(655, 62, 109, 4, 14),
(655, 54, 137, 1, 15),
(655, 62, 92, 2, 16),
(655, 52, 102, 4, 17),
(655, 59, 116, 2, 18),
(655, 50, 95, 1, 19),
(655, 68, 99, 3, 20),
(655, 56, 99, 3, 21),
(655, 63, 137, 2, 22),
(655, 5005, 28, 1, 23),
(655, 48, 108, 10, 24),
(656, 67, 55, 4, 1),
(656, 52, 105, 1, 2),
(656, 50, 40, 3, 3),
(656, 50, 38, 4, 4),
(656, 51, 98, 1, 5),
(656, 61, 106, 1, 6),
(656, 54, 142, 1, 7),
(656, 65, 106, 1, 8),
(656, 56, 116, 4, 9),
(656, 55, 135, 1, 10),
(656, 50, 101, 1, 11),
(656, 60, 104, 1, 12),
(656, 62, 119, 1, 13),
(656, 66, 75, 1, 14),
(656, 62, 117, 1, 15),
(656, 62, 109, 3, 16),
(656, 54, 137, 1, 17),
(656, 62, 92, 2, 18),
(656, 52, 102, 4, 19),
(656, 51, 89, 1, 20),
(656, 59, 116, 2, 21),
(656, 50, 95, 1, 22),
(656, 53, 116, 1, 23),
(656, 67, 133, 2, 24),
(656, 56, 99, 3, 25),
(656, 63, 137, 3, 26),
(656, 5005, 28, 1, 27),
(656, 48, 108, 10, 28),
(657, 65, 105, 3, 1),
(657, 65, 60, 3, 2),
(657, 69, 28, 2, 3),
(657, 67, 91, 1, 4),
(657, 67, 89, 1, 5),
(657, 66, 89, 2, 6),
(657, 65, 106, 4, 7),
(657, 59, 122, 3, 8),
(657, 67, 143, 1, 9),
(657, 67, 148, 1, 10),
(657, 60, 104, 1, 11),
(657, 62, 119, 1, 12),
(657, 66, 75, 1, 13),
(657, 62, 117, 1, 14),
(657, 62, 109, 4, 15),
(657, 62, 92, 2, 16),
(657, 60, 99, 4, 17),
(657, 65, 86, 3, 18),
(657, 68, 109, 4, 19),
(657, 60, 96, 1, 20),
(657, 65, 87, 3, 21),
(657, 67, 137, 2, 22),
(657, 65, 89, 4, 23),
(657, 59, 130, 4, 24),
(657, 59, 135, 4, 25),
(658, 62, 26, 4, 1),
(658, 62, 44, 4, 2),
(658, 62, 42, 4, 3),
(658, 65, 106, 3, 4),
(658, 59, 122, 3, 5),
(658, 67, 143, 1, 6),
(658, 63, 160, 1, 7),
(658, 60, 104, 1, 8),
(658, 62, 119, 1, 9),
(658, 66, 75, 1, 10),
(658, 62, 117, 1, 11),
(658, 62, 109, 4, 12),
(658, 62, 92, 4, 13),
(658, 60, 99, 4, 14),
(658, 65, 92, 4, 15),
(658, 63, 122, 2, 16),
(658, 68, 109, 4, 17),
(658, 67, 135, 1, 18),
(658, 67, 150, 1, 19),
(658, 62, 106, 1, 20),
(658, 63, 127, 1, 21),
(658, 60, 97, 1, 22),
(658, 68, 99, 2, 23),
(658, 67, 137, 1, 24),
(658, 62, 93, 2, 25),
(658, 59, 130, 4, 26),
(659, 66, 3, 3, 1),
(659, 66, 2, 4, 2),
(659, 66, 1, 4, 3),
(659, 66, 10, 4, 4),
(659, 66, 9, 4, 5),
(659, 66, 30, 4, 6),
(659, 65, 106, 4, 7),
(659, 63, 121, 1, 8),
(659, 59, 122, 4, 9),
(659, 62, 92, 4, 10),
(659, 60, 99, 4, 11),
(659, 66, 76, 2, 12),
(659, 65, 92, 4, 13),
(659, 63, 122, 4, 14),
(659, 67, 137, 2, 15),
(659, 66, 74, 4, 16),
(659, 59, 130, 4, 17),
(660, 61, 106, 3, 1);
INSERT INTO `decks_lists` (`deck_id`, `set_id`, `card_number`, `quantity`, `card_order`) VALUES
(660, 66, 93, 2, 2),
(660, 68, 21, 1, 3),
(660, 68, 19, 1, 4),
(660, 65, 106, 2, 5),
(660, 59, 122, 4, 6),
(660, 67, 143, 1, 7),
(660, 60, 104, 1, 8),
(660, 62, 119, 1, 9),
(660, 59, 129, 2, 10),
(660, 68, 98, 1, 11),
(660, 66, 75, 1, 12),
(660, 59, 115, 1, 13),
(660, 60, 105, 1, 14),
(660, 62, 109, 4, 15),
(660, 60, 99, 4, 16),
(660, 65, 92, 4, 17),
(660, 68, 109, 4, 18),
(660, 1006, 34, 4, 19),
(660, 61, 100, 4, 20),
(660, 63, 127, 1, 21),
(660, 62, 97, 2, 22),
(660, 59, 121, 2, 23),
(660, 64, 28, 2, 24),
(660, 59, 130, 4, 25),
(660, 65, 97, 3, 26),
(661, 66, 85, 3, 1),
(661, 66, 84, 3, 2),
(661, 5006, 53, 1, 3),
(661, 66, 12, 1, 4),
(661, 61, 34, 1, 5),
(661, 66, 6, 1, 6),
(661, 66, 5, 1, 7),
(661, 66, 89, 1, 8),
(661, 65, 106, 2, 9),
(661, 59, 122, 4, 10),
(661, 67, 143, 1, 11),
(661, 67, 136, 1, 12),
(661, 60, 104, 1, 13),
(661, 62, 117, 1, 14),
(661, 62, 109, 4, 15),
(661, 60, 99, 4, 16),
(661, 65, 92, 4, 17),
(661, 65, 86, 2, 18),
(661, 63, 126, 1, 19),
(661, 67, 149, 1, 20),
(661, 61, 100, 3, 21),
(661, 1006, 38, 1, 22),
(661, 66, 80, 3, 23),
(661, 67, 133, 1, 24),
(661, 66, 74, 4, 25),
(661, 59, 132, 10, 26),
(662, 59, 144, 2, 1),
(662, 59, 78, 2, 2),
(662, 67, 94, 1, 3),
(662, 67, 91, 2, 4),
(662, 67, 90, 2, 5),
(662, 67, 84, 1, 6),
(662, 61, 106, 1, 7),
(662, 5006, 67, 1, 8),
(662, 65, 106, 2, 9),
(662, 63, 158, 2, 10),
(662, 59, 122, 4, 11),
(662, 63, 159, 2, 12),
(662, 60, 104, 1, 13),
(662, 62, 117, 1, 14),
(662, 62, 109, 4, 15),
(662, 62, 92, 2, 16),
(662, 60, 99, 4, 17),
(662, 65, 92, 4, 18),
(662, 63, 122, 2, 19),
(662, 67, 149, 1, 20),
(662, 60, 97, 1, 21),
(662, 68, 99, 1, 22),
(662, 59, 121, 2, 23),
(662, 67, 137, 2, 24),
(662, 68, 110, 2, 25),
(662, 59, 130, 4, 26),
(662, 59, 138, 7, 27),
(663, 62, 120, 3, 1),
(663, 62, 113, 3, 2),
(663, 68, 121, 2, 3),
(663, 68, 116, 1, 4),
(663, 5006, 67, 1, 5),
(663, 66, 89, 1, 6),
(663, 65, 106, 2, 7),
(663, 59, 122, 4, 8),
(663, 67, 143, 1, 9),
(663, 67, 162, 1, 10),
(663, 60, 104, 1, 11),
(663, 62, 117, 1, 12),
(663, 62, 109, 4, 13),
(663, 62, 92, 2, 14),
(663, 60, 99, 4, 15),
(663, 65, 92, 4, 16),
(663, 59, 123, 1, 17),
(663, 68, 102, 4, 18),
(663, 1006, 38, 1, 19),
(663, 62, 100, 3, 20),
(663, 68, 99, 2, 21),
(663, 63, 137, 2, 22),
(663, 59, 135, 4, 23),
(663, 59, 134, 4, 24),
(663, 59, 132, 3, 25),
(663, 59, 133, 1, 26),
(664, 68, 66, 3, 1),
(664, 59, 55, 4, 2),
(664, 68, 64, 4, 3),
(664, 62, 36, 2, 4),
(664, 61, 34, 1, 5),
(664, 65, 106, 2, 6),
(664, 59, 122, 4, 7),
(664, 67, 143, 1, 8),
(664, 65, 107, 3, 9),
(664, 60, 104, 1, 10),
(664, 62, 117, 1, 11),
(664, 62, 109, 4, 12),
(664, 60, 99, 4, 13),
(664, 66, 76, 2, 14),
(664, 65, 92, 4, 15),
(664, 67, 149, 1, 16),
(664, 60, 97, 1, 17),
(664, 68, 97, 4, 18),
(664, 67, 137, 2, 19),
(664, 62, 93, 4, 20),
(664, 62, 112, 3, 21),
(664, 59, 136, 5, 22),
(665, 59, 144, 2, 1),
(665, 59, 78, 1, 2),
(665, 67, 94, 2, 3),
(665, 52, 107, 2, 4),
(665, 67, 84, 1, 5),
(665, 50, 67, 1, 6),
(665, 61, 106, 1, 7),
(665, 54, 142, 1, 8),
(665, 57, 98, 1, 9),
(665, 65, 106, 1, 10),
(665, 63, 158, 2, 11),
(665, 59, 122, 2, 12),
(665, 50, 101, 2, 13),
(665, 56, 115, 1, 14),
(665, 60, 104, 1, 15),
(665, 62, 109, 4, 16),
(665, 54, 137, 1, 17),
(665, 62, 92, 4, 18),
(665, 52, 102, 4, 19),
(665, 65, 92, 3, 20),
(665, 52, 93, 4, 21),
(665, 68, 99, 2, 22),
(665, 56, 99, 2, 23),
(665, 55, 123, 3, 24),
(665, 55, 126, 2, 25),
(665, 51, 92, 4, 26),
(665, 48, 111, 6, 27),
(666, 63, 151, 3, 1),
(666, 63, 150, 3, 2),
(666, 5006, 49, 1, 3),
(666, 62, 36, 3, 4),
(666, 56, 47, 1, 5),
(666, 56, 116, 3, 6),
(666, 50, 101, 1, 7),
(666, 61, 111, 4, 8),
(666, 60, 104, 2, 9),
(666, 62, 119, 1, 10),
(666, 66, 75, 1, 11),
(666, 59, 115, 1, 12),
(666, 60, 105, 1, 13),
(666, 62, 109, 4, 14),
(666, 54, 137, 1, 15),
(666, 52, 102, 1, 16),
(666, 59, 123, 1, 17),
(666, 65, 86, 3, 18),
(666, 50, 95, 1, 19),
(666, 59, 124, 1, 20),
(666, 55, 120, 1, 21),
(666, 48, 104, 1, 22),
(666, 53, 116, 1, 23),
(666, 61, 91, 2, 24),
(666, 67, 133, 1, 25),
(666, 56, 99, 2, 26),
(666, 63, 140, 2, 27),
(666, 5005, 28, 2, 28),
(666, 61, 104, 4, 29),
(666, 48, 110, 6, 30),
(666, 48, 109, 1, 31),
(667, 62, 120, 3, 1),
(667, 62, 113, 3, 2),
(667, 68, 121, 3, 3),
(667, 65, 17, 1, 4),
(667, 67, 123, 2, 5),
(667, 65, 106, 2, 6),
(667, 59, 122, 3, 7),
(667, 63, 159, 1, 8),
(667, 67, 143, 1, 9),
(667, 60, 104, 2, 10),
(667, 66, 75, 1, 11),
(667, 68, 98, 1, 12),
(667, 62, 117, 1, 13),
(667, 62, 109, 4, 14),
(667, 60, 99, 4, 15),
(667, 65, 92, 3, 16),
(667, 68, 102, 4, 17),
(667, 67, 149, 1, 18),
(667, 63, 127, 1, 19),
(667, 1006, 38, 1, 20),
(667, 62, 100, 3, 21),
(667, 68, 99, 2, 22),
(667, 59, 135, 4, 23),
(667, 59, 134, 4, 24),
(667, 59, 132, 3, 25),
(667, 59, 133, 2, 26),
(668, 68, 41, 1, 1),
(668, 68, 40, 1, 2),
(668, 59, 41, 1, 3),
(668, 1006, 14, 1, 4),
(668, 68, 39, 1, 5),
(668, 1006, 13, 1, 6),
(668, 59, 40, 1, 7),
(668, 67, 47, 1, 8),
(668, 68, 38, 1, 9),
(668, 1006, 12, 1, 10),
(668, 59, 39, 1, 11),
(668, 67, 46, 1, 12),
(668, 67, 24, 1, 13),
(668, 49, 18, 1, 14),
(668, 2, 1, 1, 15),
(668, 34, 83, 1, 16),
(668, 68, 116, 1, 17),
(668, 36, 12, 1, 18),
(668, 42, 32, 1, 19),
(668, 17, 60, 1, 20),
(668, 65, 69, 1, 21),
(668, 27, 8, 1, 22),
(668, 35, 15, 1, 23),
(668, 35, 60, 1, 24),
(668, 37, 43, 1, 25),
(668, 55, 135, 1, 26),
(668, 43, 101, 1, 27),
(668, 13, 138, 1, 28),
(668, 20, 92, 1, 29),
(668, 50, 101, 1, 30),
(668, 22, 86, 1, 31),
(668, 44, 78, 1, 32),
(668, 46, 89, 1, 33),
(668, 63, 160, 1, 34),
(668, 15, 138, 1, 35),
(668, 61, 111, 1, 36),
(668, 34, 125, 1, 37),
(668, 43, 97, 1, 38),
(668, 17, 87, 1, 39),
(668, 26, 93, 1, 40),
(668, 65, 107, 1, 41),
(668, 54, 149, 1, 42),
(668, 29, 72, 1, 43),
(668, 38, 87, 1, 44),
(668, 41, 139, 1, 45),
(668, 62, 118, 1, 46),
(668, 60, 104, 1, 47),
(668, 66, 75, 1, 48),
(668, 60, 105, 1, 49),
(668, 21, 100, 1, 50),
(668, 17, 88, 1, 51),
(668, 1, 76, 1, 52),
(668, 1, 88, 1, 53),
(668, 1, 91, 1, 54),
(668, 1, 71, 1, 55),
(668, 38, 86, 1, 56),
(668, 52, 102, 1, 57),
(668, 51, 89, 1, 58),
(668, 63, 161, 1, 59),
(668, 43, 98, 1, 60),
(668, 22, 91, 1, 61),
(668, 22, 92, 1, 62),
(668, 59, 123, 1, 63),
(668, 22, 84, 1, 64),
(668, 55, 128, 1, 65),
(668, 1, 74, 1, 66),
(668, 46, 87, 1, 67),
(668, 56, 103, 1, 68),
(668, 48, 92, 1, 69),
(668, 5, 77, 1, 70),
(668, 1, 79, 1, 71),
(668, 1, 92, 1, 72),
(668, 1, 93, 1, 73),
(668, 7, 126, 1, 74),
(668, 1, 95, 1, 75),
(668, 5, 78, 1, 76),
(668, 59, 124, 1, 77),
(668, 49, 94, 1, 78),
(668, 29, 85, 1, 79),
(668, 59, 121, 1, 80),
(668, 56, 99, 1, 81),
(668, 39, 104, 1, 82),
(668, 61, 97, 1, 83),
(668, 27, 76, 1, 84),
(668, 63, 137, 1, 85),
(668, 1, 102, 15, 86),
(669, 68, 41, 3, 1),
(669, 68, 40, 3, 2),
(669, 59, 41, 1, 3),
(669, 68, 39, 4, 4),
(669, 68, 38, 4, 5),
(669, 5006, 67, 3, 6),
(669, 59, 122, 4, 7),
(669, 66, 69, 2, 8),
(669, 59, 127, 1, 9),
(669, 67, 148, 1, 10),
(669, 67, 136, 1, 11),
(669, 62, 109, 4, 12),
(669, 63, 161, 4, 13),
(669, 66, 76, 4, 14),
(669, 65, 92, 4, 15),
(669, 59, 123, 1, 16),
(669, 60, 96, 1, 17),
(669, 67, 150, 1, 18),
(669, 60, 97, 2, 19),
(669, 63, 137, 4, 20),
(669, 68, 113, 1, 21),
(669, 59, 134, 7, 22),
(670, 61, 106, 3, 1),
(670, 62, 33, 2, 2),
(670, 62, 32, 3, 3),
(670, 55, 53, 4, 4),
(670, 62, 113, 2, 5),
(670, 57, 98, 1, 6),
(670, 65, 106, 1, 7),
(670, 56, 116, 4, 8),
(670, 55, 135, 1, 9),
(670, 50, 101, 4, 10),
(670, 56, 115, 1, 11),
(670, 60, 104, 2, 12),
(670, 62, 119, 1, 13),
(670, 62, 117, 1, 14),
(670, 62, 109, 3, 15),
(670, 54, 137, 1, 16),
(670, 52, 102, 4, 17),
(670, 50, 95, 1, 18),
(670, 48, 103, 3, 19),
(670, 62, 97, 2, 20),
(670, 59, 121, 2, 21),
(670, 55, 123, 4, 22),
(670, 63, 140, 2, 23),
(670, 51, 92, 4, 24),
(670, 48, 108, 4, 25),
(671, 61, 106, 3, 1),
(671, 66, 93, 2, 2),
(671, 54, 142, 2, 3),
(671, 66, 89, 1, 4),
(671, 57, 98, 1, 5),
(671, 63, 121, 1, 6),
(671, 65, 106, 2, 7),
(671, 56, 116, 3, 8),
(671, 50, 101, 2, 9),
(671, 56, 115, 1, 10),
(671, 60, 104, 2, 11),
(671, 62, 119, 1, 12),
(671, 59, 129, 2, 13),
(671, 62, 117, 1, 14),
(671, 62, 109, 4, 15),
(671, 55, 128, 1, 16),
(671, 52, 102, 3, 17),
(671, 49, 92, 4, 18),
(671, 48, 103, 3, 19),
(671, 62, 97, 2, 20),
(671, 59, 121, 3, 21),
(671, 56, 99, 2, 22),
(671, 55, 123, 4, 23),
(671, 55, 126, 2, 24),
(671, 63, 140, 1, 25),
(671, 51, 92, 4, 26),
(671, 65, 97, 3, 27),
(672, 59, 144, 2, 1),
(672, 59, 78, 1, 2),
(672, 67, 94, 2, 3),
(672, 52, 107, 2, 4),
(672, 52, 62, 1, 5),
(672, 67, 84, 1, 6),
(672, 50, 67, 1, 7),
(672, 54, 142, 1, 8),
(672, 57, 98, 1, 9),
(672, 65, 106, 1, 10),
(672, 63, 158, 1, 11),
(672, 56, 116, 3, 12),
(672, 50, 101, 2, 13),
(672, 56, 115, 1, 14),
(672, 60, 104, 2, 15),
(672, 62, 109, 4, 16),
(672, 54, 137, 1, 17),
(672, 62, 92, 3, 18),
(672, 52, 102, 4, 19),
(672, 65, 92, 3, 20),
(672, 52, 93, 4, 21),
(672, 52, 94, 1, 22),
(672, 59, 121, 2, 23),
(672, 56, 99, 1, 24),
(672, 67, 145, 2, 25),
(672, 63, 140, 1, 26),
(672, 51, 92, 4, 27),
(672, 48, 111, 7, 28),
(673, 5006, 70, 2, 1),
(673, 66, 93, 2, 2),
(673, 62, 61, 3, 3),
(673, 51, 75, 3, 4),
(673, 62, 65, 1, 5),
(673, 54, 142, 1, 6),
(673, 66, 89, 1, 7),
(673, 65, 106, 3, 8),
(673, 56, 116, 3, 9),
(673, 55, 135, 3, 10),
(673, 50, 101, 2, 11),
(673, 60, 104, 2, 12),
(673, 66, 75, 1, 13),
(673, 62, 117, 1, 14),
(673, 62, 109, 4, 15),
(673, 54, 137, 1, 16),
(673, 62, 92, 2, 17),
(673, 52, 102, 4, 18),
(673, 51, 88, 2, 19),
(673, 50, 95, 1, 20),
(673, 53, 116, 1, 21),
(673, 56, 99, 3, 22),
(673, 66, 73, 1, 23),
(673, 65, 89, 2, 24),
(673, 65, 97, 4, 25),
(673, 48, 112, 6, 26),
(673, 48, 110, 1, 27),
(674, 68, 66, 3, 1),
(674, 59, 55, 4, 2),
(674, 68, 64, 4, 3),
(674, 51, 98, 1, 4),
(674, 62, 36, 2, 5),
(674, 57, 98, 1, 6),
(674, 65, 106, 2, 7),
(674, 56, 116, 4, 8),
(674, 55, 135, 1, 9),
(674, 50, 101, 3, 10),
(674, 65, 107, 2, 11),
(674, 60, 104, 1, 12),
(674, 62, 117, 1, 13),
(674, 62, 109, 4, 14),
(674, 54, 137, 1, 15),
(674, 52, 102, 4, 16),
(674, 51, 89, 3, 17),
(674, 50, 95, 1, 18),
(674, 68, 97, 4, 19),
(674, 56, 99, 2, 20),
(674, 62, 93, 4, 21),
(674, 62, 112, 3, 22),
(674, 48, 109, 5, 23),
(675, 62, 26, 4, 1),
(675, 62, 44, 4, 2),
(675, 62, 42, 4, 3),
(675, 5006, 67, 1, 4),
(675, 65, 106, 2, 5),
(675, 59, 122, 4, 6),
(675, 63, 160, 1, 7),
(675, 60, 104, 1, 8),
(675, 66, 75, 1, 9),
(675, 62, 109, 4, 10),
(675, 62, 92, 4, 11),
(675, 60, 99, 4, 12),
(675, 65, 92, 4, 13),
(675, 63, 122, 4, 14),
(675, 68, 109, 4, 15),
(675, 67, 150, 1, 16),
(675, 62, 106, 1, 17),
(675, 60, 97, 1, 18),
(675, 68, 99, 2, 19),
(675, 67, 137, 1, 20),
(675, 62, 93, 3, 21),
(675, 59, 130, 4, 22),
(675, 59, 136, 1, 23),
(676, 66, 3, 3, 1),
(676, 66, 2, 3, 2),
(676, 66, 1, 4, 3),
(676, 66, 10, 4, 4),
(676, 66, 9, 4, 5),
(676, 66, 30, 4, 6),
(676, 65, 106, 4, 7),
(676, 63, 121, 1, 8),
(676, 59, 122, 3, 9),
(676, 62, 117, 2, 10),
(676, 62, 92, 4, 11),
(676, 60, 99, 4, 12),
(676, 65, 92, 4, 13),
(676, 68, 109, 4, 14),
(676, 69, 70, 2, 15),
(676, 67, 137, 2, 16),
(676, 66, 74, 4, 17),
(676, 59, 130, 4, 18),
(677, 59, 78, 3, 1),
(677, 67, 94, 1, 2),
(677, 67, 92, 1, 3),
(677, 67, 91, 4, 4),
(677, 67, 89, 4, 5),
(677, 67, 84, 1, 6),
(677, 60, 70, 1, 7),
(677, 65, 106, 2, 8),
(677, 63, 158, 1, 9),
(677, 59, 122, 4, 10),
(677, 66, 69, 1, 11),
(677, 67, 143, 1, 12),
(677, 67, 162, 1, 13),
(677, 60, 104, 2, 14),
(677, 66, 75, 1, 15),
(677, 62, 109, 4, 16),
(677, 62, 92, 3, 17),
(677, 60, 99, 4, 18),
(677, 65, 92, 4, 19),
(677, 62, 106, 2, 20),
(677, 59, 121, 3, 21),
(677, 67, 137, 2, 22),
(677, 68, 110, 1, 23),
(677, 59, 130, 4, 24),
(677, 59, 138, 5, 25),
(678, 62, 120, 3, 1),
(678, 62, 113, 3, 2),
(678, 68, 121, 2, 3),
(678, 68, 116, 1, 4),
(678, 5006, 67, 1, 5),
(678, 66, 89, 1, 6),
(678, 65, 106, 2, 7),
(678, 59, 122, 4, 8),
(678, 67, 143, 1, 9),
(678, 67, 162, 1, 10),
(678, 60, 104, 1, 11),
(678, 62, 117, 1, 12),
(678, 62, 109, 4, 13),
(678, 62, 92, 2, 14),
(678, 60, 99, 4, 15),
(678, 65, 92, 4, 16),
(678, 59, 123, 1, 17),
(678, 68, 102, 4, 18),
(678, 1006, 38, 1, 19),
(678, 62, 100, 3, 20),
(678, 68, 99, 2, 21),
(678, 63, 137, 2, 22),
(678, 59, 135, 4, 23),
(678, 59, 134, 4, 24),
(678, 59, 132, 3, 25),
(678, 59, 133, 1, 26),
(679, 66, 85, 3, 1),
(679, 66, 84, 4, 2),
(679, 66, 6, 2, 3),
(679, 66, 5, 2, 4),
(679, 66, 89, 1, 5),
(679, 65, 106, 2, 6),
(679, 59, 122, 4, 7),
(679, 63, 159, 1, 8),
(679, 59, 127, 1, 9),
(679, 67, 136, 1, 10),
(679, 60, 104, 1, 11),
(679, 66, 75, 1, 12),
(679, 62, 117, 1, 13),
(679, 62, 109, 4, 14),
(679, 60, 99, 3, 15),
(679, 65, 92, 4, 16),
(679, 59, 123, 1, 17),
(679, 69, 70, 1, 18),
(679, 63, 126, 2, 19),
(679, 67, 149, 1, 20),
(679, 66, 80, 3, 21),
(679, 59, 121, 2, 22),
(679, 66, 74, 4, 23),
(679, 59, 132, 11, 24),
(680, 68, 41, 3, 1),
(680, 68, 40, 3, 2),
(680, 59, 41, 1, 3),
(680, 68, 39, 4, 4),
(680, 68, 38, 4, 5),
(680, 5006, 67, 3, 6),
(680, 59, 122, 4, 7),
(680, 66, 69, 2, 8),
(680, 59, 127, 1, 9),
(680, 65, 107, 1, 10),
(680, 67, 136, 2, 11),
(680, 60, 104, 1, 12),
(680, 62, 109, 4, 13),
(680, 63, 161, 4, 14),
(680, 66, 76, 4, 15),
(680, 65, 92, 4, 16),
(680, 60, 96, 1, 17),
(680, 67, 149, 1, 18),
(680, 67, 150, 1, 19),
(680, 62, 98, 1, 20),
(680, 63, 137, 3, 21),
(680, 59, 134, 8, 22),
(681, 61, 106, 3, 1),
(681, 66, 93, 2, 2),
(681, 68, 57, 2, 3),
(681, 68, 56, 2, 4),
(681, 65, 106, 2, 5),
(681, 59, 122, 4, 6),
(681, 67, 143, 1, 7),
(681, 60, 104, 1, 8),
(681, 62, 119, 1, 9),
(681, 59, 129, 2, 10),
(681, 59, 115, 1, 11),
(681, 62, 109, 4, 12),
(681, 60, 99, 4, 13),
(681, 65, 92, 4, 14),
(681, 68, 109, 4, 15),
(681, 1006, 34, 4, 16),
(681, 61, 100, 3, 17),
(681, 63, 127, 1, 18),
(681, 62, 97, 2, 19),
(681, 59, 121, 2, 20),
(681, 67, 137, 3, 21),
(681, 59, 130, 4, 22),
(681, 65, 97, 4, 23),
(682, 68, 41, 2, 1),
(682, 68, 40, 2, 2),
(682, 59, 41, 2, 3),
(682, 68, 39, 3, 4),
(682, 68, 38, 4, 5),
(682, 67, 33, 2, 6),
(682, 67, 32, 2, 7),
(682, 63, 36, 1, 8),
(682, 63, 33, 1, 9),
(682, 5006, 67, 2, 10),
(682, 59, 122, 4, 11),
(682, 66, 69, 2, 12),
(682, 67, 161, 3, 13),
(682, 67, 136, 2, 14),
(682, 60, 104, 1, 15),
(682, 62, 117, 1, 16),
(682, 62, 109, 3, 17),
(682, 63, 161, 3, 18),
(682, 60, 99, 3, 19),
(682, 65, 92, 4, 20),
(682, 60, 96, 1, 21),
(682, 67, 149, 1, 22),
(682, 63, 135, 4, 23),
(682, 59, 134, 7, 24),
(683, 59, 144, 2, 1),
(683, 59, 78, 3, 2),
(683, 67, 92, 1, 3),
(683, 67, 91, 2, 4),
(683, 67, 89, 2, 5),
(683, 67, 84, 2, 6),
(683, 65, 106, 2, 7),
(683, 63, 158, 2, 8),
(683, 59, 122, 2, 9),
(683, 67, 143, 1, 10),
(683, 60, 104, 2, 11),
(683, 62, 119, 1, 12),
(683, 66, 75, 1, 13),
(683, 62, 109, 4, 14),
(683, 62, 92, 4, 15),
(683, 60, 99, 4, 16),
(683, 65, 92, 3, 17),
(683, 63, 122, 3, 18),
(683, 67, 149, 1, 19),
(683, 59, 121, 3, 20),
(683, 67, 137, 2, 21),
(683, 68, 110, 2, 22),
(683, 59, 130, 4, 23),
(683, 59, 138, 7, 24),
(684, 62, 26, 4, 1),
(684, 62, 44, 4, 2),
(684, 62, 42, 4, 3),
(684, 63, 44, 1, 4),
(684, 60, 22, 1, 5),
(684, 65, 106, 3, 6),
(684, 59, 122, 3, 7),
(684, 63, 160, 1, 8),
(684, 60, 104, 2, 9),
(684, 66, 75, 1, 10),
(684, 62, 117, 1, 11),
(684, 62, 109, 4, 12),
(684, 62, 92, 4, 13),
(684, 60, 99, 4, 14),
(684, 65, 92, 4, 15),
(684, 68, 109, 4, 16),
(684, 67, 135, 1, 17),
(684, 62, 106, 1, 18),
(684, 59, 124, 1, 19),
(684, 60, 97, 1, 20),
(684, 68, 99, 3, 21),
(684, 67, 137, 1, 22),
(684, 62, 93, 3, 23),
(684, 59, 130, 4, 24),
(685, 68, 41, 3, 1),
(685, 68, 40, 3, 2),
(685, 59, 41, 1, 3),
(685, 68, 39, 4, 4),
(685, 59, 39, 4, 5),
(685, 61, 34, 1, 6),
(685, 5006, 67, 2, 7),
(685, 59, 122, 4, 8),
(685, 66, 69, 2, 9),
(685, 59, 127, 1, 10),
(685, 67, 148, 1, 11),
(685, 65, 107, 1, 12),
(685, 67, 136, 1, 13),
(685, 68, 98, 1, 14),
(685, 62, 109, 4, 15),
(685, 63, 161, 4, 16),
(685, 60, 99, 2, 17),
(685, 66, 76, 1, 18),
(685, 59, 116, 1, 19),
(685, 65, 92, 4, 20),
(685, 59, 123, 1, 21),
(685, 60, 96, 2, 22),
(685, 59, 121, 2, 23),
(685, 63, 137, 2, 24),
(685, 59, 134, 8, 25),
(686, 62, 26, 4, 1),
(686, 62, 44, 4, 2),
(686, 62, 42, 4, 3),
(686, 65, 106, 4, 4),
(686, 59, 122, 4, 5),
(686, 63, 160, 1, 6),
(686, 60, 104, 1, 7),
(686, 66, 75, 2, 8),
(686, 62, 109, 4, 9),
(686, 62, 92, 4, 10),
(686, 60, 99, 4, 11),
(686, 65, 92, 4, 12),
(686, 68, 109, 4, 13),
(686, 67, 150, 1, 14),
(686, 1006, 36, 2, 15),
(686, 62, 106, 1, 16),
(686, 63, 127, 1, 17),
(686, 60, 97, 1, 18),
(686, 68, 99, 3, 19),
(686, 67, 137, 1, 20),
(686, 62, 93, 2, 21),
(686, 59, 130, 4, 22),
(687, 62, 26, 4, 1),
(687, 62, 44, 4, 2),
(687, 62, 42, 4, 3),
(687, 65, 106, 3, 4),
(687, 59, 122, 3, 5),
(687, 67, 143, 1, 6),
(687, 63, 160, 1, 7),
(687, 60, 104, 1, 8),
(687, 62, 119, 1, 9),
(687, 66, 75, 1, 10),
(687, 62, 117, 1, 11),
(687, 62, 109, 4, 12),
(687, 62, 92, 4, 13),
(687, 60, 99, 4, 14),
(687, 65, 92, 4, 15),
(687, 63, 122, 2, 16),
(687, 68, 109, 4, 17),
(687, 67, 150, 1, 18),
(687, 62, 94, 1, 19),
(687, 62, 106, 1, 20),
(687, 60, 97, 1, 21),
(687, 68, 99, 2, 22),
(687, 67, 137, 1, 23),
(687, 62, 93, 3, 24),
(687, 59, 130, 4, 25),
(688, 65, 105, 3, 1),
(688, 65, 60, 2, 2),
(688, 65, 104, 1, 3),
(688, 69, 28, 2, 4),
(688, 66, 89, 2, 5),
(688, 65, 106, 4, 6),
(688, 59, 122, 3, 7),
(688, 60, 104, 2, 8),
(688, 66, 75, 1, 9),
(688, 68, 98, 1, 10),
(688, 62, 117, 1, 11),
(688, 62, 109, 4, 12),
(688, 62, 92, 2, 13),
(688, 60, 99, 4, 14),
(688, 65, 92, 4, 15),
(688, 65, 86, 3, 16),
(688, 60, 96, 1, 17),
(688, 67, 149, 1, 18),
(688, 59, 124, 2, 19),
(688, 61, 100, 1, 20),
(688, 63, 127, 1, 21),
(688, 65, 87, 3, 22),
(688, 65, 89, 4, 23),
(688, 59, 130, 4, 24),
(688, 59, 135, 4, 25),
(689, 67, 160, 4, 1),
(689, 67, 164, 4, 2),
(689, 5006, 67, 1, 3),
(689, 66, 89, 1, 4),
(689, 65, 106, 2, 5),
(689, 59, 122, 4, 6),
(689, 67, 143, 1, 7),
(689, 67, 148, 1, 8),
(689, 60, 104, 2, 9),
(689, 66, 75, 2, 10),
(689, 62, 109, 4, 11),
(689, 62, 92, 2, 12),
(689, 60, 99, 4, 13),
(689, 65, 92, 4, 14),
(689, 65, 86, 4, 15),
(689, 67, 149, 1, 16),
(689, 67, 144, 4, 17),
(689, 67, 137, 2, 18),
(689, 63, 139, 3, 19),
(689, 59, 130, 4, 20),
(689, 59, 136, 6, 21),
(690, 69, 111, 4, 1),
(690, 66, 14, 1, 2),
(690, 61, 34, 1, 3),
(690, 62, 115, 1, 4),
(690, 66, 89, 1, 5),
(690, 65, 106, 3, 6),
(690, 59, 122, 2, 7),
(690, 67, 143, 1, 8),
(690, 67, 162, 1, 9),
(690, 67, 148, 1, 10),
(690, 60, 88, 2, 11),
(690, 60, 104, 2, 12),
(690, 66, 75, 1, 13),
(690, 68, 98, 1, 14),
(690, 62, 117, 1, 15),
(690, 62, 109, 4, 16),
(690, 62, 92, 4, 17),
(690, 60, 99, 4, 18),
(690, 65, 92, 4, 19),
(690, 59, 123, 1, 20),
(690, 62, 94, 1, 21),
(690, 60, 97, 1, 22),
(690, 68, 99, 2, 23),
(690, 59, 121, 1, 24),
(690, 67, 137, 2, 25),
(690, 66, 73, 2, 26),
(690, 67, 145, 1, 27),
(690, 59, 133, 10, 28),
(691, 65, 105, 3, 1),
(691, 65, 60, 3, 2),
(691, 69, 28, 1, 3),
(691, 67, 91, 1, 4),
(691, 67, 89, 1, 5),
(691, 62, 65, 1, 6),
(691, 63, 121, 1, 7),
(691, 66, 89, 2, 8),
(691, 65, 106, 4, 9),
(691, 59, 122, 3, 10),
(691, 67, 143, 1, 11),
(691, 67, 148, 1, 12),
(691, 60, 104, 1, 13),
(691, 66, 75, 2, 14),
(691, 62, 117, 1, 15),
(691, 62, 109, 4, 16),
(691, 62, 92, 2, 17),
(691, 60, 99, 4, 18),
(691, 65, 86, 3, 19),
(691, 68, 109, 4, 20),
(691, 60, 96, 1, 21),
(691, 65, 87, 3, 22),
(691, 67, 137, 2, 23),
(691, 65, 89, 4, 24),
(691, 59, 130, 4, 25),
(691, 59, 135, 3, 26),
(692, 68, 41, 3, 1),
(692, 68, 40, 3, 2),
(692, 59, 41, 1, 3),
(692, 68, 39, 4, 4),
(692, 68, 38, 4, 5),
(692, 67, 33, 1, 6),
(692, 67, 32, 1, 7),
(692, 60, 61, 1, 8),
(692, 5006, 67, 2, 9),
(692, 59, 122, 4, 10),
(692, 66, 69, 2, 11),
(692, 59, 127, 1, 12),
(692, 67, 148, 1, 13),
(692, 65, 107, 2, 14),
(692, 67, 136, 1, 15),
(692, 62, 109, 4, 16),
(692, 63, 161, 4, 17),
(692, 60, 99, 2, 18),
(692, 66, 76, 1, 19),
(692, 59, 116, 1, 20),
(692, 65, 92, 4, 21),
(692, 59, 123, 1, 22),
(692, 60, 96, 2, 23),
(692, 60, 97, 1, 24),
(692, 63, 137, 1, 25),
(692, 59, 134, 8, 26),
(693, 59, 144, 1, 1),
(693, 59, 78, 3, 2),
(693, 67, 94, 1, 3),
(693, 67, 92, 2, 4),
(693, 67, 91, 4, 5),
(693, 67, 89, 2, 6),
(693, 67, 90, 2, 7),
(693, 65, 106, 2, 8),
(693, 59, 122, 4, 9),
(693, 67, 143, 1, 10),
(693, 67, 162, 1, 11),
(693, 60, 104, 2, 12),
(693, 62, 119, 1, 13),
(693, 66, 75, 1, 14),
(693, 62, 109, 4, 15),
(693, 62, 92, 1, 16),
(693, 60, 99, 4, 17),
(693, 65, 92, 4, 18),
(693, 67, 149, 1, 19),
(693, 62, 106, 2, 20),
(693, 59, 121, 3, 21),
(693, 67, 137, 2, 22),
(693, 68, 110, 2, 23),
(693, 59, 130, 4, 24),
(693, 59, 138, 6, 25),
(694, 62, 26, 4, 1),
(694, 62, 44, 4, 2),
(694, 62, 42, 4, 3),
(694, 65, 106, 4, 4),
(694, 59, 122, 2, 5),
(694, 67, 143, 1, 6),
(694, 66, 69, 1, 7),
(694, 63, 160, 1, 8),
(694, 60, 104, 1, 9),
(694, 66, 75, 2, 10),
(694, 62, 92, 4, 11),
(694, 62, 109, 4, 12),
(694, 60, 99, 4, 13),
(694, 65, 92, 4, 14),
(694, 63, 122, 3, 15),
(694, 68, 109, 4, 16),
(694, 67, 150, 1, 17),
(694, 62, 106, 1, 18),
(694, 60, 97, 1, 19),
(694, 68, 99, 2, 20),
(694, 67, 137, 1, 21),
(694, 62, 93, 3, 22),
(694, 59, 130, 4, 23),
(695, 63, 151, 3, 1),
(695, 63, 150, 3, 2),
(695, 62, 36, 4, 3),
(695, 5006, 49, 1, 4),
(695, 67, 97, 1, 5),
(695, 56, 116, 3, 6),
(695, 50, 101, 1, 7),
(695, 61, 111, 4, 8),
(695, 63, 160, 1, 9),
(695, 60, 104, 1, 10),
(695, 62, 119, 1, 11),
(695, 66, 75, 1, 12),
(695, 62, 117, 1, 13),
(695, 60, 105, 1, 14),
(695, 62, 109, 3, 15),
(695, 54, 137, 1, 16),
(695, 62, 92, 1, 17),
(695, 65, 86, 1, 18),
(695, 59, 123, 1, 19),
(695, 68, 109, 4, 20),
(695, 62, 102, 2, 21),
(695, 52, 94, 2, 22),
(695, 59, 128, 1, 23),
(695, 55, 120, 1, 24),
(695, 48, 104, 1, 25),
(695, 59, 119, 2, 26),
(695, 56, 99, 1, 27),
(695, 5005, 28, 4, 28),
(695, 61, 104, 4, 29),
(695, 48, 110, 4, 30),
(695, 48, 109, 1, 31),
(696, 68, 41, 3, 1),
(696, 68, 40, 3, 2),
(696, 59, 41, 1, 3),
(696, 68, 39, 4, 4),
(696, 68, 38, 4, 5),
(696, 67, 33, 1, 6),
(696, 67, 32, 1, 7),
(696, 5006, 67, 2, 8),
(696, 59, 122, 4, 9),
(696, 66, 69, 2, 10),
(696, 59, 127, 1, 11),
(696, 67, 148, 1, 12),
(696, 65, 107, 1, 13),
(696, 67, 136, 1, 14),
(696, 66, 75, 1, 15),
(696, 62, 109, 4, 16),
(696, 63, 161, 4, 17),
(696, 60, 99, 1, 18),
(696, 66, 76, 2, 19),
(696, 65, 92, 4, 20),
(696, 59, 123, 1, 21),
(696, 60, 96, 2, 22),
(696, 60, 97, 1, 23),
(696, 59, 121, 2, 24),
(696, 63, 137, 1, 25),
(696, 59, 134, 8, 26),
(697, 59, 43, 4, 1),
(697, 59, 42, 4, 2),
(697, 62, 33, 2, 3),
(697, 62, 32, 3, 4),
(697, 62, 31, 4, 5),
(697, 63, 44, 1, 6),
(697, 60, 22, 2, 7),
(697, 65, 106, 3, 8),
(697, 59, 122, 4, 9),
(697, 67, 161, 2, 10),
(697, 60, 104, 1, 11),
(697, 66, 75, 1, 12),
(697, 62, 117, 1, 13),
(697, 62, 109, 4, 14),
(697, 60, 99, 4, 15),
(697, 66, 76, 2, 16),
(697, 65, 92, 3, 17),
(697, 68, 109, 4, 18),
(697, 60, 96, 1, 19),
(697, 60, 97, 1, 20),
(697, 59, 121, 1, 21),
(697, 65, 89, 4, 22),
(697, 59, 130, 4, 23),
(698, 62, 26, 4, 1),
(698, 62, 44, 4, 2),
(698, 62, 42, 4, 3),
(698, 65, 106, 3, 4),
(698, 59, 122, 3, 5),
(698, 67, 143, 1, 6),
(698, 63, 160, 1, 7),
(698, 60, 104, 1, 8),
(698, 62, 119, 1, 9),
(698, 66, 75, 1, 10),
(698, 62, 117, 1, 11),
(698, 62, 109, 4, 12),
(698, 62, 92, 4, 13),
(698, 60, 99, 4, 14),
(698, 65, 92, 4, 15),
(698, 63, 122, 2, 16),
(698, 68, 109, 4, 17),
(698, 67, 135, 1, 18),
(698, 67, 150, 1, 19),
(698, 1006, 36, 1, 20),
(698, 62, 106, 1, 21),
(698, 63, 127, 1, 22),
(698, 68, 99, 2, 23),
(698, 67, 137, 1, 24),
(698, 62, 93, 2, 25),
(698, 59, 130, 4, 26),
(699, 68, 66, 3, 1),
(699, 59, 55, 4, 2),
(699, 68, 64, 4, 3),
(699, 65, 106, 2, 4),
(699, 59, 122, 4, 5),
(699, 67, 143, 2, 6),
(699, 65, 107, 4, 7),
(699, 60, 104, 2, 8),
(699, 68, 98, 1, 9),
(699, 62, 109, 4, 10),
(699, 62, 92, 2, 11),
(699, 60, 99, 4, 12),
(699, 66, 76, 1, 13),
(699, 65, 92, 4, 14),
(699, 67, 149, 2, 15),
(699, 68, 97, 3, 16),
(699, 63, 164, 2, 17),
(699, 62, 93, 4, 18),
(699, 62, 112, 1, 19),
(699, 59, 136, 7, 20),
(700, 68, 70, 4, 1),
(700, 68, 69, 2, 2),
(700, 68, 68, 4, 3),
(700, 61, 63, 1, 4),
(700, 68, 57, 1, 5),
(700, 68, 56, 1, 6),
(700, 65, 106, 1, 7),
(700, 59, 122, 3, 8),
(700, 67, 143, 1, 9),
(700, 61, 111, 4, 10),
(700, 60, 106, 1, 11),
(700, 60, 104, 2, 12),
(700, 62, 109, 4, 13),
(700, 60, 99, 2, 14),
(700, 63, 136, 1, 15),
(700, 65, 92, 2, 16),
(700, 59, 123, 1, 17),
(700, 63, 122, 3, 18),
(700, 63, 135, 3, 19),
(700, 62, 94, 1, 20),
(700, 68, 103, 1, 21),
(700, 61, 91, 3, 22),
(700, 59, 121, 3, 23),
(700, 67, 137, 1, 24),
(700, 61, 90, 2, 25),
(700, 61, 104, 4, 26),
(700, 59, 137, 4, 27),
(701, 61, 106, 3, 1),
(701, 66, 93, 2, 2),
(701, 63, 121, 1, 3),
(701, 66, 89, 1, 4),
(701, 65, 106, 2, 5),
(701, 59, 122, 4, 6),
(701, 63, 159, 1, 7),
(701, 67, 143, 1, 8),
(701, 60, 104, 1, 9),
(701, 62, 119, 1, 10),
(701, 59, 129, 2, 11),
(701, 66, 75, 1, 12),
(701, 59, 115, 1, 13),
(701, 62, 109, 4, 14),
(701, 60, 99, 4, 15),
(701, 65, 92, 3, 16),
(701, 68, 109, 4, 17),
(701, 1006, 34, 4, 18),
(701, 61, 100, 4, 19),
(701, 62, 97, 2, 20),
(701, 68, 99, 3, 21),
(701, 67, 137, 2, 22),
(701, 63, 140, 1, 23),
(701, 64, 28, 1, 24),
(701, 59, 130, 4, 25),
(701, 65, 97, 3, 26),
(702, 62, 120, 3, 1),
(702, 62, 113, 3, 2),
(702, 68, 121, 2, 3),
(702, 69, 28, 1, 4),
(702, 65, 17, 1, 5),
(702, 68, 116, 1, 6),
(702, 65, 106, 2, 7),
(702, 59, 122, 4, 8),
(702, 67, 143, 1, 9),
(702, 67, 162, 1, 10),
(702, 60, 104, 2, 11),
(702, 66, 75, 1, 12),
(702, 62, 117, 1, 13),
(702, 62, 109, 4, 14),
(702, 60, 99, 4, 15),
(702, 65, 92, 3, 16),
(702, 68, 102, 3, 17),
(702, 61, 89, 2, 18),
(702, 62, 100, 3, 19),
(702, 68, 99, 1, 20),
(702, 59, 121, 1, 21),
(702, 63, 137, 3, 22),
(702, 59, 135, 4, 23),
(702, 59, 134, 4, 24),
(702, 59, 132, 3, 25),
(702, 59, 133, 2, 26),
(703, 65, 105, 3, 1),
(703, 65, 104, 2, 2),
(703, 65, 60, 1, 3),
(703, 61, 106, 1, 4),
(703, 54, 142, 1, 5),
(703, 66, 89, 2, 6),
(703, 57, 98, 1, 7),
(703, 65, 106, 4, 8),
(703, 56, 4, 1, 9),
(703, 55, 135, 1, 10),
(703, 50, 101, 1, 11),
(703, 56, 115, 1, 12),
(703, 60, 104, 1, 13),
(703, 66, 75, 2, 14),
(703, 62, 109, 4, 15),
(703, 54, 137, 1, 16),
(703, 62, 92, 2, 17),
(703, 52, 102, 4, 18),
(703, 65, 92, 3, 19),
(703, 65, 86, 3, 20),
(703, 68, 109, 4, 21),
(703, 60, 96, 1, 22),
(703, 65, 87, 3, 23),
(703, 56, 99, 2, 24),
(703, 65, 89, 4, 25),
(703, 51, 92, 4, 26),
(703, 48, 107, 3, 27),
(704, 65, 105, 3, 1),
(704, 65, 60, 2, 2),
(704, 65, 104, 1, 3),
(704, 69, 28, 2, 4),
(704, 67, 91, 1, 5),
(704, 67, 90, 1, 6),
(704, 5006, 67, 1, 7),
(704, 62, 65, 1, 8),
(704, 66, 89, 2, 9),
(704, 65, 106, 4, 10),
(704, 59, 122, 3, 11),
(704, 67, 148, 1, 12),
(704, 60, 104, 1, 13),
(704, 66, 75, 1, 14),
(704, 62, 117, 1, 15),
(704, 62, 109, 4, 16),
(704, 62, 92, 2, 17),
(704, 60, 99, 4, 18),
(704, 65, 86, 3, 19),
(704, 68, 109, 4, 20),
(704, 60, 96, 1, 21),
(704, 65, 87, 3, 22),
(704, 67, 137, 2, 23),
(704, 65, 89, 4, 24),
(704, 59, 130, 4, 25),
(704, 59, 135, 4, 26),
(705, 68, 66, 3, 1),
(705, 59, 55, 4, 2),
(705, 68, 64, 4, 3),
(705, 62, 36, 1, 4),
(705, 65, 106, 2, 5),
(705, 59, 122, 4, 6),
(705, 67, 143, 2, 7),
(705, 65, 107, 3, 8),
(705, 60, 104, 1, 9),
(705, 62, 119, 1, 10),
(705, 62, 109, 4, 11),
(705, 62, 92, 1, 12),
(705, 60, 99, 4, 13),
(705, 65, 92, 4, 14),
(705, 67, 149, 2, 15),
(705, 62, 97, 1, 16),
(705, 68, 97, 3, 17),
(705, 63, 164, 1, 18),
(705, 67, 137, 2, 19),
(705, 62, 93, 4, 20),
(705, 59, 130, 2, 21),
(705, 62, 112, 2, 22),
(705, 59, 136, 5, 23),
(706, 61, 106, 3, 1),
(706, 66, 93, 3, 2),
(706, 65, 40, 1, 3),
(706, 66, 89, 1, 4),
(706, 65, 106, 2, 5),
(706, 59, 122, 4, 6),
(706, 59, 127, 1, 7),
(706, 67, 143, 1, 8),
(706, 67, 148, 2, 9),
(706, 60, 104, 2, 10),
(706, 62, 119, 1, 11),
(706, 59, 129, 2, 12),
(706, 62, 117, 1, 13),
(706, 62, 109, 4, 14),
(706, 60, 99, 4, 15),
(706, 1006, 34, 4, 16),
(706, 61, 100, 4, 17),
(706, 63, 127, 2, 18),
(706, 60, 97, 1, 19),
(706, 62, 97, 2, 20),
(706, 68, 99, 1, 21),
(706, 59, 121, 2, 22),
(706, 67, 137, 2, 23),
(706, 64, 28, 2, 24),
(706, 59, 130, 4, 25),
(706, 65, 97, 4, 26),
(707, 61, 106, 3, 1),
(707, 66, 93, 3, 2),
(707, 65, 40, 1, 3),
(707, 66, 89, 1, 4),
(707, 65, 106, 2, 5),
(707, 59, 122, 4, 6),
(707, 63, 159, 1, 7),
(707, 67, 143, 1, 8),
(707, 67, 148, 1, 9),
(707, 60, 104, 2, 10),
(707, 62, 119, 2, 11),
(707, 59, 129, 1, 12),
(707, 66, 75, 1, 13),
(707, 62, 117, 1, 14),
(707, 62, 109, 4, 15),
(707, 60, 99, 4, 16),
(707, 1006, 34, 4, 17),
(707, 61, 100, 4, 18),
(707, 63, 127, 2, 19),
(707, 60, 97, 1, 20),
(707, 62, 97, 2, 21),
(707, 68, 99, 3, 22),
(707, 67, 137, 2, 23),
(707, 64, 28, 2, 24),
(707, 59, 130, 4, 25),
(707, 65, 97, 4, 26),
(708, 69, 115, 4, 1),
(708, 59, 93, 3, 2),
(708, 59, 92, 3, 3),
(708, 66, 94, 1, 4),
(708, 5006, 67, 1, 5),
(708, 65, 106, 2, 6),
(708, 59, 122, 4, 7),
(708, 63, 159, 3, 8),
(708, 67, 143, 2, 9),
(708, 60, 104, 2, 10),
(708, 62, 109, 4, 11),
(708, 60, 99, 4, 12),
(708, 68, 109, 4, 13),
(708, 68, 102, 4, 14),
(708, 67, 149, 1, 15),
(708, 68, 99, 4, 16),
(708, 59, 117, 3, 17),
(708, 59, 140, 11, 18),
(709, 68, 66, 3, 1),
(709, 59, 55, 4, 2),
(709, 68, 64, 4, 3),
(709, 62, 36, 1, 4),
(709, 65, 106, 2, 5),
(709, 59, 122, 4, 6),
(709, 63, 159, 1, 7),
(709, 67, 143, 1, 8),
(709, 65, 107, 3, 9),
(709, 60, 104, 1, 10),
(709, 62, 119, 1, 11),
(709, 68, 98, 1, 12),
(709, 62, 117, 1, 13),
(709, 62, 109, 4, 14),
(709, 60, 99, 4, 15),
(709, 66, 76, 1, 16),
(709, 65, 92, 4, 17),
(709, 67, 149, 1, 18),
(709, 62, 97, 1, 19),
(709, 68, 97, 4, 20),
(709, 67, 137, 2, 21),
(709, 62, 93, 4, 22),
(709, 62, 112, 3, 23),
(709, 59, 136, 5, 24),
(710, 62, 120, 3, 1),
(710, 62, 113, 4, 2),
(710, 66, 24, 1, 3),
(710, 69, 28, 1, 4),
(710, 66, 89, 1, 5),
(710, 65, 106, 2, 6),
(710, 59, 122, 4, 7),
(710, 67, 143, 1, 8),
(710, 60, 104, 2, 9),
(710, 62, 119, 1, 10),
(710, 66, 75, 1, 11),
(710, 62, 109, 4, 12),
(710, 62, 92, 1, 13),
(710, 60, 99, 4, 14),
(710, 65, 92, 3, 15),
(710, 67, 149, 1, 16),
(710, 1006, 38, 1, 17),
(710, 62, 97, 2, 18),
(710, 62, 100, 3, 19),
(710, 59, 121, 2, 20),
(710, 63, 137, 3, 21),
(710, 67, 145, 1, 22),
(710, 59, 130, 2, 23),
(710, 66, 83, 4, 24),
(710, 59, 135, 5, 25),
(710, 59, 134, 3, 26),
(711, 65, 105, 3, 1),
(711, 65, 60, 2, 2),
(711, 65, 104, 2, 3),
(711, 69, 28, 1, 4),
(711, 66, 89, 2, 5),
(711, 65, 106, 4, 6),
(711, 59, 122, 2, 7),
(711, 65, 108, 1, 8),
(711, 67, 148, 1, 9),
(711, 60, 104, 2, 10),
(711, 66, 75, 1, 11),
(711, 62, 117, 1, 12),
(711, 62, 109, 4, 13),
(711, 62, 92, 2, 14),
(711, 60, 99, 4, 15),
(711, 65, 92, 4, 16),
(711, 65, 86, 2, 17),
(711, 68, 109, 4, 18),
(711, 60, 96, 1, 19),
(711, 65, 87, 4, 20),
(711, 67, 137, 2, 21),
(711, 65, 89, 4, 22),
(711, 59, 130, 4, 23),
(711, 59, 135, 3, 24),
(712, 68, 66, 3, 1),
(712, 59, 55, 4, 2),
(712, 68, 64, 4, 3),
(712, 65, 106, 3, 4),
(712, 59, 122, 4, 5),
(712, 67, 143, 2, 6),
(712, 65, 107, 3, 7),
(712, 60, 104, 1, 8),
(712, 62, 119, 1, 9),
(712, 59, 129, 1, 10),
(712, 62, 117, 1, 11),
(712, 62, 109, 4, 12),
(712, 60, 99, 4, 13),
(712, 66, 76, 2, 14),
(712, 65, 92, 4, 15),
(712, 67, 149, 1, 16),
(712, 62, 97, 2, 17),
(712, 68, 97, 4, 18),
(712, 62, 93, 4, 19),
(712, 59, 136, 8, 20),
(713, 62, 120, 3, 1),
(713, 62, 113, 4, 2),
(713, 62, 36, 3, 3),
(713, 69, 28, 1, 4),
(713, 66, 94, 1, 5),
(713, 59, 122, 4, 6),
(713, 67, 143, 4, 7),
(713, 60, 104, 2, 8),
(713, 62, 109, 4, 9),
(713, 62, 92, 2, 10),
(713, 60, 99, 4, 11),
(713, 65, 92, 4, 12),
(713, 59, 123, 1, 13),
(713, 63, 122, 3, 14),
(713, 62, 100, 3, 15),
(713, 67, 137, 2, 16),
(713, 63, 137, 3, 17),
(713, 66, 83, 2, 18),
(713, 59, 135, 6, 19),
(713, 59, 136, 4, 20),
(714, 62, 26, 4, 1),
(714, 62, 44, 4, 2),
(714, 62, 42, 4, 3),
(714, 65, 106, 3, 4),
(714, 59, 122, 2, 5),
(714, 67, 143, 1, 6),
(714, 63, 160, 1, 7),
(714, 60, 104, 1, 8),
(714, 66, 75, 2, 9),
(714, 62, 117, 1, 10),
(714, 62, 109, 4, 11),
(714, 62, 92, 4, 12),
(714, 60, 99, 4, 13),
(714, 65, 92, 4, 14),
(714, 63, 122, 3, 15),
(714, 68, 109, 4, 16),
(714, 67, 150, 1, 17),
(714, 62, 106, 1, 18),
(714, 63, 127, 1, 19),
(714, 60, 97, 1, 20),
(714, 68, 97, 2, 21),
(714, 67, 137, 1, 22),
(714, 62, 93, 3, 23),
(714, 59, 130, 4, 24),
(715, 68, 66, 3, 1),
(715, 59, 55, 2, 2),
(715, 68, 65, 2, 3),
(715, 68, 64, 4, 4),
(715, 65, 106, 2, 5),
(715, 59, 122, 4, 6),
(715, 67, 143, 1, 7),
(715, 65, 107, 4, 8),
(715, 67, 148, 1, 9),
(715, 60, 104, 1, 10),
(715, 62, 119, 1, 11),
(715, 59, 129, 1, 12),
(715, 62, 117, 1, 13),
(715, 62, 109, 4, 14),
(715, 62, 92, 3, 15),
(715, 60, 99, 4, 16),
(715, 65, 92, 4, 17),
(715, 63, 122, 2, 18),
(715, 67, 149, 1, 19),
(715, 68, 97, 3, 20),
(715, 67, 137, 2, 21),
(715, 62, 93, 3, 22),
(715, 59, 136, 7, 23),
(717, 62, 26, 4, 1),
(717, 62, 44, 4, 2),
(717, 62, 42, 4, 3),
(717, 65, 106, 3, 4),
(717, 59, 122, 2, 5),
(717, 67, 143, 1, 6),
(717, 60, 104, 2, 7),
(717, 62, 119, 1, 8),
(717, 66, 75, 1, 9),
(717, 62, 117, 1, 10),
(717, 62, 109, 4, 11),
(717, 62, 92, 4, 12),
(717, 60, 99, 4, 13),
(717, 65, 92, 4, 14),
(717, 63, 122, 3, 15),
(717, 68, 109, 4, 16),
(717, 67, 135, 1, 17),
(717, 67, 150, 1, 18),
(717, 62, 94, 1, 19),
(717, 62, 106, 1, 20),
(717, 68, 99, 2, 21),
(717, 67, 137, 1, 22),
(717, 62, 93, 3, 23),
(717, 59, 130, 4, 24),
(718, 68, 41, 3, 1),
(718, 68, 40, 3, 2),
(718, 59, 41, 1, 3),
(718, 68, 39, 4, 4),
(718, 68, 38, 4, 5),
(718, 61, 34, 1, 6),
(718, 5006, 67, 2, 7),
(718, 59, 122, 4, 8),
(718, 66, 69, 2, 9),
(718, 59, 127, 1, 10),
(718, 65, 107, 2, 11),
(718, 67, 148, 1, 12),
(718, 67, 136, 1, 13),
(718, 60, 104, 1, 14),
(718, 68, 98, 1, 15),
(718, 62, 109, 4, 16),
(718, 63, 161, 4, 17),
(718, 60, 99, 2, 18),
(718, 66, 76, 1, 19),
(718, 65, 92, 3, 20),
(718, 59, 123, 1, 21),
(718, 60, 96, 1, 22),
(718, 67, 149, 1, 23),
(718, 59, 121, 2, 24),
(718, 63, 137, 2, 25),
(718, 59, 134, 8, 26),
(719, 61, 106, 2, 1),
(719, 66, 93, 2, 2),
(719, 65, 101, 1, 3),
(719, 66, 89, 1, 4),
(719, 65, 106, 4, 5),
(719, 59, 122, 2, 6),
(719, 59, 127, 1, 7),
(719, 67, 143, 1, 8),
(719, 67, 148, 1, 9),
(719, 60, 104, 1, 10),
(719, 62, 119, 1, 11),
(719, 59, 129, 1, 12),
(719, 68, 98, 1, 13),
(719, 66, 75, 1, 14),
(719, 59, 115, 1, 15),
(719, 62, 109, 4, 16),
(719, 60, 99, 4, 17),
(719, 65, 92, 3, 18),
(719, 68, 109, 4, 19),
(719, 1006, 34, 4, 20),
(719, 59, 124, 1, 21),
(719, 61, 100, 4, 22),
(719, 1006, 38, 1, 23),
(719, 68, 99, 2, 24),
(719, 59, 121, 2, 25),
(719, 65, 89, 2, 26),
(719, 59, 130, 4, 27),
(719, 65, 97, 4, 28),
(720, 62, 26, 4, 1),
(720, 62, 44, 4, 2),
(720, 62, 42, 4, 3),
(720, 65, 106, 3, 4),
(720, 59, 122, 2, 5),
(720, 67, 143, 1, 6),
(720, 63, 160, 1, 7),
(720, 60, 104, 3, 8),
(720, 62, 119, 1, 9),
(720, 66, 75, 1, 10),
(720, 62, 117, 1, 11),
(720, 62, 109, 4, 12),
(720, 62, 92, 4, 13),
(720, 60, 99, 4, 14),
(720, 65, 92, 4, 15),
(720, 63, 122, 2, 16),
(720, 68, 109, 4, 17),
(720, 67, 150, 1, 18),
(720, 62, 106, 1, 19),
(720, 60, 97, 1, 20),
(720, 68, 99, 1, 21),
(720, 67, 137, 1, 22),
(720, 59, 121, 1, 23),
(720, 62, 93, 3, 24),
(720, 59, 130, 4, 25),
(721, 67, 160, 4, 1),
(721, 67, 164, 4, 2),
(721, 66, 89, 1, 3),
(721, 65, 106, 2, 4),
(721, 59, 122, 4, 5),
(721, 67, 143, 1, 6),
(721, 67, 148, 1, 7),
(721, 60, 104, 2, 8),
(721, 66, 75, 2, 9),
(721, 62, 117, 1, 10),
(721, 62, 109, 4, 11),
(721, 62, 92, 2, 12),
(721, 60, 99, 4, 13),
(721, 65, 92, 4, 14),
(721, 65, 86, 4, 15),
(721, 67, 149, 1, 16),
(721, 67, 150, 1, 17),
(721, 67, 144, 4, 18),
(721, 67, 137, 1, 19),
(721, 63, 139, 3, 20),
(721, 59, 130, 4, 21),
(721, 59, 136, 6, 22),
(722, 62, 120, 3, 1),
(722, 62, 113, 4, 2),
(722, 69, 28, 1, 3),
(722, 67, 55, 1, 4),
(722, 5006, 67, 1, 5),
(722, 66, 89, 1, 6),
(722, 65, 106, 2, 7),
(722, 59, 122, 4, 8),
(722, 67, 162, 1, 9),
(722, 67, 143, 1, 10),
(722, 60, 104, 2, 11),
(722, 68, 98, 1, 12),
(722, 66, 75, 2, 13),
(722, 62, 117, 1, 14),
(722, 62, 109, 4, 15),
(722, 62, 92, 2, 16),
(722, 60, 99, 4, 17),
(722, 65, 92, 4, 18),
(722, 65, 86, 2, 19),
(722, 67, 149, 1, 20),
(722, 62, 100, 4, 21),
(722, 63, 137, 4, 22),
(722, 66, 83, 3, 23),
(722, 59, 135, 7, 24),
(723, 62, 26, 4, 1),
(723, 62, 44, 4, 2),
(723, 62, 42, 4, 3),
(723, 65, 106, 3, 4),
(723, 59, 122, 3, 5),
(723, 67, 143, 1, 6),
(723, 63, 160, 1, 7),
(723, 60, 104, 1, 8),
(723, 68, 98, 1, 9),
(723, 66, 75, 1, 10),
(723, 62, 117, 1, 11),
(723, 62, 109, 4, 12),
(723, 62, 92, 4, 13),
(723, 60, 99, 4, 14),
(723, 65, 92, 4, 15),
(723, 68, 109, 4, 16),
(723, 67, 150, 1, 17),
(723, 1006, 36, 2, 18),
(723, 62, 106, 1, 19),
(723, 63, 127, 1, 20),
(723, 60, 97, 1, 21),
(723, 68, 99, 2, 22),
(723, 67, 137, 1, 23),
(723, 62, 93, 3, 24),
(723, 59, 130, 4, 25),
(724, 66, 3, 3, 1),
(724, 66, 2, 4, 2),
(724, 66, 1, 4, 3),
(724, 66, 10, 4, 4),
(724, 66, 9, 4, 5),
(724, 66, 30, 4, 6),
(724, 65, 106, 4, 7),
(724, 63, 121, 1, 8),
(724, 59, 122, 2, 9),
(724, 67, 143, 1, 10),
(724, 68, 104, 1, 11),
(724, 60, 104, 1, 12),
(724, 62, 117, 1, 13),
(724, 62, 92, 3, 14),
(724, 60, 99, 4, 15),
(724, 66, 76, 2, 16),
(724, 65, 92, 4, 17),
(724, 63, 122, 3, 18),
(724, 67, 137, 2, 19),
(724, 66, 74, 4, 20),
(724, 59, 130, 4, 21),
(725, 61, 106, 3, 1),
(725, 66, 24, 1, 2),
(725, 65, 17, 2, 3),
(725, 62, 65, 1, 4),
(725, 68, 116, 2, 5),
(725, 66, 89, 1, 6),
(725, 65, 106, 3, 7),
(725, 59, 122, 3, 8),
(725, 67, 143, 2, 9),
(725, 60, 104, 2, 10),
(725, 62, 119, 1, 11),
(725, 62, 117, 1, 12),
(725, 62, 109, 4, 13),
(725, 60, 99, 4, 14),
(725, 65, 92, 3, 15),
(725, 68, 102, 4, 16),
(725, 67, 149, 1, 17),
(725, 61, 89, 3, 18),
(725, 68, 99, 3, 19),
(725, 63, 137, 4, 20),
(725, 59, 134, 12, 21),
(726, 59, 144, 2, 1),
(726, 59, 78, 3, 2),
(726, 67, 91, 2, 3),
(726, 67, 89, 2, 4),
(726, 67, 84, 1, 5),
(726, 61, 106, 1, 6),
(726, 66, 30, 2, 7),
(726, 65, 106, 2, 8),
(726, 63, 158, 1, 9),
(726, 59, 122, 4, 10),
(726, 60, 104, 1, 11),
(726, 62, 119, 1, 12),
(726, 66, 75, 1, 13),
(726, 62, 117, 1, 14),
(726, 62, 109, 4, 15),
(726, 62, 92, 4, 16),
(726, 60, 99, 4, 17),
(726, 65, 92, 4, 18),
(726, 59, 123, 1, 19),
(726, 68, 109, 4, 20),
(726, 59, 121, 2, 21),
(726, 67, 137, 2, 22),
(726, 68, 110, 1, 23),
(726, 59, 130, 4, 24),
(726, 59, 138, 6, 25),
(727, 59, 78, 3, 1),
(727, 67, 94, 1, 2),
(727, 67, 92, 2, 3),
(727, 67, 91, 4, 4),
(727, 67, 89, 4, 5),
(727, 60, 70, 1, 6),
(727, 65, 106, 2, 7),
(727, 59, 122, 4, 8),
(727, 67, 162, 1, 9),
(727, 66, 69, 1, 10),
(727, 67, 143, 1, 11),
(727, 60, 104, 2, 12),
(727, 66, 75, 2, 13),
(727, 62, 109, 4, 14),
(727, 62, 92, 3, 15),
(727, 60, 99, 4, 16),
(727, 65, 92, 4, 17),
(727, 62, 106, 1, 18),
(727, 59, 121, 3, 19),
(727, 67, 137, 2, 20),
(727, 68, 110, 1, 21),
(727, 59, 130, 4, 22),
(727, 59, 138, 6, 23),
(728, 68, 66, 3, 1),
(728, 59, 55, 3, 2),
(728, 68, 65, 1, 3),
(728, 68, 64, 4, 4),
(728, 62, 36, 2, 5),
(728, 65, 106, 2, 6),
(728, 59, 122, 3, 7),
(728, 67, 143, 1, 8),
(728, 65, 107, 3, 9),
(728, 60, 104, 1, 10),
(728, 62, 119, 1, 11),
(728, 68, 98, 1, 12),
(728, 62, 109, 4, 13),
(728, 62, 92, 4, 14),
(728, 60, 99, 3, 15),
(728, 65, 92, 4, 16),
(728, 67, 149, 1, 17),
(728, 68, 97, 4, 18),
(728, 63, 164, 2, 19),
(728, 67, 137, 2, 20),
(728, 62, 93, 4, 21),
(728, 62, 112, 1, 22),
(728, 59, 136, 6, 23),
(729, 62, 26, 4, 1),
(729, 62, 44, 4, 2),
(729, 62, 42, 4, 3),
(729, 66, 10, 1, 4),
(729, 66, 9, 1, 5),
(729, 65, 106, 3, 6),
(729, 59, 122, 2, 7),
(729, 67, 143, 1, 8),
(729, 63, 160, 1, 9),
(729, 60, 104, 1, 10),
(729, 66, 75, 1, 11),
(729, 62, 117, 1, 12),
(729, 62, 109, 4, 13),
(729, 62, 92, 4, 14),
(729, 60, 99, 4, 15),
(729, 65, 92, 4, 16),
(729, 63, 122, 2, 17),
(729, 68, 109, 4, 18),
(729, 67, 150, 1, 19),
(729, 62, 106, 1, 20),
(729, 63, 127, 1, 21),
(729, 60, 97, 1, 22),
(729, 68, 99, 2, 23),
(729, 67, 137, 1, 24),
(729, 62, 93, 3, 25),
(729, 59, 130, 4, 26),
(730, 68, 41, 3, 1),
(730, 68, 40, 4, 2),
(730, 68, 39, 4, 3),
(730, 68, 38, 4, 4),
(730, 61, 34, 1, 5),
(730, 5006, 67, 2, 6),
(730, 59, 122, 4, 7),
(730, 59, 127, 1, 8),
(730, 66, 69, 2, 9),
(730, 65, 107, 1, 10),
(730, 67, 148, 1, 11),
(730, 67, 136, 1, 12),
(730, 68, 98, 1, 13),
(730, 62, 109, 4, 14),
(730, 63, 161, 4, 15),
(730, 66, 76, 1, 16),
(730, 60, 99, 1, 17),
(730, 59, 116, 1, 18),
(730, 65, 92, 4, 19),
(730, 59, 123, 1, 20),
(730, 60, 96, 2, 21),
(730, 60, 97, 1, 22),
(730, 59, 121, 2, 23),
(730, 63, 137, 2, 24),
(730, 59, 134, 8, 25),
(731, 62, 26, 4, 1),
(731, 62, 44, 4, 2),
(731, 62, 42, 4, 3),
(731, 66, 10, 4, 4),
(731, 66, 9, 4, 5),
(731, 66, 30, 3, 6),
(731, 65, 106, 3, 7),
(731, 59, 122, 4, 8),
(731, 67, 143, 1, 9),
(731, 63, 160, 1, 10),
(731, 60, 104, 2, 11),
(731, 66, 75, 1, 12),
(731, 62, 109, 4, 13),
(731, 62, 92, 4, 14),
(731, 60, 99, 4, 15),
(731, 68, 109, 4, 16),
(731, 67, 150, 1, 17),
(731, 62, 106, 1, 18),
(731, 67, 137, 2, 19),
(731, 67, 145, 1, 20),
(731, 59, 130, 4, 21),
(732, 68, 66, 3, 1),
(732, 59, 55, 4, 2),
(732, 68, 65, 1, 3),
(732, 68, 64, 4, 4),
(732, 62, 36, 2, 5),
(732, 65, 106, 2, 6),
(732, 59, 122, 3, 7),
(732, 67, 143, 1, 8),
(732, 65, 107, 3, 9),
(732, 60, 104, 1, 10),
(732, 62, 119, 1, 11),
(732, 59, 129, 1, 12),
(732, 68, 98, 1, 13),
(732, 62, 109, 4, 14),
(732, 62, 92, 1, 15),
(732, 60, 99, 3, 16),
(732, 65, 92, 4, 17),
(732, 67, 149, 1, 18),
(732, 59, 124, 1, 19),
(732, 1006, 34, 3, 20),
(732, 62, 97, 1, 21),
(732, 68, 97, 3, 22),
(732, 62, 93, 3, 23),
(732, 62, 112, 2, 24),
(732, 59, 136, 8, 25),
(733, 66, 10, 4, 1),
(733, 66, 9, 4, 2),
(733, 67, 92, 2, 3),
(733, 67, 91, 3, 4),
(733, 67, 89, 4, 5),
(733, 59, 78, 2, 6),
(733, 5006, 67, 1, 7),
(733, 66, 30, 4, 8),
(733, 65, 106, 3, 9),
(733, 59, 122, 4, 10),
(733, 70, 105, 1, 11),
(733, 63, 160, 1, 12),
(733, 60, 104, 2, 13),
(733, 62, 119, 1, 14),
(733, 66, 75, 1, 15),
(733, 62, 109, 4, 16),
(733, 62, 92, 3, 17),
(733, 60, 99, 4, 18),
(733, 67, 149, 1, 19),
(733, 59, 121, 2, 20),
(733, 67, 145, 1, 21),
(733, 59, 130, 4, 22),
(733, 59, 138, 4, 23),
(734, 68, 66, 3, 1),
(734, 59, 55, 4, 2),
(734, 68, 64, 4, 3),
(734, 62, 36, 2, 4),
(734, 65, 106, 2, 5),
(734, 59, 122, 4, 6),
(734, 70, 105, 2, 7),
(734, 65, 107, 2, 8),
(734, 60, 104, 1, 9),
(734, 62, 117, 1, 10),
(734, 62, 109, 4, 11),
(734, 62, 92, 1, 12),
(734, 60, 99, 4, 13),
(734, 66, 76, 1, 14),
(734, 65, 92, 4, 15),
(734, 67, 149, 1, 16),
(734, 66, 71, 1, 17),
(734, 68, 97, 3, 18),
(734, 63, 164, 2, 19),
(734, 67, 137, 2, 20),
(734, 62, 93, 4, 21),
(734, 62, 112, 3, 22),
(734, 59, 136, 5, 23),
(735, 70, 62, 1, 1),
(735, 62, 61, 3, 2),
(735, 70, 61, 1, 3),
(735, 67, 95, 4, 4),
(735, 70, 64, 3, 5),
(735, 62, 65, 1, 6),
(735, 65, 106, 3, 7),
(735, 59, 122, 4, 8),
(735, 70, 105, 2, 9),
(735, 60, 104, 2, 10),
(735, 66, 75, 1, 11),
(735, 62, 117, 2, 12),
(735, 62, 109, 4, 13),
(735, 62, 92, 1, 14),
(735, 60, 99, 4, 15),
(735, 68, 102, 3, 16),
(735, 67, 149, 1, 17),
(735, 60, 97, 1, 18),
(735, 68, 99, 2, 19),
(735, 67, 133, 1, 20),
(735, 67, 137, 3, 21),
(735, 65, 89, 2, 22),
(735, 59, 139, 11, 23),
(736, 68, 66, 3, 1),
(736, 59, 55, 4, 2),
(736, 68, 64, 4, 3),
(736, 65, 106, 3, 4),
(736, 59, 122, 4, 5),
(736, 70, 105, 1, 6),
(736, 65, 107, 3, 7),
(736, 60, 104, 1, 8),
(736, 62, 119, 1, 9),
(736, 59, 129, 2, 10),
(736, 68, 98, 1, 11),
(736, 62, 109, 4, 12),
(736, 60, 99, 4, 13),
(736, 65, 92, 4, 14),
(736, 67, 149, 1, 15),
(736, 59, 124, 3, 16),
(736, 1006, 34, 4, 17),
(736, 62, 97, 2, 18),
(736, 62, 93, 4, 19),
(736, 59, 136, 7, 20),
(737, 61, 106, 3, 1),
(737, 70, 20, 1, 2),
(737, 66, 24, 1, 3),
(737, 65, 17, 1, 4),
(737, 68, 116, 2, 5),
(737, 66, 89, 1, 6),
(737, 65, 106, 2, 7),
(737, 59, 122, 4, 8),
(737, 70, 105, 2, 9),
(737, 60, 104, 2, 10),
(737, 62, 119, 1, 11),
(737, 66, 75, 1, 12),
(737, 62, 117, 1, 13),
(737, 62, 109, 4, 14),
(737, 60, 99, 4, 15),
(737, 65, 92, 3, 16),
(737, 68, 102, 4, 17),
(737, 67, 149, 1, 18),
(737, 61, 89, 3, 19),
(737, 60, 97, 1, 20),
(737, 68, 99, 3, 21),
(737, 63, 137, 4, 22),
(737, 59, 134, 11, 23),
(738, 62, 26, 4, 1),
(738, 62, 44, 4, 2),
(738, 62, 42, 4, 3),
(738, 66, 10, 3, 4),
(738, 66, 9, 3, 5),
(738, 66, 30, 4, 6),
(738, 65, 106, 3, 7),
(738, 59, 122, 4, 8),
(738, 70, 105, 1, 9),
(738, 63, 160, 1, 10),
(738, 60, 104, 1, 11),
(738, 62, 119, 1, 12),
(738, 66, 75, 1, 13),
(738, 62, 109, 4, 14),
(738, 62, 92, 4, 15),
(738, 60, 99, 4, 16),
(738, 68, 109, 4, 17),
(738, 67, 150, 1, 18),
(738, 62, 94, 1, 19),
(738, 63, 127, 1, 20),
(738, 60, 97, 1, 21),
(738, 62, 93, 2, 22),
(738, 59, 130, 4, 23),
(739, 68, 66, 3, 1),
(739, 59, 55, 4, 2),
(739, 68, 64, 4, 3),
(739, 65, 40, 1, 4),
(739, 65, 106, 2, 5),
(739, 59, 122, 3, 6),
(739, 70, 105, 1, 7),
(739, 65, 107, 3, 8),
(739, 60, 104, 1, 9),
(739, 62, 119, 1, 10),
(739, 59, 129, 2, 11),
(739, 68, 98, 1, 12),
(739, 62, 117, 1, 13),
(739, 62, 109, 4, 14),
(739, 60, 99, 4, 15),
(739, 65, 92, 4, 16),
(739, 67, 149, 1, 17),
(739, 59, 124, 2, 18),
(739, 1006, 34, 4, 19),
(739, 62, 97, 2, 20),
(739, 63, 164, 1, 21),
(739, 62, 93, 4, 22),
(739, 59, 136, 7, 23),
(740, 62, 26, 4, 1),
(740, 62, 44, 4, 2),
(740, 62, 42, 4, 3),
(740, 70, 29, 2, 4),
(740, 5006, 67, 1, 5),
(740, 65, 106, 3, 6),
(740, 59, 122, 3, 7),
(740, 70, 105, 1, 8),
(740, 63, 160, 1, 9),
(740, 60, 104, 2, 10),
(740, 66, 75, 1, 11),
(740, 62, 117, 1, 12),
(740, 62, 109, 4, 13),
(740, 62, 92, 4, 14),
(740, 60, 99, 4, 15),
(740, 65, 92, 3, 16),
(740, 68, 109, 4, 17),
(740, 63, 127, 1, 18),
(740, 62, 106, 1, 19),
(740, 60, 97, 1, 20),
(740, 59, 121, 2, 21),
(740, 62, 93, 3, 22),
(740, 59, 130, 4, 23),
(740, 59, 139, 2, 24),
(741, 68, 118, 2, 1),
(741, 66, 93, 2, 2),
(741, 65, 101, 1, 3),
(741, 65, 103, 2, 4),
(741, 59, 78, 1, 5),
(741, 66, 89, 1, 6),
(741, 65, 106, 2, 7),
(741, 59, 122, 4, 8),
(741, 70, 105, 3, 9),
(741, 60, 104, 2, 10),
(741, 66, 75, 1, 11),
(741, 62, 117, 1, 12),
(741, 62, 109, 4, 13),
(741, 60, 99, 4, 14),
(741, 65, 92, 3, 15),
(741, 68, 102, 4, 16),
(741, 62, 94, 2, 17),
(741, 60, 97, 1, 18),
(741, 59, 121, 1, 19),
(741, 68, 99, 1, 20),
(741, 67, 137, 2, 21),
(741, 67, 145, 2, 22),
(741, 65, 97, 4, 23),
(741, 59, 138, 10, 24),
(742, 61, 106, 3, 1),
(742, 66, 93, 2, 2),
(742, 65, 101, 1, 3),
(742, 66, 89, 1, 4),
(742, 65, 106, 3, 5),
(742, 59, 122, 3, 6),
(742, 70, 105, 1, 7),
(742, 67, 162, 1, 8),
(742, 67, 148, 1, 9),
(742, 60, 104, 2, 10),
(742, 62, 119, 1, 11),
(742, 59, 129, 1, 12),
(742, 66, 75, 1, 13),
(742, 62, 117, 1, 14),
(742, 62, 109, 4, 15),
(742, 60, 99, 3, 16),
(742, 65, 92, 3, 17),
(742, 68, 109, 4, 18),
(742, 1006, 34, 4, 19),
(742, 61, 100, 4, 20),
(742, 62, 97, 1, 21),
(742, 59, 121, 1, 22),
(742, 68, 99, 2, 23),
(742, 67, 137, 2, 24),
(742, 63, 140, 1, 25),
(742, 64, 28, 1, 26),
(742, 59, 130, 4, 27),
(742, 65, 97, 4, 28),
(743, 66, 3, 3, 1),
(743, 66, 2, 3, 2),
(743, 66, 1, 4, 3),
(743, 66, 10, 4, 4),
(743, 66, 9, 4, 5),
(743, 66, 30, 4, 6),
(743, 65, 106, 4, 7),
(743, 63, 121, 2, 8),
(743, 59, 122, 2, 9),
(743, 60, 104, 2, 10),
(743, 62, 117, 2, 11),
(743, 62, 92, 4, 12),
(743, 60, 99, 4, 13),
(743, 65, 92, 3, 14),
(743, 63, 122, 3, 15),
(743, 69, 70, 2, 16),
(743, 67, 137, 2, 17),
(743, 66, 74, 4, 18),
(743, 59, 130, 4, 19),
(744, 61, 106, 3, 1),
(744, 70, 20, 1, 2),
(744, 66, 24, 1, 3),
(744, 65, 17, 1, 4),
(744, 68, 116, 2, 5),
(744, 66, 89, 1, 6),
(744, 65, 106, 2, 7),
(744, 59, 122, 4, 8),
(744, 70, 105, 3, 9),
(744, 60, 104, 2, 10),
(744, 62, 119, 1, 11),
(744, 66, 75, 1, 12),
(744, 62, 117, 1, 13),
(744, 62, 109, 4, 14),
(744, 60, 99, 4, 15),
(744, 65, 92, 4, 16),
(744, 68, 102, 4, 17),
(744, 61, 89, 2, 18),
(744, 68, 99, 3, 19),
(744, 63, 137, 4, 20),
(744, 59, 134, 12, 21),
(745, 68, 41, 3, 1),
(745, 68, 40, 3, 2),
(745, 59, 41, 1, 3),
(745, 68, 39, 4, 4),
(745, 68, 38, 4, 5),
(745, 5006, 67, 2, 6),
(745, 59, 122, 4, 7),
(745, 70, 105, 2, 8),
(745, 66, 69, 1, 9),
(745, 65, 107, 1, 10),
(745, 67, 148, 1, 11),
(745, 67, 136, 1, 12),
(745, 60, 104, 1, 13),
(745, 62, 109, 4, 14),
(745, 63, 161, 4, 15),
(745, 66, 76, 1, 16),
(745, 60, 99, 2, 17),
(745, 59, 116, 1, 18),
(745, 65, 92, 3, 19),
(745, 59, 123, 1, 20),
(745, 60, 96, 2, 21),
(745, 60, 97, 1, 22),
(745, 68, 97, 3, 23),
(745, 63, 137, 2, 24),
(745, 59, 134, 8, 25),
(746, 68, 41, 2, 1),
(746, 68, 40, 3, 2),
(746, 59, 41, 1, 3),
(746, 68, 39, 4, 4),
(746, 68, 38, 4, 5),
(746, 5006, 67, 2, 6),
(746, 59, 122, 3, 7),
(746, 70, 105, 4, 8),
(746, 66, 69, 2, 9),
(746, 65, 107, 1, 10),
(746, 67, 136, 1, 11),
(746, 62, 109, 4, 12),
(746, 63, 161, 4, 13),
(746, 66, 76, 1, 14),
(746, 60, 99, 1, 15),
(746, 59, 116, 1, 16),
(746, 65, 92, 3, 17),
(746, 67, 150, 1, 18),
(746, 60, 96, 1, 19),
(746, 67, 149, 1, 20),
(746, 63, 135, 1, 21),
(746, 60, 97, 1, 22),
(746, 59, 121, 1, 23),
(746, 59, 119, 2, 24),
(746, 63, 137, 3, 25),
(746, 59, 134, 8, 26),
(747, 68, 41, 3, 1),
(747, 68, 40, 3, 2),
(747, 59, 41, 1, 3),
(747, 68, 39, 4, 4),
(747, 68, 38, 4, 5),
(747, 5006, 67, 2, 6),
(747, 59, 122, 3, 7),
(747, 70, 105, 4, 8),
(747, 66, 69, 2, 9),
(747, 65, 107, 1, 10),
(747, 67, 136, 1, 11),
(747, 62, 109, 4, 12),
(747, 63, 161, 4, 13),
(747, 66, 76, 1, 14),
(747, 60, 99, 2, 15),
(747, 65, 92, 3, 16),
(747, 67, 150, 1, 17),
(747, 60, 96, 1, 18),
(747, 67, 149, 1, 19),
(747, 60, 97, 1, 20),
(747, 59, 119, 3, 21),
(747, 63, 137, 3, 22),
(747, 59, 134, 8, 23),
(748, 66, 10, 4, 1),
(748, 66, 9, 4, 2),
(748, 59, 144, 2, 3),
(748, 59, 78, 3, 4),
(748, 67, 94, 1, 5),
(748, 5006, 67, 1, 6),
(748, 66, 30, 3, 7),
(748, 65, 106, 4, 8),
(748, 63, 121, 1, 9),
(748, 59, 122, 3, 10),
(748, 70, 105, 1, 11),
(748, 67, 143, 1, 12),
(748, 63, 160, 1, 13),
(748, 60, 104, 2, 14),
(748, 62, 119, 1, 15),
(748, 66, 75, 1, 16),
(748, 68, 98, 1, 17),
(748, 62, 117, 1, 18),
(748, 62, 109, 4, 19),
(748, 62, 92, 4, 20),
(748, 60, 99, 4, 21),
(748, 69, 70, 1, 22),
(748, 59, 121, 1, 23),
(748, 67, 137, 1, 24),
(748, 66, 74, 1, 25),
(748, 67, 145, 1, 26),
(748, 59, 130, 4, 27),
(748, 59, 138, 4, 28),
(749, 61, 106, 3, 1),
(749, 70, 20, 1, 2),
(749, 66, 24, 2, 3),
(749, 65, 17, 1, 4),
(749, 68, 116, 2, 5),
(749, 66, 89, 1, 6),
(749, 65, 106, 2, 7),
(749, 59, 122, 3, 8),
(749, 70, 105, 1, 9),
(749, 67, 143, 1, 10),
(749, 60, 104, 2, 11),
(749, 62, 119, 1, 12),
(749, 62, 117, 1, 13),
(749, 62, 109, 4, 14),
(749, 60, 99, 4, 15),
(749, 65, 92, 4, 16),
(749, 68, 102, 4, 17),
(749, 67, 149, 1, 18),
(749, 61, 89, 3, 19),
(749, 68, 99, 3, 20),
(749, 63, 137, 4, 21),
(749, 59, 134, 12, 22),
(750, 62, 26, 4, 1),
(750, 62, 44, 4, 2),
(750, 62, 42, 4, 3),
(750, 66, 10, 2, 4),
(750, 66, 9, 2, 5),
(750, 65, 106, 3, 6),
(750, 59, 122, 3, 7),
(750, 70, 105, 1, 8),
(750, 63, 160, 1, 9),
(750, 60, 104, 2, 10),
(750, 62, 119, 1, 11),
(750, 66, 75, 2, 12),
(750, 62, 109, 4, 13),
(750, 62, 92, 4, 14),
(750, 60, 99, 4, 15),
(750, 65, 92, 4, 16),
(750, 68, 109, 4, 17),
(750, 62, 106, 1, 18),
(750, 63, 127, 1, 19),
(750, 68, 99, 2, 20),
(750, 67, 137, 1, 21),
(750, 62, 93, 2, 22),
(750, 59, 130, 4, 23),
(751, 68, 66, 3, 1),
(751, 59, 55, 4, 2),
(751, 68, 64, 4, 3),
(751, 65, 106, 3, 4),
(751, 59, 122, 4, 5),
(751, 67, 143, 2, 6),
(751, 65, 107, 3, 7),
(751, 60, 104, 1, 8),
(751, 62, 119, 1, 9),
(751, 59, 129, 1, 10),
(751, 62, 109, 4, 11),
(751, 62, 92, 1, 12),
(751, 60, 99, 4, 13),
(751, 66, 76, 2, 14),
(751, 65, 92, 4, 15),
(751, 60, 96, 1, 16),
(751, 67, 149, 1, 17),
(751, 68, 97, 4, 18),
(751, 67, 137, 1, 19),
(751, 62, 93, 4, 20),
(751, 59, 136, 8, 21),
(752, 61, 106, 2, 1),
(752, 66, 93, 2, 2),
(752, 65, 101, 1, 3),
(752, 66, 89, 1, 4),
(752, 65, 106, 4, 5),
(752, 59, 122, 4, 6),
(752, 67, 143, 2, 7),
(752, 60, 104, 2, 8),
(752, 62, 119, 1, 9),
(752, 59, 129, 1, 10),
(752, 66, 75, 1, 11),
(752, 62, 117, 1, 12),
(752, 62, 109, 4, 13),
(752, 60, 99, 4, 14),
(752, 65, 92, 4, 15),
(752, 1006, 34, 4, 16),
(752, 61, 100, 4, 17),
(752, 63, 127, 1, 18),
(752, 59, 121, 2, 19),
(752, 68, 99, 2, 20),
(752, 67, 137, 2, 21),
(752, 65, 89, 2, 22),
(752, 64, 28, 1, 23),
(752, 59, 130, 4, 24),
(752, 65, 97, 4, 25),
(753, 62, 26, 4, 1),
(753, 62, 44, 4, 2),
(753, 62, 42, 4, 3),
(753, 65, 106, 4, 4),
(753, 59, 122, 2, 5),
(753, 67, 143, 1, 6),
(753, 63, 160, 1, 7),
(753, 60, 104, 1, 8),
(753, 66, 75, 2, 9),
(753, 62, 117, 1, 10),
(753, 62, 109, 4, 11),
(753, 62, 92, 4, 12),
(753, 60, 99, 4, 13),
(753, 65, 92, 4, 14),
(753, 68, 109, 4, 15),
(753, 67, 150, 1, 16),
(753, 62, 106, 1, 17),
(753, 1006, 36, 2, 18),
(753, 63, 127, 1, 19),
(753, 60, 97, 1, 20),
(753, 68, 99, 2, 21),
(753, 67, 137, 1, 22),
(753, 62, 93, 2, 23),
(753, 67, 145, 1, 24),
(753, 59, 130, 4, 25),
(754, 62, 26, 4, 1),
(754, 62, 44, 4, 2),
(754, 62, 42, 4, 3),
(754, 65, 106, 4, 4),
(754, 59, 122, 4, 5),
(754, 67, 143, 1, 6),
(754, 63, 160, 1, 7),
(754, 60, 104, 1, 8),
(754, 66, 75, 2, 9),
(754, 62, 117, 1, 10),
(754, 62, 109, 4, 11),
(754, 62, 92, 4, 12),
(754, 60, 99, 4, 13),
(754, 65, 92, 4, 14),
(754, 68, 109, 4, 15),
(754, 67, 150, 1, 16),
(754, 62, 106, 1, 17),
(754, 63, 127, 1, 18),
(754, 60, 97, 1, 19),
(754, 68, 99, 3, 20),
(754, 67, 137, 1, 21),
(754, 62, 93, 2, 22),
(754, 59, 130, 4, 23),
(755, 66, 3, 2, 1),
(755, 66, 2, 2, 2),
(755, 66, 1, 2, 3),
(755, 65, 101, 3, 4),
(755, 66, 93, 1, 5),
(755, 66, 30, 4, 6),
(755, 65, 106, 3, 7),
(755, 59, 122, 4, 8),
(755, 60, 104, 2, 9),
(755, 62, 117, 1, 10),
(755, 62, 92, 2, 11),
(755, 60, 99, 3, 12),
(755, 66, 76, 3, 13),
(755, 65, 92, 4, 14),
(755, 63, 122, 4, 15),
(755, 69, 70, 2, 16),
(755, 59, 124, 1, 17),
(755, 60, 97, 1, 18),
(755, 59, 121, 3, 19),
(755, 67, 137, 3, 20),
(755, 66, 74, 4, 21),
(755, 65, 97, 4, 22),
(755, 59, 136, 2, 23),
(756, 61, 106, 3, 1),
(756, 66, 24, 1, 2),
(756, 65, 17, 2, 3),
(756, 62, 65, 1, 4),
(756, 68, 116, 2, 5),
(756, 66, 89, 1, 6),
(756, 65, 106, 3, 7),
(756, 59, 122, 3, 8),
(756, 67, 143, 2, 9),
(756, 60, 104, 2, 10),
(756, 62, 119, 1, 11),
(756, 62, 117, 1, 12),
(756, 62, 109, 4, 13),
(756, 60, 99, 4, 14),
(756, 65, 92, 3, 15),
(756, 68, 102, 4, 16),
(756, 67, 149, 1, 17),
(756, 61, 89, 3, 18),
(756, 68, 99, 3, 19),
(756, 63, 137, 4, 20),
(756, 59, 134, 12, 21),
(757, 61, 106, 4, 1),
(757, 65, 17, 1, 2),
(757, 68, 116, 2, 3),
(757, 66, 89, 1, 4),
(757, 65, 106, 2, 5),
(757, 59, 122, 4, 6),
(757, 67, 143, 1, 7),
(757, 67, 148, 1, 8),
(757, 67, 136, 1, 9),
(757, 60, 104, 1, 10),
(757, 66, 75, 2, 11),
(757, 62, 117, 1, 12),
(757, 62, 109, 4, 13),
(757, 60, 99, 4, 14),
(757, 65, 92, 3, 15),
(757, 68, 102, 4, 16),
(757, 61, 89, 4, 17),
(757, 60, 97, 1, 18),
(757, 68, 99, 4, 19),
(757, 63, 137, 3, 20),
(757, 59, 134, 12, 21),
(758, 70, 85, 3, 1),
(758, 70, 84, 4, 2),
(758, 71, 110, 1, 3),
(758, 71, 74, 1, 4),
(758, 65, 40, 1, 5),
(758, 66, 89, 1, 6),
(758, 65, 106, 2, 7),
(758, 59, 122, 4, 8),
(758, 70, 105, 2, 9),
(758, 60, 104, 2, 10),
(758, 62, 119, 1, 11),
(758, 66, 75, 1, 12),
(758, 62, 117, 2, 13),
(758, 60, 105, 1, 14),
(758, 62, 109, 4, 15),
(758, 60, 99, 4, 16),
(758, 65, 92, 4, 17),
(758, 65, 86, 1, 18),
(758, 67, 149, 1, 19),
(758, 63, 127, 1, 20),
(758, 60, 97, 1, 21),
(758, 70, 92, 4, 22),
(758, 67, 137, 2, 23),
(758, 67, 145, 2, 24),
(758, 59, 130, 4, 25),
(758, 59, 139, 6, 26),
(759, 68, 41, 3, 1),
(759, 68, 40, 3, 2),
(759, 59, 41, 1, 3),
(759, 68, 39, 4, 4),
(759, 68, 38, 3, 5),
(759, 71, 96, 4, 6),
(759, 59, 122, 4, 7),
(759, 70, 105, 4, 8),
(759, 66, 69, 1, 9),
(759, 67, 136, 1, 10),
(759, 71, 113, 1, 11),
(759, 62, 109, 4, 12),
(759, 62, 92, 1, 13),
(759, 63, 161, 4, 14),
(759, 66, 76, 2, 15),
(759, 67, 149, 2, 16),
(759, 60, 97, 1, 17),
(759, 68, 97, 4, 18),
(759, 63, 137, 3, 19),
(759, 68, 113, 2, 20),
(759, 59, 134, 8, 21),
(760, 66, 3, 3, 1),
(760, 66, 2, 3, 2),
(760, 66, 1, 3, 3),
(760, 63, 145, 1, 4),
(760, 69, 28, 2, 5),
(760, 70, 20, 2, 6),
(760, 62, 65, 2, 7),
(760, 59, 144, 1, 8),
(760, 71, 110, 1, 9),
(760, 65, 106, 3, 10),
(760, 59, 122, 3, 11),
(760, 70, 105, 4, 12),
(760, 71, 103, 2, 13),
(760, 60, 104, 2, 14),
(760, 62, 117, 4, 15),
(760, 60, 99, 4, 16),
(760, 66, 76, 2, 17),
(760, 65, 92, 4, 18);
INSERT INTO `decks_lists` (`deck_id`, `set_id`, `card_number`, `quantity`, `card_order`) VALUES
(760, 66, 74, 4, 19),
(760, 67, 145, 1, 20),
(760, 59, 130, 4, 21),
(760, 59, 131, 4, 22),
(760, 59, 135, 1, 23),
(761, 66, 10, 4, 1),
(761, 66, 9, 4, 2),
(761, 59, 78, 3, 3),
(761, 62, 115, 1, 4),
(761, 60, 70, 1, 5),
(761, 67, 33, 2, 6),
(761, 67, 32, 2, 7),
(761, 66, 30, 4, 8),
(761, 65, 106, 1, 9),
(761, 59, 122, 3, 10),
(761, 70, 105, 2, 11),
(761, 63, 160, 1, 12),
(761, 67, 161, 1, 13),
(761, 60, 104, 2, 14),
(761, 66, 75, 1, 15),
(761, 62, 117, 1, 16),
(761, 62, 109, 4, 17),
(761, 62, 92, 4, 18),
(761, 60, 99, 4, 19),
(761, 69, 70, 1, 20),
(761, 71, 105, 1, 21),
(761, 59, 121, 2, 22),
(761, 67, 137, 2, 23),
(761, 59, 130, 4, 24),
(761, 59, 138, 5, 25),
(762, 70, 62, 1, 1),
(762, 62, 61, 4, 2),
(762, 62, 60, 4, 3),
(762, 70, 120, 2, 4),
(762, 71, 74, 2, 5),
(762, 62, 65, 2, 6),
(762, 71, 110, 1, 7),
(762, 65, 106, 2, 8),
(762, 59, 122, 4, 9),
(762, 70, 105, 3, 10),
(762, 60, 104, 2, 11),
(762, 62, 119, 1, 12),
(762, 62, 117, 2, 13),
(762, 62, 109, 4, 14),
(762, 62, 92, 1, 15),
(762, 60, 99, 4, 16),
(762, 68, 102, 4, 17),
(762, 68, 99, 3, 18),
(762, 67, 137, 3, 19),
(762, 65, 89, 1, 20),
(762, 59, 139, 10, 21),
(763, 62, 26, 4, 1),
(763, 62, 44, 4, 2),
(763, 62, 42, 4, 3),
(763, 66, 10, 3, 4),
(763, 66, 9, 3, 5),
(763, 65, 106, 3, 6),
(763, 59, 122, 3, 7),
(763, 70, 105, 1, 8),
(763, 63, 160, 1, 9),
(763, 60, 104, 1, 10),
(763, 66, 75, 1, 11),
(763, 62, 117, 1, 12),
(763, 62, 109, 4, 13),
(763, 62, 92, 4, 14),
(763, 60, 99, 4, 15),
(763, 65, 92, 4, 16),
(763, 68, 109, 4, 17),
(763, 71, 105, 1, 18),
(763, 67, 150, 1, 19),
(763, 63, 127, 1, 20),
(763, 62, 106, 1, 21),
(763, 60, 97, 1, 22),
(763, 62, 93, 2, 23),
(763, 59, 130, 4, 24),
(764, 62, 26, 4, 1),
(764, 62, 44, 4, 2),
(764, 62, 42, 4, 3),
(764, 70, 29, 2, 4),
(764, 65, 106, 3, 5),
(764, 59, 122, 3, 6),
(764, 70, 105, 1, 7),
(764, 63, 160, 1, 8),
(764, 60, 104, 2, 9),
(764, 66, 75, 2, 10),
(764, 71, 113, 1, 11),
(764, 62, 117, 1, 12),
(764, 62, 109, 4, 13),
(764, 62, 92, 4, 14),
(764, 60, 99, 4, 15),
(764, 65, 92, 3, 16),
(764, 68, 109, 4, 17),
(764, 71, 105, 1, 18),
(764, 63, 127, 1, 19),
(764, 62, 106, 1, 20),
(764, 60, 97, 1, 21),
(764, 68, 99, 2, 22),
(764, 62, 93, 3, 23),
(764, 59, 130, 4, 24),
(765, 68, 41, 3, 1),
(765, 68, 40, 3, 2),
(765, 59, 41, 1, 3),
(765, 68, 39, 4, 4),
(765, 68, 38, 3, 5),
(765, 71, 96, 3, 6),
(765, 59, 122, 4, 7),
(765, 70, 105, 3, 8),
(765, 66, 69, 1, 9),
(765, 65, 107, 1, 10),
(765, 67, 136, 1, 11),
(765, 68, 98, 1, 12),
(765, 62, 109, 4, 13),
(765, 63, 161, 4, 14),
(765, 60, 99, 2, 15),
(765, 66, 76, 1, 16),
(765, 65, 92, 3, 17),
(765, 60, 96, 1, 18),
(765, 67, 149, 1, 19),
(765, 60, 97, 1, 20),
(765, 68, 97, 3, 21),
(765, 63, 137, 4, 22),
(765, 59, 134, 8, 23),
(766, 66, 10, 4, 1),
(766, 66, 9, 4, 2),
(766, 71, 8, 3, 3),
(766, 71, 7, 4, 4),
(766, 62, 3, 4, 5),
(766, 66, 6, 1, 6),
(766, 66, 5, 1, 7),
(766, 65, 106, 3, 8),
(766, 59, 122, 4, 9),
(766, 70, 105, 2, 10),
(766, 67, 143, 2, 11),
(766, 60, 104, 1, 12),
(766, 62, 117, 1, 13),
(766, 62, 109, 4, 14),
(766, 62, 92, 2, 15),
(766, 60, 99, 4, 16),
(766, 66, 76, 2, 17),
(766, 69, 70, 1, 18),
(766, 71, 105, 1, 19),
(766, 68, 97, 4, 20),
(766, 66, 74, 4, 21),
(766, 59, 130, 4, 22),
(767, 61, 106, 4, 1),
(767, 62, 33, 2, 2),
(767, 62, 32, 3, 3),
(767, 62, 31, 4, 4),
(767, 66, 94, 1, 5),
(767, 65, 106, 2, 6),
(767, 59, 122, 4, 7),
(767, 70, 105, 4, 8),
(767, 67, 148, 1, 9),
(767, 60, 104, 2, 10),
(767, 68, 98, 1, 11),
(767, 62, 117, 2, 12),
(767, 62, 109, 4, 13),
(767, 60, 99, 4, 14),
(767, 67, 149, 1, 15),
(767, 61, 100, 4, 16),
(767, 60, 97, 1, 17),
(767, 68, 99, 3, 18),
(767, 63, 137, 2, 19),
(767, 63, 140, 2, 20),
(767, 59, 130, 4, 21),
(767, 59, 134, 5, 22),
(768, 68, 66, 3, 1),
(768, 59, 55, 4, 2),
(768, 68, 64, 4, 3),
(768, 65, 106, 3, 4),
(768, 59, 122, 4, 5),
(768, 70, 105, 3, 6),
(768, 65, 107, 1, 7),
(768, 66, 95, 4, 8),
(768, 60, 104, 1, 9),
(768, 62, 119, 1, 10),
(768, 59, 129, 2, 11),
(768, 62, 109, 4, 12),
(768, 62, 92, 1, 13),
(768, 66, 76, 2, 14),
(768, 65, 92, 3, 15),
(768, 67, 149, 2, 16),
(768, 1006, 34, 4, 17),
(768, 62, 97, 2, 18),
(768, 62, 93, 4, 19),
(768, 59, 136, 8, 20),
(769, 62, 26, 4, 1),
(769, 71, 42, 1, 2),
(769, 62, 44, 4, 3),
(769, 62, 42, 4, 4),
(769, 70, 29, 1, 5),
(769, 65, 106, 3, 6),
(769, 59, 122, 3, 7),
(769, 70, 105, 1, 8),
(769, 63, 160, 1, 9),
(769, 60, 104, 1, 10),
(769, 66, 75, 2, 11),
(769, 71, 113, 1, 12),
(769, 62, 117, 1, 13),
(769, 62, 109, 4, 14),
(769, 62, 92, 4, 15),
(769, 60, 99, 4, 16),
(769, 65, 92, 4, 17),
(769, 68, 109, 4, 18),
(769, 67, 150, 1, 19),
(769, 63, 127, 1, 20),
(769, 62, 106, 1, 21),
(769, 60, 97, 1, 22),
(769, 68, 99, 1, 23),
(769, 59, 121, 1, 24),
(769, 62, 93, 2, 25),
(769, 59, 130, 4, 26),
(769, 59, 135, 1, 27),
(770, 62, 26, 4, 1),
(770, 62, 44, 4, 2),
(770, 62, 42, 4, 3),
(770, 66, 10, 3, 4),
(770, 66, 9, 3, 5),
(770, 66, 30, 4, 6),
(770, 65, 106, 3, 7),
(770, 59, 122, 3, 8),
(770, 70, 105, 1, 9),
(770, 63, 160, 1, 10),
(770, 60, 104, 1, 11),
(770, 62, 119, 1, 12),
(770, 66, 75, 1, 13),
(770, 71, 113, 1, 14),
(770, 62, 109, 4, 15),
(770, 62, 92, 4, 16),
(770, 60, 99, 4, 17),
(770, 68, 109, 4, 18),
(770, 67, 150, 1, 19),
(770, 63, 127, 1, 20),
(770, 68, 99, 1, 21),
(770, 59, 121, 1, 22),
(770, 62, 93, 2, 23),
(770, 59, 130, 4, 24),
(771, 62, 120, 3, 1),
(771, 62, 113, 4, 2),
(771, 67, 55, 1, 3),
(771, 69, 28, 1, 4),
(771, 68, 57, 2, 5),
(771, 68, 56, 2, 6),
(771, 66, 89, 1, 7),
(771, 65, 106, 1, 8),
(771, 59, 122, 4, 9),
(771, 70, 105, 2, 10),
(771, 60, 104, 1, 11),
(771, 62, 119, 1, 12),
(771, 62, 117, 1, 13),
(771, 62, 109, 4, 14),
(771, 62, 92, 1, 15),
(771, 60, 99, 4, 16),
(771, 65, 92, 3, 17),
(771, 68, 102, 2, 18),
(771, 67, 149, 1, 19),
(771, 68, 103, 1, 20),
(771, 60, 97, 1, 21),
(771, 62, 100, 3, 22),
(771, 67, 137, 2, 23),
(771, 63, 137, 3, 24),
(771, 59, 130, 2, 25),
(771, 59, 135, 9, 26),
(772, 68, 41, 3, 1),
(772, 68, 40, 3, 2),
(772, 59, 41, 1, 3),
(772, 68, 39, 4, 4),
(772, 68, 38, 3, 5),
(772, 5006, 67, 1, 6),
(772, 71, 96, 4, 7),
(772, 59, 122, 4, 8),
(772, 70, 105, 3, 9),
(772, 66, 69, 1, 10),
(772, 67, 136, 1, 11),
(772, 71, 113, 1, 12),
(772, 62, 109, 4, 13),
(772, 62, 92, 1, 14),
(772, 63, 161, 4, 15),
(772, 66, 76, 2, 16),
(772, 65, 92, 3, 17),
(772, 59, 123, 1, 18),
(772, 63, 126, 1, 19),
(772, 67, 149, 2, 20),
(772, 67, 150, 1, 21),
(772, 60, 97, 1, 22),
(772, 59, 121, 1, 23),
(772, 63, 137, 2, 24),
(772, 68, 113, 1, 25),
(772, 59, 134, 7, 26),
(773, 62, 26, 4, 1),
(773, 62, 44, 4, 2),
(773, 62, 42, 4, 3),
(773, 70, 29, 2, 4),
(773, 65, 106, 3, 5),
(773, 59, 122, 3, 6),
(773, 70, 105, 1, 7),
(773, 63, 160, 1, 8),
(773, 60, 104, 1, 9),
(773, 62, 119, 1, 10),
(773, 66, 75, 2, 11),
(773, 71, 113, 1, 12),
(773, 62, 109, 4, 13),
(773, 62, 92, 4, 14),
(773, 60, 99, 4, 15),
(773, 65, 92, 4, 16),
(773, 68, 109, 4, 17),
(773, 71, 105, 1, 18),
(773, 63, 127, 1, 19),
(773, 60, 97, 1, 20),
(773, 68, 99, 2, 21),
(773, 67, 137, 1, 22),
(773, 62, 93, 3, 23),
(773, 59, 130, 4, 24),
(774, 59, 78, 2, 1),
(774, 68, 118, 2, 2),
(774, 66, 93, 2, 3),
(774, 68, 57, 2, 4),
(774, 68, 56, 2, 5),
(774, 66, 89, 1, 6),
(774, 65, 106, 2, 7),
(774, 59, 122, 4, 8),
(774, 70, 105, 2, 9),
(774, 60, 104, 2, 10),
(774, 62, 119, 1, 11),
(774, 71, 113, 1, 12),
(774, 62, 117, 1, 13),
(774, 62, 109, 4, 14),
(774, 60, 99, 4, 15),
(774, 65, 92, 2, 16),
(774, 68, 102, 4, 17),
(774, 67, 149, 1, 18),
(774, 68, 99, 3, 19),
(774, 67, 137, 3, 20),
(774, 67, 145, 1, 21),
(774, 68, 110, 1, 22),
(774, 65, 97, 3, 23),
(774, 59, 138, 10, 24),
(775, 68, 66, 3, 1),
(775, 59, 55, 4, 2),
(775, 68, 64, 4, 3),
(775, 65, 106, 3, 4),
(775, 59, 122, 4, 5),
(775, 70, 105, 1, 6),
(775, 65, 107, 4, 7),
(775, 60, 104, 1, 8),
(775, 62, 119, 1, 9),
(775, 59, 129, 2, 10),
(775, 62, 109, 4, 11),
(775, 60, 99, 4, 12),
(775, 65, 92, 4, 13),
(775, 67, 149, 1, 14),
(775, 1006, 34, 4, 15),
(775, 59, 124, 3, 16),
(775, 62, 97, 2, 17),
(775, 62, 93, 4, 18),
(775, 59, 136, 7, 19),
(776, 68, 66, 3, 1),
(776, 59, 55, 4, 2),
(776, 68, 64, 4, 3),
(776, 65, 106, 2, 4),
(776, 59, 122, 4, 5),
(776, 70, 105, 3, 6),
(776, 65, 107, 4, 7),
(776, 60, 104, 1, 8),
(776, 62, 119, 1, 9),
(776, 59, 129, 1, 10),
(776, 68, 98, 1, 11),
(776, 62, 109, 4, 12),
(776, 60, 99, 4, 13),
(776, 65, 92, 4, 14),
(776, 67, 149, 1, 15),
(776, 59, 124, 2, 16),
(776, 62, 97, 2, 17),
(776, 68, 97, 4, 18),
(776, 62, 93, 3, 19),
(776, 63, 140, 1, 20),
(776, 59, 136, 7, 21),
(777, 59, 78, 1, 1),
(777, 68, 118, 3, 2),
(777, 66, 93, 2, 3),
(777, 65, 103, 2, 4),
(777, 66, 89, 1, 5),
(777, 65, 106, 2, 6),
(777, 59, 122, 4, 7),
(777, 70, 105, 3, 8),
(777, 60, 104, 2, 9),
(777, 62, 119, 1, 10),
(777, 66, 75, 1, 11),
(777, 68, 98, 1, 12),
(777, 62, 109, 4, 13),
(777, 60, 99, 4, 14),
(777, 65, 92, 4, 15),
(777, 68, 102, 4, 16),
(777, 60, 97, 1, 17),
(777, 68, 99, 3, 18),
(777, 67, 137, 2, 19),
(777, 67, 145, 2, 20),
(777, 65, 97, 4, 21),
(777, 59, 138, 9, 22),
(778, 59, 78, 1, 1),
(778, 68, 118, 3, 2),
(778, 66, 93, 2, 3),
(778, 65, 103, 2, 4),
(778, 66, 89, 1, 5),
(778, 65, 106, 2, 6),
(778, 59, 122, 4, 7),
(778, 70, 105, 4, 8),
(778, 60, 104, 2, 9),
(778, 62, 119, 1, 10),
(778, 66, 75, 1, 11),
(778, 68, 98, 1, 12),
(778, 62, 109, 4, 13),
(778, 60, 99, 4, 14),
(778, 65, 92, 4, 15),
(778, 68, 102, 4, 16),
(778, 68, 99, 3, 17),
(778, 67, 137, 2, 18),
(778, 67, 145, 2, 19),
(778, 65, 97, 4, 20),
(778, 59, 138, 9, 21),
(779, 70, 62, 1, 1),
(779, 62, 61, 3, 2),
(779, 70, 61, 1, 3),
(779, 70, 60, 4, 4),
(779, 70, 120, 3, 5),
(779, 62, 65, 2, 6),
(779, 65, 106, 3, 7),
(779, 59, 122, 4, 8),
(779, 70, 105, 2, 9),
(779, 60, 104, 2, 10),
(779, 66, 75, 1, 11),
(779, 62, 117, 2, 12),
(779, 62, 109, 4, 13),
(779, 60, 99, 4, 14),
(779, 68, 102, 3, 15),
(779, 67, 149, 1, 16),
(779, 60, 97, 1, 17),
(779, 68, 99, 2, 18),
(779, 67, 133, 1, 19),
(779, 67, 137, 3, 20),
(779, 65, 89, 2, 21),
(779, 59, 139, 11, 22),
(780, 59, 78, 1, 1),
(780, 68, 118, 3, 2),
(780, 66, 93, 2, 3),
(780, 65, 103, 2, 4),
(780, 66, 89, 1, 5),
(780, 65, 106, 2, 6),
(780, 59, 122, 4, 7),
(780, 70, 105, 3, 8),
(780, 60, 104, 2, 9),
(780, 62, 119, 1, 10),
(780, 66, 75, 1, 11),
(780, 68, 98, 1, 12),
(780, 62, 109, 4, 13),
(780, 60, 99, 4, 14),
(780, 65, 92, 4, 15),
(780, 68, 102, 4, 16),
(780, 68, 99, 3, 17),
(780, 67, 137, 2, 18),
(780, 67, 145, 2, 19),
(780, 65, 97, 4, 20),
(780, 59, 138, 10, 21),
(781, 62, 26, 4, 1),
(781, 62, 44, 4, 2),
(781, 62, 42, 4, 3),
(781, 70, 29, 1, 4),
(781, 65, 106, 3, 5),
(781, 59, 122, 2, 6),
(781, 70, 105, 1, 7),
(781, 60, 104, 2, 8),
(781, 62, 119, 1, 9),
(781, 66, 75, 1, 10),
(781, 71, 113, 1, 11),
(781, 62, 117, 1, 12),
(781, 62, 109, 4, 13),
(781, 62, 92, 4, 14),
(781, 60, 99, 4, 15),
(781, 65, 92, 3, 16),
(781, 68, 109, 4, 17),
(781, 71, 105, 1, 18),
(781, 67, 150, 1, 19),
(781, 1006, 36, 1, 20),
(781, 62, 94, 1, 21),
(781, 62, 106, 1, 22),
(781, 60, 97, 1, 23),
(781, 68, 99, 2, 24),
(781, 67, 137, 1, 25),
(781, 62, 93, 3, 26),
(781, 59, 130, 4, 27),
(782, 5006, 8, 3, 1),
(782, 67, 94, 2, 2),
(782, 68, 57, 2, 3),
(782, 68, 56, 2, 4),
(782, 65, 106, 2, 5),
(782, 71, 114, 4, 6),
(782, 70, 105, 3, 7),
(782, 66, 78, 2, 8),
(782, 68, 98, 1, 9),
(782, 69, 68, 1, 10),
(782, 69, 73, 1, 11),
(782, 65, 110, 4, 12),
(782, 65, 93, 4, 13),
(782, 68, 102, 4, 14),
(782, 67, 149, 1, 15),
(782, 63, 162, 2, 16),
(782, 63, 127, 1, 17),
(782, 68, 99, 3, 18),
(782, 67, 137, 3, 19),
(782, 67, 145, 2, 20),
(782, 69, 74, 4, 21),
(782, 69, 81, 9, 22),
(783, 7, 15, 4, 1),
(783, 1, 20, 4, 2),
(783, 1, 71, 3, 3),
(783, 1, 88, 4, 4),
(783, 1, 91, 3, 5),
(783, 1, 74, 3, 6),
(783, 1, 81, 2, 7),
(783, 6, 19, 3, 8),
(783, 5, 16, 4, 9),
(783, 5, 76, 2, 10),
(783, 1, 79, 3, 11),
(783, 1, 92, 4, 12),
(783, 1, 93, 3, 13),
(783, 8, 93, 3, 14),
(783, 1, 78, 3, 15),
(783, 8, 97, 1, 16),
(783, 1, 100, 11, 17),
(784, 74, 140, 3, 1),
(784, 73, 101, 4, 2),
(784, 70, 105, 2, 3),
(784, 66, 78, 2, 4),
(784, 69, 73, 4, 5),
(784, 62, 119, 1, 6),
(784, 68, 98, 4, 7),
(784, 70, 124, 2, 8),
(784, 65, 110, 4, 10),
(784, 68, 109, 4, 11),
(784, 60, 92, 1, 12),
(784, 63, 162, 1, 13),
(784, 74, 163, 1, 14),
(784, 62, 106, 1, 15),
(784, 68, 103, 4, 16),
(784, 62, 97, 1, 17),
(784, 59, 121, 1, 18),
(784, 63, 140, 4, 19),
(784, 64, 28, 2, 20),
(784, 51, 92, 1, 21),
(784, 59, 140, 12, 22),
(785, 5006, 8, 3, 1),
(785, 67, 94, 2, 2),
(785, 68, 57, 2, 3),
(785, 68, 56, 2, 4),
(785, 65, 106, 2, 5),
(785, 71, 114, 4, 6),
(785, 70, 105, 2, 7),
(785, 66, 78, 2, 8),
(785, 69, 73, 1, 9),
(785, 68, 98, 1, 10),
(785, 69, 66, 1, 11),
(785, 65, 110, 4, 12),
(785, 65, 93, 4, 13),
(785, 66, 100, 3, 14),
(785, 68, 102, 4, 15),
(785, 63, 162, 2, 16),
(785, 68, 99, 3, 17),
(785, 67, 137, 3, 18),
(785, 67, 145, 2, 19),
(785, 69, 74, 4, 20),
(785, 69, 81, 9, 21),
(786, 73, 139, 4, 1),
(786, 69, 94, 1, 2),
(786, 70, 105, 3, 3),
(786, 68, 122, 2, 4),
(786, 66, 95, 2, 5),
(786, 66, 78, 1, 6),
(786, 69, 73, 4, 7),
(786, 68, 98, 1, 8),
(786, 73, 149, 1, 9),
(786, 70, 124, 1, 10),
(786, 66, 75, 2, 11),
(786, 69, 66, 1, 12),
(786, 65, 110, 4, 13),
(786, 73, 158, 2, 14),
(786, 67, 146, 1, 15),
(786, 68, 109, 4, 16),
(786, 66, 72, 1, 17),
(786, 69, 60, 4, 18),
(786, 63, 162, 2, 19),
(786, 63, 163, 2, 20),
(786, 68, 99, 3, 21),
(786, 63, 137, 4, 22),
(786, 69, 77, 10, 23),
(787, 69, 94, 4, 1),
(787, 69, 28, 2, 2),
(787, 70, 116, 1, 3),
(787, 73, 46, 1, 4),
(787, 73, 45, 1, 5),
(787, 65, 106, 1, 6),
(787, 71, 114, 4, 7),
(787, 70, 105, 4, 8),
(787, 71, 103, 2, 9),
(787, 66, 78, 2, 10),
(787, 69, 73, 3, 11),
(787, 73, 149, 2, 12),
(787, 69, 68, 2, 13),
(787, 65, 110, 4, 14),
(787, 65, 93, 4, 15),
(787, 66, 100, 3, 16),
(787, 67, 135, 1, 17),
(787, 63, 162, 3, 18),
(787, 68, 99, 2, 19),
(787, 67, 137, 2, 20),
(787, 63, 137, 2, 21),
(787, 69, 74, 4, 22),
(787, 67, 152, 4, 23),
(787, 69, 78, 2, 24),
(788, 68, 118, 4, 1),
(788, 69, 99, 2, 2),
(788, 65, 106, 3, 3),
(788, 71, 114, 4, 4),
(788, 70, 105, 3, 5),
(788, 66, 78, 3, 6),
(788, 66, 75, 2, 7),
(788, 65, 110, 3, 8),
(788, 65, 93, 4, 9),
(788, 66, 100, 4, 10),
(788, 68, 102, 4, 11),
(788, 63, 127, 3, 12),
(788, 63, 128, 3, 13),
(788, 68, 99, 2, 14),
(788, 67, 137, 1, 15),
(788, 68, 110, 2, 16),
(788, 69, 81, 13, 17),
(789, 73, 12, 4, 1),
(789, 73, 10, 4, 2),
(789, 73, 9, 4, 3),
(789, 66, 3, 2, 4),
(789, 66, 2, 2, 5),
(789, 66, 1, 2, 6),
(789, 5006, 157, 1, 7),
(789, 66, 94, 2, 8),
(789, 65, 106, 3, 9),
(789, 71, 114, 4, 10),
(789, 70, 105, 4, 11),
(789, 66, 78, 2, 12),
(789, 65, 93, 4, 13),
(789, 66, 76, 3, 14),
(789, 66, 100, 3, 15),
(789, 69, 70, 2, 16),
(789, 67, 137, 2, 17),
(789, 66, 74, 4, 18),
(789, 69, 74, 4, 19),
(789, 69, 75, 4, 20),
(790, 73, 12, 4, 1),
(790, 73, 10, 4, 2),
(790, 73, 9, 4, 3),
(790, 66, 3, 2, 4),
(790, 66, 2, 2, 5),
(790, 66, 1, 2, 6),
(790, 66, 94, 1, 7),
(790, 72, 51, 1, 8),
(790, 66, 24, 1, 9),
(790, 65, 106, 3, 10),
(790, 71, 114, 4, 11),
(790, 70, 105, 3, 12),
(790, 66, 78, 2, 13),
(790, 65, 93, 4, 14),
(790, 66, 76, 3, 15),
(790, 66, 100, 4, 16),
(790, 69, 70, 2, 17),
(790, 67, 137, 2, 18),
(790, 66, 74, 4, 19),
(790, 69, 74, 4, 20),
(790, 67, 152, 4, 21),
(791, 67, 160, 3, 1),
(791, 67, 164, 4, 2),
(791, 69, 94, 2, 3),
(791, 66, 89, 1, 4),
(791, 65, 106, 2, 5),
(791, 71, 114, 4, 6),
(791, 70, 105, 3, 7),
(791, 66, 78, 2, 8),
(791, 66, 75, 1, 9),
(791, 65, 110, 4, 10),
(791, 65, 93, 4, 11),
(791, 66, 100, 3, 12),
(791, 65, 86, 4, 13),
(791, 67, 149, 1, 14),
(791, 67, 144, 4, 15),
(791, 67, 137, 3, 16),
(791, 67, 145, 2, 17),
(791, 63, 139, 2, 18),
(791, 69, 74, 4, 19),
(791, 69, 79, 7, 20),
(792, 67, 160, 3, 1),
(792, 67, 164, 3, 2),
(792, 69, 94, 1, 3),
(792, 68, 57, 2, 4),
(792, 68, 56, 2, 5),
(792, 66, 89, 1, 6),
(792, 65, 106, 2, 7),
(792, 71, 114, 4, 8),
(792, 70, 105, 3, 9),
(792, 68, 122, 1, 10),
(792, 66, 78, 2, 11),
(792, 65, 110, 4, 12),
(792, 65, 93, 4, 13),
(792, 66, 100, 1, 14),
(792, 65, 86, 4, 15),
(792, 67, 149, 1, 16),
(792, 67, 144, 4, 17),
(792, 67, 137, 4, 18),
(792, 67, 145, 2, 19),
(792, 63, 139, 2, 20),
(792, 69, 74, 4, 21),
(792, 69, 79, 6, 22),
(793, 71, 115, 4, 1),
(793, 71, 25, 3, 2),
(793, 66, 89, 1, 3),
(793, 65, 106, 2, 4),
(793, 71, 114, 4, 5),
(793, 70, 105, 2, 6),
(793, 67, 136, 1, 7),
(793, 66, 78, 3, 8),
(793, 69, 66, 1, 9),
(793, 65, 110, 4, 10),
(793, 65, 93, 4, 11),
(793, 66, 100, 3, 12),
(793, 68, 102, 4, 13),
(793, 66, 99, 2, 14),
(793, 63, 127, 2, 15),
(793, 68, 99, 2, 16),
(793, 67, 137, 2, 17),
(793, 63, 138, 2, 18),
(793, 67, 145, 1, 19),
(793, 69, 76, 13, 20),
(794, 5006, 8, 4, 1),
(794, 68, 57, 2, 2),
(794, 68, 56, 3, 3),
(794, 5006, 67, 1, 4),
(794, 65, 106, 1, 5),
(794, 71, 114, 4, 6),
(794, 70, 105, 3, 7),
(794, 66, 69, 1, 8),
(794, 66, 78, 2, 9),
(794, 68, 98, 1, 10),
(794, 65, 110, 4, 11),
(794, 65, 93, 4, 12),
(794, 66, 100, 3, 13),
(794, 68, 102, 4, 14),
(794, 67, 150, 1, 15),
(794, 67, 149, 1, 16),
(794, 68, 99, 2, 17),
(794, 67, 137, 4, 18),
(794, 67, 145, 2, 19),
(794, 69, 74, 4, 20),
(794, 69, 81, 9, 21),
(795, 5006, 8, 4, 1),
(795, 71, 66, 1, 2),
(795, 67, 94, 2, 3),
(795, 69, 99, 1, 4),
(795, 68, 57, 2, 5),
(795, 68, 56, 2, 6),
(795, 5006, 67, 1, 7),
(795, 65, 106, 2, 8),
(795, 71, 114, 4, 9),
(795, 70, 105, 4, 10),
(795, 66, 78, 2, 11),
(795, 68, 98, 1, 12),
(795, 65, 110, 4, 13),
(795, 65, 93, 4, 14),
(795, 66, 100, 3, 15),
(795, 68, 102, 3, 16),
(795, 68, 99, 2, 17),
(795, 67, 137, 3, 18),
(795, 67, 145, 2, 19),
(795, 69, 74, 4, 20),
(795, 69, 81, 9, 21),
(796, 67, 107, 4, 1),
(796, 71, 42, 2, 2),
(796, 71, 41, 2, 3),
(796, 71, 115, 1, 4),
(796, 70, 119, 1, 5),
(796, 66, 89, 1, 6),
(796, 65, 106, 2, 7),
(796, 71, 114, 4, 8),
(796, 70, 105, 3, 9),
(796, 63, 160, 1, 10),
(796, 66, 78, 2, 11),
(796, 65, 110, 4, 12),
(796, 65, 93, 4, 13),
(796, 66, 100, 3, 14),
(796, 68, 102, 4, 15),
(796, 67, 149, 1, 16),
(796, 63, 163, 1, 17),
(796, 68, 99, 2, 18),
(796, 67, 137, 2, 19),
(796, 65, 89, 3, 20),
(796, 69, 74, 4, 21),
(796, 69, 83, 9, 22),
(797, 5006, 8, 4, 1),
(797, 68, 57, 2, 2),
(797, 68, 56, 3, 3),
(797, 72, 51, 1, 4),
(797, 65, 106, 1, 5),
(797, 71, 114, 4, 6),
(797, 70, 105, 3, 7),
(797, 66, 69, 1, 8),
(797, 66, 78, 2, 9),
(797, 68, 98, 1, 10),
(797, 65, 110, 4, 11),
(797, 65, 93, 4, 12),
(797, 66, 100, 2, 13),
(797, 68, 102, 4, 14),
(797, 67, 150, 1, 15),
(797, 67, 149, 1, 16),
(797, 63, 162, 1, 17),
(797, 68, 99, 2, 18),
(797, 67, 137, 4, 19),
(797, 67, 145, 2, 20),
(797, 69, 74, 4, 21),
(797, 69, 81, 9, 22),
(798, 5006, 8, 3, 1),
(798, 71, 66, 1, 2),
(798, 69, 99, 2, 3),
(798, 67, 94, 1, 4),
(798, 68, 57, 2, 5),
(798, 68, 56, 3, 6),
(798, 65, 106, 1, 7),
(798, 71, 114, 4, 8),
(798, 70, 105, 4, 9),
(798, 66, 78, 2, 10),
(798, 65, 110, 4, 11),
(798, 65, 93, 4, 12),
(798, 66, 100, 2, 13),
(798, 68, 102, 4, 14),
(798, 67, 149, 1, 15),
(798, 63, 162, 1, 16),
(798, 68, 99, 2, 17),
(798, 67, 137, 4, 18),
(798, 67, 145, 2, 19),
(798, 69, 74, 4, 20),
(798, 69, 81, 9, 21),
(799, 5006, 8, 2, 1),
(799, 71, 66, 1, 2),
(799, 69, 99, 4, 3),
(799, 70, 119, 1, 4),
(799, 5006, 67, 1, 5),
(799, 65, 106, 2, 6),
(799, 71, 114, 4, 7),
(799, 70, 105, 2, 8),
(799, 66, 78, 2, 9),
(799, 69, 73, 1, 10),
(799, 68, 98, 1, 11),
(799, 66, 75, 1, 12),
(799, 65, 110, 4, 13),
(799, 65, 93, 4, 14),
(799, 66, 100, 4, 15),
(799, 68, 102, 4, 16),
(799, 67, 149, 1, 17),
(799, 63, 162, 2, 18),
(799, 63, 163, 2, 19),
(799, 66, 73, 2, 20),
(799, 68, 110, 1, 21),
(799, 69, 74, 4, 22),
(799, 69, 81, 10, 23),
(800, 67, 55, 4, 1),
(800, 72, 40, 2, 2),
(800, 65, 21, 2, 3),
(800, 69, 28, 1, 4),
(800, 70, 29, 1, 5),
(800, 5006, 67, 1, 6),
(800, 65, 106, 2, 7),
(800, 71, 114, 4, 8),
(800, 70, 105, 3, 9),
(800, 72, 107, 1, 10),
(800, 66, 78, 2, 11),
(800, 68, 98, 1, 12),
(800, 66, 75, 1, 13),
(800, 65, 110, 4, 14),
(800, 65, 93, 4, 15),
(800, 66, 100, 3, 16),
(800, 68, 102, 4, 17),
(800, 63, 162, 1, 18),
(800, 63, 127, 1, 19),
(800, 63, 128, 1, 20),
(800, 68, 99, 3, 21),
(800, 63, 137, 1, 22),
(800, 67, 145, 2, 23),
(800, 69, 78, 11, 24),
(801, 5006, 8, 3, 1),
(801, 69, 99, 2, 2),
(801, 67, 94, 1, 3),
(801, 68, 57, 1, 4),
(801, 68, 56, 1, 5),
(801, 66, 89, 1, 6),
(801, 65, 106, 2, 7),
(801, 71, 114, 4, 8),
(801, 70, 105, 3, 9),
(801, 66, 78, 2, 10),
(801, 69, 66, 1, 11),
(801, 65, 110, 4, 12),
(801, 65, 93, 4, 13),
(801, 66, 100, 2, 14),
(801, 68, 102, 4, 15),
(801, 67, 149, 1, 16),
(801, 63, 162, 2, 17),
(801, 63, 127, 1, 18),
(801, 63, 128, 1, 19),
(801, 68, 99, 3, 20),
(801, 67, 137, 2, 21),
(801, 67, 145, 2, 22),
(801, 69, 74, 4, 23),
(801, 69, 81, 9, 24),
(802, 5006, 8, 3, 1),
(802, 67, 94, 2, 2),
(802, 69, 99, 1, 3),
(802, 68, 57, 2, 4),
(802, 68, 56, 2, 5),
(802, 5006, 67, 1, 6),
(802, 65, 106, 2, 7),
(802, 71, 114, 4, 8),
(802, 70, 105, 4, 9),
(802, 66, 78, 2, 10),
(802, 68, 98, 1, 11),
(802, 65, 110, 4, 12),
(802, 65, 93, 4, 13),
(802, 66, 100, 3, 14),
(802, 68, 102, 3, 15),
(802, 68, 99, 3, 16),
(802, 67, 137, 3, 17),
(802, 67, 145, 3, 18),
(802, 69, 74, 4, 19),
(802, 69, 81, 9, 20),
(803, 66, 24, 4, 1),
(803, 70, 116, 2, 2),
(803, 68, 57, 2, 3),
(803, 68, 56, 2, 4),
(803, 65, 106, 2, 5),
(803, 71, 114, 4, 6),
(803, 70, 105, 3, 7),
(803, 71, 103, 1, 8),
(803, 66, 78, 2, 9),
(803, 69, 73, 2, 10),
(803, 68, 98, 1, 11),
(803, 65, 110, 4, 12),
(803, 65, 93, 4, 13),
(803, 66, 100, 3, 14),
(803, 67, 149, 1, 15),
(803, 69, 60, 4, 16),
(803, 63, 162, 2, 17),
(803, 68, 99, 2, 18),
(803, 67, 137, 3, 19),
(803, 63, 137, 2, 20),
(803, 66, 73, 1, 21),
(803, 69, 74, 4, 22),
(803, 69, 77, 5, 23),
(804, 5006, 8, 3, 1),
(804, 67, 94, 2, 2),
(804, 68, 57, 2, 3),
(804, 68, 56, 2, 4),
(804, 5006, 114, 1, 5),
(804, 65, 106, 2, 6),
(804, 71, 114, 4, 7),
(804, 70, 105, 3, 8),
(804, 66, 78, 2, 9),
(804, 68, 98, 1, 10),
(804, 69, 68, 1, 11),
(804, 65, 110, 4, 12),
(804, 65, 93, 4, 13),
(804, 66, 100, 2, 14),
(804, 68, 102, 4, 15),
(804, 67, 149, 1, 16),
(804, 63, 162, 1, 17),
(804, 68, 99, 3, 18),
(804, 67, 137, 3, 19),
(804, 67, 145, 2, 20),
(804, 69, 74, 4, 21),
(804, 69, 81, 9, 22),
(805, 68, 41, 3, 1),
(805, 68, 40, 4, 2),
(805, 68, 39, 4, 3),
(805, 68, 38, 3, 4),
(805, 71, 96, 4, 5),
(805, 71, 114, 4, 6),
(805, 70, 105, 3, 7),
(805, 66, 69, 1, 8),
(805, 67, 136, 1, 9),
(805, 66, 78, 1, 10),
(805, 69, 73, 1, 11),
(805, 65, 110, 4, 12),
(805, 63, 161, 4, 13),
(805, 65, 93, 2, 14),
(805, 67, 149, 1, 15),
(805, 63, 162, 2, 16),
(805, 68, 103, 3, 17),
(805, 68, 97, 2, 18),
(805, 66, 73, 2, 19),
(805, 63, 140, 1, 20),
(805, 68, 113, 3, 21),
(805, 69, 77, 7, 22),
(806, 71, 115, 4, 1),
(806, 71, 25, 3, 2),
(806, 5006, 170, 1, 3),
(806, 66, 89, 1, 4),
(806, 65, 106, 2, 5),
(806, 71, 114, 4, 6),
(806, 70, 105, 2, 7),
(806, 67, 136, 1, 8),
(806, 66, 78, 2, 9),
(806, 68, 98, 1, 10),
(806, 71, 113, 1, 11),
(806, 65, 110, 4, 12),
(806, 65, 93, 4, 13),
(806, 66, 100, 4, 14),
(806, 68, 102, 4, 15),
(806, 66, 99, 2, 16),
(806, 63, 127, 2, 17),
(806, 68, 99, 2, 18),
(806, 67, 137, 2, 19),
(806, 63, 138, 1, 20),
(806, 65, 89, 1, 21),
(806, 69, 76, 12, 22),
(807, 71, 115, 4, 1),
(807, 71, 25, 3, 2),
(807, 66, 89, 1, 3),
(807, 65, 106, 2, 4),
(807, 71, 114, 4, 5),
(807, 70, 105, 2, 6),
(807, 67, 136, 1, 7),
(807, 66, 78, 2, 8),
(807, 68, 98, 1, 9),
(807, 71, 113, 1, 10),
(807, 65, 110, 4, 11),
(807, 65, 93, 4, 12),
(807, 66, 100, 3, 13),
(807, 68, 102, 4, 14),
(807, 66, 99, 3, 15),
(807, 63, 127, 2, 16),
(807, 68, 99, 2, 17),
(807, 67, 137, 3, 18),
(807, 67, 145, 2, 19),
(807, 69, 76, 12, 20),
(808, 73, 12, 4, 1),
(808, 73, 10, 4, 2),
(808, 73, 9, 4, 3),
(808, 66, 3, 2, 4),
(808, 66, 2, 2, 5),
(808, 66, 1, 2, 6),
(808, 66, 94, 1, 7),
(808, 72, 51, 1, 8),
(808, 69, 28, 1, 9),
(808, 65, 106, 3, 10),
(808, 71, 114, 4, 11),
(808, 70, 105, 3, 12),
(808, 66, 78, 3, 13),
(808, 65, 93, 4, 14),
(808, 66, 76, 3, 15),
(808, 66, 100, 4, 16),
(808, 69, 70, 2, 17),
(808, 67, 137, 2, 18),
(808, 66, 74, 4, 19),
(808, 69, 74, 4, 20),
(808, 67, 152, 3, 21),
(809, 5006, 8, 3, 1),
(809, 67, 94, 2, 2),
(809, 68, 57, 2, 3),
(809, 68, 56, 2, 4),
(809, 66, 89, 1, 5),
(809, 65, 106, 2, 6),
(809, 71, 114, 4, 7),
(809, 70, 105, 3, 8),
(809, 66, 78, 2, 9),
(809, 69, 73, 1, 10),
(809, 69, 66, 1, 11),
(809, 65, 110, 4, 12),
(809, 65, 93, 4, 13),
(809, 66, 100, 2, 14),
(809, 68, 102, 4, 15),
(809, 67, 149, 1, 16),
(809, 63, 162, 1, 17),
(809, 68, 99, 3, 18),
(809, 67, 137, 3, 19),
(809, 67, 145, 2, 20),
(809, 69, 74, 4, 21),
(809, 69, 75, 9, 22),
(810, 73, 12, 4, 1),
(810, 73, 10, 4, 2),
(810, 73, 9, 4, 3),
(810, 66, 3, 2, 4),
(810, 66, 1, 2, 6),
(810, 66, 94, 2, 7),
(810, 65, 106, 3, 8),
(810, 71, 114, 4, 9),
(810, 70, 105, 3, 10),
(810, 66, 78, 3, 11),
(810, 65, 93, 4, 12),
(810, 66, 76, 3, 13),
(810, 66, 100, 4, 14),
(810, 69, 70, 2, 15),
(810, 67, 137, 3, 16),
(810, 66, 74, 4, 17),
(810, 69, 74, 4, 18),
(810, 69, 75, 3, 19),
(811, 71, 115, 4, 1),
(811, 71, 25, 3, 2),
(811, 66, 89, 1, 3),
(811, 65, 106, 2, 4),
(811, 71, 114, 4, 5),
(811, 70, 105, 2, 6),
(811, 67, 136, 1, 7),
(811, 66, 78, 2, 8),
(811, 69, 66, 1, 9),
(811, 71, 113, 1, 10),
(811, 65, 110, 4, 11),
(811, 65, 93, 4, 12),
(811, 66, 100, 3, 13),
(811, 68, 102, 4, 14),
(811, 66, 99, 2, 15),
(811, 63, 162, 1, 16),
(811, 63, 127, 2, 17),
(811, 68, 99, 2, 18),
(811, 67, 137, 2, 19),
(811, 63, 138, 2, 20),
(811, 67, 145, 1, 21),
(811, 69, 76, 12, 22),
(812, 73, 12, 4, 1),
(812, 73, 10, 4, 2),
(812, 73, 9, 4, 3),
(812, 66, 3, 2, 4),
(812, 66, 2, 2, 5),
(812, 66, 1, 2, 6),
(812, 66, 94, 1, 7),
(812, 5006, 157, 1, 8),
(812, 73, 144, 1, 9),
(812, 65, 106, 3, 10),
(812, 71, 114, 4, 11),
(812, 70, 105, 3, 12),
(812, 66, 78, 3, 13),
(812, 65, 93, 4, 14),
(812, 66, 76, 3, 15),
(812, 66, 100, 4, 16),
(812, 69, 70, 2, 17),
(812, 67, 137, 2, 18),
(812, 66, 74, 4, 19),
(812, 69, 74, 4, 20),
(812, 69, 75, 3, 21),
(813, 73, 12, 4, 1),
(813, 73, 10, 4, 2),
(813, 73, 9, 4, 3),
(813, 66, 3, 2, 4),
(813, 66, 2, 2, 5),
(813, 66, 1, 2, 6),
(813, 69, 28, 2, 7),
(813, 70, 116, 1, 8),
(813, 73, 144, 1, 9),
(813, 65, 106, 2, 10),
(813, 71, 114, 4, 11),
(813, 70, 105, 3, 12),
(813, 71, 103, 1, 13),
(813, 66, 78, 2, 14),
(813, 69, 66, 1, 15),
(813, 65, 93, 4, 16),
(813, 66, 76, 3, 17),
(813, 66, 100, 4, 18),
(813, 69, 70, 1, 19),
(813, 67, 137, 1, 20),
(813, 66, 74, 4, 21),
(813, 69, 74, 4, 22),
(813, 67, 152, 4, 23),
(814, 73, 139, 4, 1),
(814, 69, 94, 1, 2),
(814, 70, 105, 4, 3),
(814, 68, 122, 2, 4),
(814, 66, 78, 2, 5),
(814, 69, 73, 4, 6),
(814, 73, 149, 2, 7),
(814, 68, 98, 2, 8),
(814, 70, 124, 1, 9),
(814, 66, 75, 1, 10),
(814, 69, 66, 1, 11),
(814, 65, 110, 4, 12),
(814, 73, 158, 2, 13),
(814, 67, 146, 1, 14),
(814, 68, 109, 4, 15),
(814, 66, 72, 1, 16),
(814, 69, 60, 4, 17),
(814, 63, 162, 1, 18),
(814, 63, 163, 1, 19),
(814, 68, 99, 3, 20),
(814, 67, 137, 1, 21),
(814, 63, 137, 4, 22),
(814, 69, 77, 10, 23),
(815, 67, 160, 3, 1),
(815, 67, 164, 3, 2),
(815, 69, 94, 3, 3),
(815, 73, 140, 1, 4),
(815, 73, 101, 1, 5),
(815, 66, 89, 1, 6),
(815, 65, 106, 2, 7),
(815, 71, 114, 4, 8),
(815, 70, 105, 3, 9),
(815, 66, 78, 2, 10),
(815, 66, 75, 1, 11),
(815, 65, 110, 3, 12),
(815, 65, 93, 4, 13),
(815, 66, 100, 3, 14),
(815, 65, 86, 4, 15),
(815, 67, 149, 1, 16),
(815, 67, 144, 4, 17),
(815, 67, 137, 3, 18),
(815, 63, 139, 2, 19),
(815, 67, 145, 1, 20),
(815, 69, 74, 4, 21),
(815, 69, 79, 7, 22),
(816, 73, 12, 4, 1),
(816, 73, 10, 4, 2),
(816, 73, 9, 4, 3),
(816, 66, 3, 2, 4),
(816, 66, 2, 2, 5),
(816, 66, 1, 2, 6),
(816, 66, 94, 1, 7),
(816, 5006, 157, 1, 8),
(816, 73, 144, 1, 9),
(816, 5006, 67, 1, 10),
(816, 65, 106, 2, 11),
(816, 71, 114, 4, 12),
(816, 70, 105, 3, 13),
(816, 73, 147, 1, 14),
(816, 66, 78, 2, 15),
(816, 65, 93, 4, 16),
(816, 66, 76, 3, 17),
(816, 66, 100, 4, 18),
(816, 69, 70, 1, 19),
(816, 67, 137, 3, 20),
(816, 66, 74, 4, 21),
(816, 69, 74, 4, 22),
(816, 69, 75, 3, 23),
(817, 73, 12, 4, 1),
(817, 73, 10, 4, 2),
(817, 73, 9, 4, 3),
(817, 66, 3, 2, 4),
(817, 66, 2, 2, 5),
(817, 66, 1, 2, 6),
(817, 66, 94, 2, 7),
(817, 5006, 157, 1, 8),
(817, 69, 28, 1, 9),
(817, 68, 117, 1, 10),
(817, 65, 106, 2, 11),
(817, 71, 114, 4, 12),
(817, 70, 105, 3, 13),
(817, 66, 78, 2, 14),
(817, 65, 93, 4, 15),
(817, 66, 76, 3, 16),
(817, 66, 100, 4, 17),
(817, 69, 70, 2, 18),
(817, 67, 137, 2, 19),
(817, 66, 74, 4, 20),
(817, 69, 74, 4, 21),
(817, 67, 152, 3, 22),
(818, 73, 140, 3, 1),
(818, 66, 26, 1, 2),
(818, 73, 101, 4, 3),
(818, 73, 12, 3, 4),
(818, 73, 10, 3, 5),
(818, 73, 9, 3, 6),
(818, 66, 94, 1, 7),
(818, 65, 106, 1, 8),
(818, 73, 113, 1, 9),
(818, 71, 114, 3, 10),
(818, 70, 105, 3, 11),
(818, 66, 78, 3, 12),
(818, 69, 66, 1, 13),
(818, 65, 110, 3, 14),
(818, 65, 93, 4, 15),
(818, 66, 76, 4, 16),
(818, 66, 100, 3, 17),
(818, 67, 137, 2, 18),
(818, 66, 74, 3, 19),
(818, 69, 74, 4, 20),
(818, 69, 79, 7, 21),
(819, 74, 140, 3, 1),
(819, 69, 24, 1, 2),
(819, 73, 101, 4, 3),
(819, 69, 94, 2, 4),
(819, 63, 147, 1, 5),
(819, 74, 55, 1, 6),
(819, 63, 121, 1, 7),
(819, 70, 105, 4, 8),
(819, 69, 69, 4, 9),
(819, 66, 78, 2, 10),
(819, 69, 73, 4, 11),
(819, 73, 149, 1, 12),
(819, 68, 98, 1, 13),
(819, 70, 124, 1, 14),
(819, 62, 119, 1, 15),
(819, 65, 110, 4, 17),
(819, 68, 109, 4, 18),
(819, 60, 92, 1, 19),
(819, 63, 162, 1, 20),
(819, 68, 103, 4, 21),
(819, 67, 137, 4, 22),
(819, 67, 145, 2, 23),
(819, 69, 74, 2, 24),
(819, 69, 83, 6, 25),
(820, 66, 21, 3, 1),
(820, 66, 19, 4, 2),
(820, 67, 33, 1, 3),
(820, 67, 32, 1, 4),
(820, 74, 64, 1, 5),
(820, 74, 62, 1, 6),
(820, 74, 137, 1, 7),
(820, 65, 106, 1, 8),
(820, 71, 114, 4, 9),
(820, 70, 105, 2, 10),
(820, 63, 160, 2, 11),
(820, 66, 78, 2, 12),
(820, 65, 110, 4, 13),
(820, 63, 161, 3, 14),
(820, 65, 93, 2, 15),
(820, 66, 76, 3, 16),
(820, 66, 100, 2, 17),
(820, 68, 109, 4, 18),
(820, 74, 130, 4, 19),
(820, 71, 105, 1, 20),
(820, 67, 150, 1, 21),
(820, 74, 121, 3, 22),
(820, 67, 137, 2, 23),
(820, 64, 32, 4, 24),
(820, 69, 74, 4, 25),
(821, 67, 160, 4, 1),
(821, 67, 164, 3, 2),
(821, 72, 103, 1, 3),
(821, 69, 94, 2, 4),
(821, 66, 89, 1, 5),
(821, 65, 106, 2, 6),
(821, 71, 114, 4, 7),
(821, 70, 105, 3, 8),
(821, 66, 78, 3, 9),
(821, 66, 75, 2, 10),
(821, 65, 110, 4, 11),
(821, 65, 93, 4, 12),
(821, 66, 100, 2, 13),
(821, 65, 86, 4, 14),
(821, 67, 144, 4, 15),
(821, 67, 137, 2, 16),
(821, 63, 139, 3, 17),
(821, 67, 145, 1, 18),
(821, 69, 74, 4, 19),
(821, 69, 79, 7, 20),
(822, 65, 105, 3, 1),
(822, 65, 104, 2, 2),
(822, 65, 60, 1, 3),
(822, 5006, 170, 1, 4),
(822, 71, 115, 1, 5),
(822, 73, 145, 1, 6),
(822, 73, 109, 1, 7),
(822, 72, 106, 1, 8),
(822, 66, 89, 2, 9),
(822, 65, 106, 4, 10),
(822, 71, 114, 3, 11),
(822, 70, 105, 1, 12),
(822, 68, 122, 1, 13),
(822, 66, 78, 2, 14),
(822, 66, 75, 1, 15),
(822, 65, 110, 4, 16),
(822, 65, 93, 4, 17),
(822, 66, 100, 3, 18),
(822, 65, 86, 3, 19),
(822, 68, 109, 2, 20),
(822, 67, 149, 1, 21),
(822, 63, 127, 1, 22),
(822, 65, 87, 3, 23),
(822, 67, 137, 2, 24),
(822, 65, 89, 4, 25),
(822, 69, 74, 4, 26),
(822, 69, 76, 4, 27);

INSERT INTO `decks_names` (`deck_id`, `identifier`, `name`, `description`) VALUES
(1, 'haymaker_clefable', 'Haymaker + Clefable [F][L]', ''),
(2, 'haymaker_clefable', 'Haymaker + Clefable [F][R]', ''),
(3, 'do_the_wave', 'Do the Wave [C][L][P]', ''),
(4, 'haymaker', 'Haymaker [F][L]', ''),
(5, 'do_the_wave', 'Do the Wave [C][L][P]', ''),
(6, 'haymaker_aerodactyl', 'Haymaker + Aerodactyl [F][L]', ''),
(7, 'energy_trans', 'Energy Trans [G]', ''),
(8, 'do_the_wave', 'Do the Wave [C][R][L]', ''),
(9, 'do_the_wave', 'Do the Wave [C][L]', ''),
(10, 'do_the_wave', 'Do the Wave [C][F][L]', ''),
(11, 'haymaker_brock_sandslash', 'Haymaker + B''s Sandslash [F][R]', ''),
(12, 'haymaker_dodrio', 'Haymaker + Dodrio [F][L]', ''),
(13, 'do_the_wave', 'Do the Wave [C][R][L]', ''),
(14, 'rain_dance_do_the_wave', 'Rain Dance + Do the Wave [W][C]', ''),
(15, 'haymaker_arcanine', 'Haymaker + Arcanine [R][L]', ''),
(16, 'do_the_wave', 'Do the Wave [C][G][L]', ''),
(17, 'rain_dance', 'Rain Dance [W]', ''),
(18, 'haymaker', 'Haymaker [F][R]', ''),
(19, 'rain_dance', 'Rain Dance [W]', ''),
(20, 'do_the_wave_clefable', 'Do the Wave + Clefable [C][R][P]', ''),
(21, 'do_the_wave', 'Do the Wave [C][L]', ''),
(22, 'do_the_wave', 'Do the Wave [C][F][L]', ''),
(23, 'do_the_wave_dodrio', 'Do the Wave + Dodrio [C][L][P]', ''),
(24, 'haymaker', 'Haymaker [F][L]', ''),
(25, 'rain_dance', 'Rain Dance [W]', ''),
(26, 'slowking_dark_fera', 'Dark Feraligatr + Slowking [W]', ''),
(27, 'babyporter', 'Babyporter + Slowking [F]', ''),
(28, 'slowking_dark_fera', 'Dark Feraligatr + Slowking [W]', ''),
(29, 'kingdra_steelix', 'Kingdra Center + Steelix [W][M]', ''),
(30, 'enteicargo', 'EnteiCargo [R]', ''),
(31, 'kingdra_steelix', 'Kingdra Steelix [W][M]', ''),
(32, 'espeon_umbreon_slowking', 'Espeon Umbreon + Slowking [P][D]', ''),
(33, 'dark_feraligatr_slowking', 'Dark Feraligatr + Slowking [W][D]', ''),
(34, 'sneasel_slowking', 'Sneasel / Slowking [D]', ''),
(35, 'metal_chansey', 'Metal Chansey [C][G]', ''),
(36, 'the_sponge', 'The Sponge [L][P]', ''),
(37, 'smf', 'SMF [M][G][W]', ''),
(38, 'donphan_pls_accelgor_sub', 'Donphan / Accelgor + Sub [F][G]', ''),
(39, 'm_manectric_ex_landorus_ex', 'M Manectric-EX / Landorus-EX [L][F]', ''),
(40, 'm_manectric_ex_virgen', 'M Manectric-EX / VirGen [L][G]', ''),
(41, 'empoleon_miltank', 'Empoleon / Miltank / Dusknoir [W][C]', ''),
(42, 'donphan_pls_hammers', 'Donphan Hammers [F]', ''),
(43, 'm_manectric_ex_kyurem', 'M Manectric EX / Kyurem [L][W]', ''),
(44, 'plasma_tdk_absol', 'Plasma TDK + Absol [L][P][W][D]', ''),
(45, 'donphan_pls', 'Donphan [F]', ''),
(46, 'yveltal_ex_garbodor', 'Yveltal-EX / Garbodor [D]', ''),
(47, 'virgen_raichu', 'VirGen + Raichu [G][L]', ''),
(48, 'yveltal_ex_garbodor', 'Yveltal-EX / Garbodor [D]', ''),
(49, 'donphan_and_dragons', 'Donphan &amp; Dragons [F][R][L][W]', ''),
(50, 'empoleon_miltank_dusknoir', 'Empoleon / Miltank / Dusknoir [W][C]', ''),
(51, 'plasma_lugia', 'Plasma Lugia [C][L][P][W][G]', ''),
(52, 'seismitoad_ex_garbodor', 'Seismitoad-EX / Garbodor [W][R]', ''),
(53, 'yveltal_ex_garbodor', 'Yveltal-EX / Garbodor [D]', ''),
(54, 'yveltal_ex_garbodor', 'Yveltal-EX / Garbodor [D]', ''),
(55, 'plasma_lugia_glaceon', 'Plasma Lugia + Glaceon [C][L][P][W]', ''),
(56, 'pyroar_seismitoad_ex', 'Pyroar / Seismitoad-EX [R][W][P]', ''),
(57, 'plasma_lugia', 'Plasma Lugia [C][L][P][D]', ''),
(58, 'virgen_drifblim', 'VirGen + Drifblim [G][P]', ''),
(59, 'landorus_ex_m_lucario_ex', 'Landorus-EX / M Lucario-EX [F]', ''),
(60, 'seismitoad_ex_garbodor', 'Seismitoad-EX / Garbodor [W]', ''),
(61, 'virgen', 'VirGen [G]', ''),
(62, 'virgen_drifblim', 'VirGen + Drifblim [G][P]', ''),
(63, 'aromatisse_ex_toolbox', 'Aromatisse / EX Toolbox [rbw]', ''),
(64, 'virgen_drifblim', 'VirGen + Drifblim [G][P]', ''),
(65, 'trevenant_accelgor', 'Trevenant / Accelgor [G][P]', ''),
(66, 'blastoise_keldeo_blk_kyurem', 'Blastoise / Keldeo / Kyurem-B [W][N]', ''),
(67, 'ex_toolbox', 'EX Toolbox [rbw]', ''),
(68, 'yveltal_ex_garbodor', 'Yveltal-EX / Garbodor [D]', ''),
(69, 'plasma_tdk_latias_ex', 'Plasma TDK + Latias-EX [L][P][W][N]', ''),
(70, 'yveltal_ex_garbodor', 'Yveltal-EX / Garbodor [D][P]', ''),
(71, 'aromatisse_ex_toolbox', 'Aromatisse / EX Toolbox [rbw]', ''),
(72, 'yveltal_ex_garbodor', 'Yveltal-EX / Garbodor [D][C]', ''),
(73, 'empoleon_infernape', 'Empoleon / Infernape [W][R]', ''),
(74, 'flyvees', 'Flyvees [P][L][W][D]', ''),
(75, 'scizor_ex', 'Scizor ex [M]', ''),
(76, 'legendary_ascent', 'Legendary Ascent [D][L][P][W]', ''),
(77, 'rayeels_v_create', 'RayEels + V-Create [N][L][R]', ''),
(78, 'gothtelle_accelgor', 'Gothtelle / Accelgor [G][P]', ''),
(79, 'darkrai_ex_junk_hunt', 'Darkrai-EX / Junk Hunt [D]', ''),
(80, 'plasma_tdk', 'Plasma TDK [L][P][W]', ''),
(81, 'darkrai_ex_shaymin_dark_patch', 'Pesadelo Prism [D][P][F]', ''),
(82, 'terraki_mewtwo', 'Terraki-Mewtwo [P][F]', ''),
(83, 'eeltwo', 'EelTwo [L][P]', ''),
(84, 'yveltal_ex_garbodor', 'Yveltal-EX / Garbodor [D][P]', ''),
(85, 'donphan_pls_trevenant', 'Donphan PLS / Trevenant [F]', ''),
(86, 'yveltal_ex_garbodor', 'Yveltal-EX / Garbodor [D][P]', ''),
(87, 'plasma_lugia', 'Plasma Lugia [C][L][P][W]', ''),
(88, 'virgen_golbat', 'VirGen + Golbat [G][P]', ''),
(89, 'metal_zapdos', 'Metal Zapdos [L]', ''),
(90, 'doom_buzz_muk', 'Doom Buzz Muk [R][D][L]', ''),
(91, 'tsunami', 'Tsunami [W][P]', ''),
(92, 'blaziken_tech', 'Blaziken Tech [R][L][D]', ''),
(93, 'magma_spirit', 'Magma Spirit [F][D][P][R]', ''),
(94, 'rocky_beach', 'Rocky Beach [W][F][L]', ''),
(95, 'team_rushdown', 'Team Rushdown [P][L]', ''),
(96, 'gorepluff', 'GorePluff [W][G]', ''),
(97, 'crobyss', 'CroByss [W][G]', ''),
(98, 'team_magma', 'Team Magma [F][D][P][R]', ''),
(99, 'swampert', 'Swampert [W][F]', ''),
(100, 'blaziken_delcatty', 'Blaziken / Delcatty [R]', ''),
(101, 'team_magma', 'Team Magma [F][D][P][R]', ''),
(102, 'team_magma', 'Team Magma [F][D][P][R]', ''),
(103, 'team_magma', 'Team Magma [F][D][P][R]', ''),
(104, 'goredevoir', 'Goredevoir [W][P]', ''),
(105, 'zapturndos', 'ZapTurnDos [L]', ''),
(106, 'bright_aura', 'Bright Aura [F][P][M]', ''),
(107, 'dark_tyranitar', 'Dark Tyranitar [D][F]', ''),
(108, 'king_of_the_west', 'King of the West [W][R][F]', ''),
(109, 'queendom', 'Queendom [F]', ''),
(110, 'queendom', 'Queendom [F]', ''),
(111, 'queendom', 'Queendom [F]', ''),
(112, 'powcham', 'PowCham [F][P][M]', ''),
(113, 'bombtar', 'BombTar [D][L][R]', ''),
(114, 'dark_tyranitar', 'Dark Tyranitar [D][F][R]', ''),
(115, 'zre', 'ZRE [L][R][C]', ''),
(116, 'ludicargo_ninetales', 'LudiCargo + Ninetales [W][R]', ''),
(117, 'dragtrode_r_sneasel_ex', 'DragTrode + R’s Sneasel ex [D][L]', ''),
(118, 'bls', 'BLS [C][W][M]', ''),
(119, 'eeveelutions', 'Eeveelutions [rbw]', ''),
(120, 'suns_and_moons', 'Suns &amp; Moons [F][P]', ''),
(121, 'mewtrick', 'Mewtrick [L][P][F]', ''),
(122, 'rambolt', 'Rambolt [P][F]', ''),
(123, 'swift_empoleon', 'Swift Empoleon [W]', ''),
(124, 'riptide_skarmory', 'Riptide + Skarmory [W][M]', ''),
(125, 'sneasel_rocket_s_zapdos', 'Sneasel / Rocket''s Zapdos', ''),
(126, 'typhlo_blaine_s_rk9', 'Typhlo / Blaine''s RK9 [R]', ''),
(127, 'riptide', 'Riptide [W]', ''),
(128, 'bliss_control', 'Bliss Control [C]', ''),
(129, 'empotech', 'Empotech [W][P]', ''),
(130, 'intimidation', 'Intimidation [M][P][L]', ''),
(131, 'psychic_lock', 'Psychic Lock [P][F]', ''),
(132, 'stallgon', 'Stallgon [C][F][P]', ''),
(133, 'crowned_tiger', 'Crowned Tiger [L][P][D][F]', ''),
(134, 'queengar', 'Queengar [P]', ''),
(135, 'luxdrill', 'Luxdrill [G][L]', ''),
(136, 'luxchomp_of_the_spirit', 'LuxChomp of the Spirit [L][C][M]', ''),
(137, 'happy_luck', 'Happy Luck [W]', ''),
(138, 'power_cottonweed', 'Power Cottonweed [G]', ''),
(139, 'boltevoir', 'Boltevoir [P][F]', ''),
(140, 'turbozone_electrode', 'TurboZone + Electrode [L]', ''),
(141, 'luxchomp', 'LuxChomp [L][C][D]', ''),
(142, 'luxchomp', 'LuxChomp [L][C][P]', ''),
(143, 'virgen_leafeon', 'VirGen + Leafeon [G]', ''),
(144, 'haymaker', 'Haymaker [F][L]', ''),
(145, 'do_the_wave', 'Do the Wave [C][G]', ''),
(146, 'do_the_wave', 'Do the Wave [C][G]', ''),
(147, 'wigglymaker', 'Do the Wave [C][F][G]', ''),
(148, 'magmar_lock', 'Magmar Lock [R]', ''),
(149, 'do_the_wave', 'Do the Wave [C][P][G]', ''),
(150, 'do_the_wave_trapper', 'Do the Wave / Trapper [C][F][G]', ''),
(151, 'sponge_hitmonchan', 'Sponge + Hitmonchan [P][F][G]', ''),
(152, 'do_the_wave', 'Do the Wave [C][G]', ''),
(153, 'active_stall_hitmonchan', 'Active Stall + Hitmonchan [R][F][G]', ''),
(154, 'haymaker', 'Haymaker [F][L][G]', ''),
(155, 'do_the_wave', 'Do the Wave [C][F][P]', ''),
(156, 'do_the_wave', 'Do the Wave [C][L][G]', ''),
(157, 'do_the_wave', 'Do the Wave [C][F][P]', ''),
(158, 'active_stall_hitmonchan', 'Active Stall + Hitmonchan [R][F]', ''),
(159, 'rain_dance', 'Rain Dance [W]', ''),
(160, 'sponge', 'Sponge [L][P][G]', ''),
(161, 'do_the_wave', 'Do the Wave [C][G]', ''),
(162, 'haymaker', 'Haymaker [F][L][G]', ''),
(163, 'do_the_wave', 'Do the Wave [C][L][G]', ''),
(164, 'do_the_wave', 'Do the Wave [C][P][G]', ''),
(165, 'haymaker', 'Haymaker [F][L][G]', ''),
(166, 'do_the_wave', 'Do the Wave [C][F][R][G]', ''),
(167, 'do_the_wave', 'Do the Wave [C][P][G]', ''),
(168, 'potpourri', 'Potpourri [L][R][P][G]', ''),
(169, 'potpourri', 'Potpourri [L][R][P][G]', ''),
(170, 'sponge_hitmonchan', 'Sponge + Hitmonchan [P][F][G]', ''),
(171, 'haymaker_clefable', 'Haymaker + Clefable [F][L][G]', ''),
(172, 'haymaker', 'Haymaker [F][L][G]', ''),
(173, 'do_the_wave', 'Do the Wave [C][F][R][G]', ''),
(174, 'rain_dance', 'Rain Dance [W]', ''),
(175, 'do_the_wave', 'Do the Wave [C][F][L][G]', ''),
(176, 'zappy_trappy', 'Zappy Trappy [L][G]', ''),
(177, 'megazone', 'Megazone [L][G]', ''),
(178, 'reshiphlosion', 'Reshiphlosion [R]', ''),
(179, 'the_truth', 'The Truth [F][L][W][R]', ''),
(180, 'twinboar', 'Twinboar [R][L][P][C]', ''),
(181, 'cmt', 'CMT [P][F][G][C]', ''),
(182, 'duplicate_sealed', 'Duplicate Sealed [W][F]', ''),
(183, 'scizor_sneasel', 'Scizor / Sneasel [D][M][G]', ''),
(184, 'magnerock', 'Magnerock [L][F]', ''),
(185, 'donphan_pls_wobbuffet', 'Donphan PLS + Wobbuffet [F][P]', ''),
(186, 'donphan_pls_wobbuffet', 'Donphan PLS + Wobbuffet [F][P]', ''),
(187, 'donphan_pls_wobbuffet', 'Donphan PLS + Wobbuffet [F][P]', ''),
(188, 'donphan_pls_wobbuffet', 'Donphan PLS + Wobbuffet [F][P]', ''),
(189, 'tool_drop', 'Tool Drop [P]', ''),
(190, 'virgen_crobat', 'VirGen + Crobat [G][P]', ''),
(191, 'speed_darkrai', 'Speed Darkrai [D]', ''),
(192, 'yveltal_ex_toad_ex', 'Yveltal-EX / Toad-EX [D][W]', ''),
(193, 'huntail_ho_oh_ex', 'Huntail / Ho-Oh-EX [W][R]', ''),
(194, 'metal_links', 'Metal Links [M][W][P]', ''),
(195, 'yveltal_ex_archeops', 'Yveltal-EX + Archeops [D]', ''),
(196, 'lando_bats', 'Lando Bats [F][P]', ''),
(197, 'xerneas_m_gardevoir_ex', 'Xerneas / M Gardevoir EX [Y]', ''),
(198, 'xerneas_m_gardevoir_ex', 'Xerneas / M Gardevoir EX [Y]', ''),
(199, 'metal_links_manectric_ex', 'Metal Links + Manectric-EX [M][L]', ''),
(200, 'lando_bats', 'Lando Bats [F][P]', ''),
(201, 'lando_bats', 'Lando Bats [F][P]', ''),
(202, 'night_march', 'Night March [P][L]', ''),
(203, 'haymaker', 'Haymaker [F][L]', ''),
(204, 'dusknoir_trevenant', 'Dusknoir / Trevenant [P]', ''),
(205, 'defensive_fairy', 'Defensive Fairy [Y][P]', ''),
(206, 'lando_bats', 'Lando Bats [F][P]', ''),
(207, 'lando_bats', 'Lando Bats [F][P][L]', ''),
(208, 'seismitoad_ex_slurpuff', 'Seismitoad-EX / Slurpuff [W]', ''),
(209, 'flareon_empoleon_archie', 'Flareon / Empoleon (Archie) [R][G][W]', ''),
(210, 'flareon_empoleon_archie', 'Flareon / Empoleon (Archie) [R][G][W]', ''),
(211, 'rain_dance', 'Rain Dance [W]', ''),
(212, 'night_march', 'Night March [P][L][G]', ''),
(213, 'seismitoad_ex_slurpuff', 'Seismitoad-EX / Slurpuff [W][R]', ''),
(214, 'seismitoad_ex_slurpuff', 'Seismitoad-EX / Slurpuff [W][R]', ''),
(215, 'seismitoad_ex_slurpuff', 'Seismitoad-EX / Slurpuff [W]', ''),
(216, 'flareon_slurpuff', 'Flareon / Slurpuff [R][G]', ''),
(217, 'seismitoad_ex_garbodor', 'Seismitoad-EX / Garbodor [W][P]', ''),
(218, 'lando_bats', 'Lando Bats [F][P]', ''),
(219, 'primal_groudon_ex_masquerain', 'Primal Groudon-EX / Masquerain [F]', ''),
(220, 'haymaker_dodrio', 'Haymaker + Dodrio [F][L][G]', ''),
(221, 'dragtrode_r_sneasel_ex', 'DragTrode + R’s Sneasel ex [D][L]', ''),
(222, 'blastoise_ex_magneton', 'Blastoise ex / Magneton [W][L]', ''),
(223, 'quad_lucario', 'Quad Lucario [F]', ''),
(224, 'metal_links_mewtwo_ex', 'Metal Links + Mewtwo-EX [M][P]', ''),
(225, 'yveltal_ex_garbodor_toad', 'Yveltal-EX / Garbodor / Toad [D][W]', ''),
(226, 'yveltal_ex_garbodor_toad', 'Yveltal-EX / Garbodor / Toad [D][W]', ''),
(227, 'do_the_wave', 'Do the Wave [C][F][G]', ''),
(228, 'do_the_wave', 'Do the Wave [C][L][G]', ''),
(229, 'do_the_wave', 'Do the Wave [C][F][G]', ''),
(230, 'do_the_wave', 'Do the Wave [C][F][L][G]', ''),
(231, 'empoleon_miltank', 'Empoleon / Miltank [W][C]', ''),
(232, 'donphan_pls_hawlucha', 'Donphan / Hawlucha + Sub [F]', ''),
(233, 'donphan_hawlucha_sub', 'Donphan / Hawlucha + Sub [F][P][W]', ''),
(234, 'toad_malamar_ex_aromatisse', 'Toad / Malamar-EX / Aromatisse [rbw]', ''),
(235, 'lando_ex_raichu_garbo', 'Lando-EX / Raichu / Garbo [F][L][P]', ''),
(236, 'night_march_flareon', 'Night March + Flareon [P][L][R][G]', ''),
(237, 'pyroar_charizard_ex', 'Pyroar / Charizard-EX [R][P]', ''),
(238, 'yveltal_ex_garbodor', 'Yveltal-EX / Garbodor [D]', ''),
(239, 'plasma_tdk', 'Plasma TDK [L][P][W][G]', ''),
(240, 'plasma_tdk_genesect_ex', 'Plasma TDK + Genesect-EX [L][P][W][G]', ''),
(241, 'empoleon_miltank', 'Empoleon / Miltank [W][C]', ''),
(242, 'virgen_raichu', 'VirGen + Raichu [G][L]', ''),
(243, 'virgen', 'VirGen [G]', ''),
(244, 'virgen', 'VirGen [G]', ''),
(245, 'pyroar_seismitoad_ex', 'Pyroar / Seismitoad-EX [R][W][P]', ''),
(246, 'yveltal_ex', 'Yveltal-EX [D]', ''),
(247, 'pyroar_mewtwo_ex', 'Pyroar / Mewtwo-EX [R][P]', ''),
(248, 'pyroar_charizard_ex', 'Pyroar / Charizard-EX [R][P]', ''),
(249, 'virgen_raichu', 'VirGen + Raichu [G][L]', ''),
(250, 'yveltal_ex_raichu', 'Yveltal-EX / Raichu [D][L]', ''),
(251, 'yveltal_ex_raichu', 'Yveltal-EX / Raichu [D][L]', ''),
(252, 'm_manectric_ex_kyurem', 'M Manectric EX / Kyurem [L][W][N]', ''),
(253, 'haymaker', 'Haymaker [F][L]', ''),
(254, 'haymaker', 'Haymaker [F][P]', ''),
(255, 'rain_dance', 'Rain Dance [W]', ''),
(256, 'magmar_buzz_e_dratini', 'Magmar / Buzz / E''s Dratini [R][L]', ''),
(257, 'haymaker', 'Haymaker [R][L][G]', ''),
(258, 'haymaker', 'Haymaker [F][L]', ''),
(259, 'haymaker', 'Haymaker [F][L]', ''),
(260, 'haymaker', 'Haymaker [F][L]', ''),
(261, 'haymaker', 'Haymaker [F][L]', ''),
(262, 'foir_fouille_sponge', 'Foir'' Fouille (Sponge) [P][G]', ''),
(263, 'virgen_raichu', 'VirGen + Raichu [G][L]', ''),
(264, 'blastoise_archie', 'Blastoise / Archie [W]', ''),
(265, 'haymaker', 'Haymaker [F][L]', ''),
(266, 'do_the_wave', 'Do the Wave [F][L]', ''),
(267, 'haymaker', 'Haymaker [F][L]', ''),
(268, 'haymaker', 'Haymaker [F][G]', ''),
(269, 'haymaker', 'Haymaker [L][G]', ''),
(270, 'metal_links_mewtwo_ex', 'Metal Links + Mewtwo-EX [M][P]', ''),
(271, 'weird_haymaker', 'Weird Haymaker [L][G]', ''),
(272, 'haymaker', 'Haymaker [F][L]', ''),
(273, 'haymaker', 'Haymaker [F][L][P]', ''),
(274, 'haymaker', 'Haymaker [F][L]', ''),
(275, 'haymaker', 'Haymaker [F][L]', ''),
(276, 'haymaker_dragonair', 'Haymaker + Dragonair [F][L]', ''),
(277, 'haymaker', 'Haymaker [F][L]', ''),
(278, 'haymaker', 'Haymaker [F][P]', ''),
(279, 'haymaker', 'Haymaker [F][L]', ''),
(280, 'haymaker', 'Haymaker [F][G][R]', ''),
(281, 'haymaker_aerodactyl', 'Haymaker + Aerodactyl [F][L][G]', ''),
(282, 'the_sponge', 'The Sponge [L][P]', ''),
(283, 'insanity', 'InSaNiTy [F][L]', ''),
(284, 'insanity', 'InSaNiTy [R][L]', ''),
(285, 'turbo_do_the_wave', 'Turbo Do the Wave [C][F][G]', ''),
(286, 'potpourri', 'Potpourri [L][R][P][G]', ''),
(287, 'rain_dance', 'Rain Dance [W]', ''),
(288, 'rain_dance', 'Rain Dance [W]', ''),
(289, 'haymaker', 'Haymaker [R][L][G]', ''),
(290, 'haymaker', 'Haymaker [F][L][G]', ''),
(291, 'rain_dance', 'Rain Dance [W]', ''),
(292, 'do_the_wave', 'Do the Wave [C][L][G]', ''),
(293, 'haymaker', 'Haymaker [R][L][G]', ''),
(294, 'sponge_hitmonchan', 'Sponge + Hitmonchan [P]', ''),
(295, 'sponge', 'Sponge [L][P][G]', ''),
(296, 'sponge', 'Sponge [L][P][G]', ''),
(297, 'do_the_wave_e_s_dratini', 'Do the Wave + E''s Dratini [C][F][G]', ''),
(298, 'do_the_wave', 'Do the Wave [L][G]', ''),
(299, 'r_s_zapdos_chansey', 'R''s Zapdos + Chansey [L][C]', ''),
(300, 'do_the_wave', 'Do the Wave [C][L][P]', ''),
(301, 'metal_links_mewtwo_ex', 'Metal Links + Mewtwo-EX [M][P]', ''),
(302, 'night_march', 'Night March [P][L]', ''),
(303, 'night_march', 'Night March [P][L]', ''),
(304, 'yveltal_ex_garbodor_toad', 'Yveltal-EX / Garbodor / Toad [D][W]', ''),
(305, 'yveltal_ex_garbodor_toad', 'Yveltal-EX / Garbodor / Toad [D][W]', ''),
(306, 'night_march_empoleon', 'Night March + Empoleon [P][L][W]', ''),
(307, 'lando_bats', 'Lando Bats [F][P]', ''),
(308, 'primal_kyogre_ex', 'Primal Kyogre-EX [W]', ''),
(309, 'donphan_pls_groudon_ex', 'Donphan PLS + Groudon-EX [F]', ''),
(310, 'yveltal_ex_garbodor_toad', 'Yveltal-EX / Garbodor / Toad [D][W]', ''),
(311, 'night_march', 'Night March [P][L]', ''),
(312, 'manctric_ex_bats', 'Manctric-EX / Bats [L][P]', ''),
(313, 'yveltal_ex_seismitoad_ex', 'Yveltal-EX / Seismitoad-EX [D][W]', ''),
(314, 'primal_groudon_ex_masquerain', 'Primal Groudon-EX / Masquerain [F]', ''),
(315, 'yveltal_ex_seismitoad_ex', 'Yveltal-EX / Seismitoad-EX [D][W]', ''),
(316, 'donphan_hawlucha_sub', 'Donphan / Hawlucha / Sub [F][P][R][W]', ''),
(317, 'donphan_hawlucha_sub', 'Donphan / Hawlucha / Sub [F]', ''),
(318, 'yveltal_ex_garbodor_toad', 'Yveltal-EX / Garbodor / Toad [D][W]', ''),
(319, 'primal_kyogre_ex', 'Primal Kyogre-EX [W]', ''),
(320, 'blastoise_archie', 'Blastoise / Archie [W][N]', ''),
(321, 'yveltal_ex_garbodor_toad', 'Yveltal-EX / Garbodor / Toad [D][W]', ''),
(322, 'primal_groudon_ex_lando_ex', 'Primal Groudon-EX / Lando-EX [F]', ''),
(323, 'seismitoad_ex_slurpuff', 'Seismitoad-EX / Slurpuff [W]', ''),
(324, 'flareon_empoleon_archie', 'Flareon / Empoleon (Archie) [R][G][W]', ''),
(325, 'yveltal_ex_toad_leafeon', 'Yveltal-EX / Toad + Leafeon [D][W]', ''),
(326, 'm_gardevoir_ex_aromatisse', 'M Gardevoir-EX / Aromatisse [Y]', ''),
(327, 'do_the_wave', 'Do the Wave [F][G]', ''),
(328, 'toad_malamar_ex_aromatisse', 'Toad / Malamar-EX / Aromatisse [rbw]', ''),
(329, 'empoleon_miltank_zone', 'Empoleon / Miltank + Zone [W][C]', ''),
(330, 'primal_kyogre_ex_reshiram', 'Primal Kyogre-EX / Reshiram [W][R]', ''),
(331, 'toad_malamar_ex_aromatisse', 'Toad / Malamar-EX / Aromatisse [rbw]', ''),
(332, 'toad_malamar_ex_aromatisse', 'Toad / Malamar-EX / Aromatisse [rbw]', ''),
(333, 'virizion_ex_toad_ex_mewtwo_ex', 'Virizion-EX / Toad-EX / Mewtwo-EX [rbw]', ''),
(334, 'donphan_groudon_zekrom_sub', 'Donphan Groudon Zekrom Sub [F][L]', ''),
(335, 'seismitoad_ex_garbodor', 'Seismitoad-EX / Garbodor [W]', ''),
(336, 'gengar_ex_trevenant_raichu', 'Gengar-EX Trevenant Raichu [P][L]', ''),
(337, 'metal_links', 'Metal Links [M]', ''),
(338, 'night_march', 'Night March [P][L]', ''),
(339, 'yveltal_ex_seismitoad_ex', 'Yveltal-EX / Seismitoad-EX [D][W]', ''),
(340, 'yveltal_ex_seismitoad_ex', 'Yveltal-EX / Seismitoad-EX [D][W]', ''),
(341, 'night_march_emploleon', 'Night March + Emploleon [P][L][W]', ''),
(342, 'seismitoad_ex_crobat', 'Seismitoad-EX / Crobat [W][P]', ''),
(343, 'yveltal_ex_bats_toad_ex', 'Yveltal-EX / Bats / Toad-EX [D][P][W]', ''),
(344, 'seismitoad_ex_bats', 'Seismitoad-EX / Bats [W][P]', ''),
(345, 'toad_ex_slurpuff_genesect', 'Toad-EX / Slurpuff / Genesect [W][G]', ''),
(346, 'donphan_raichu', 'Donphan / Raichu [F][L]', ''),
(347, 'night_march_empoleon', 'Night March + Empoleon [P][L][W][C]', ''),
(348, 'yveltal_ex_seismitoad_ex', 'Yveltal-EX / Seismitoad-EX [D][W][L]', ''),
(349, 'toad_ex_garbo_manectric_ex', 'Toad-EX / Garbo / Manectric-EX [W][L]', ''),
(350, 'primal_kyogre_ex_toad_ex', 'Primal Kyogre-EX + Toad-EX [W]', ''),
(351, 'lando_bats', 'Lando Bats [F][P]', ''),
(352, 'metal_links', 'Metal Links [M][P][L]', ''),
(353, 'p_groudon_ex_dusknoir_flf', 'P Groudon-EX / Dusknoir FLF [F][P]', ''),
(354, 'primal_kyogre_ex', 'Primal Kyogre-EX [W]', ''),
(355, 'yveltal_ex_seismitoad_ex', 'Yveltal-EX / Seismitoad-EX [D][W][L]', ''),
(356, 'night_march_empoleon', 'Night March + Empoleon [P][L][W]', ''),
(357, 'virizion_ex_toad_ex_mewtwo_ex', 'Virizion-EX / Toad-EX / Mewtwo-EX [rbw]', ''),
(358, 'toad_malamar_ex_aromatisse', 'Toad / Malamar-EX / Aromatisse [rbw]', ''),
(359, 'lando_bats', 'Lando Bats [F][P]', ''),
(360, 'lando_bats', 'Lando Bats [F][P]', ''),
(361, 'donphan_pls_groudon_ex', 'Donphan PLS + Groudon-EX [F]', ''),
(362, 'virgen_mew_ex', 'VirGen + Mew-EX [G][P]', ''),
(363, 'seismitoad_ex_slurpuff_jynx', 'Seismitoad-EX / Slurpuff / Jynx [W]', ''),
(364, 'virizion_ex_toad_ex_mewtwo_ex', 'Virizion-EX / Toad-EX / Mewtwo-EX [rbw]', ''),
(365, 'yveltal_ex_garbodor_toad', 'Yveltal-EX / Garbodor / Toad [D][W]', ''),
(366, 'haymaker', 'Haymaker [L][G]', ''),
(367, 'haymaker_dodrio', 'Haymaker + Dodrio [L][G]', ''),
(368, 'haymaker', 'Haymaker [F][R][G]', ''),
(369, 'haymaker', 'Haymaker [F][R][G]', ''),
(370, 'virgen', 'VirGen [G]', ''),
(371, 'virgen', 'VirGen [G]', ''),
(372, 'seismitoad_ex_slurpuff', 'Seismitoad-EX / Slurpuff [W][G]', ''),
(373, 'donphan_pls_groudon_ex', 'Donphan PLS + Groudon-EX [F]', ''),
(374, 'yveltal_ex_seismitoad_ex', 'Yveltal-EX / Seismitoad-EX [D][W]', ''),
(375, 'omega_barrage_medicham', 'Ω Barrage Medicham [F]', ''),
(376, 'empoleon_swampert', 'Empoleon / Swampert [W][L]', ''),
(377, 'exeggutor_lock', 'Exeggutor Lock [G][W]', ''),
(378, 'exeggutor_lock', 'Exeggutor Lock [G][W]', ''),
(379, 'lando_bats', 'Lando Bats [F][P]', ''),
(380, 'seismitoad_ex_crobat', 'Seismitoad-EX / Crobat [W][P]', ''),
(381, 'm_gardevoir_ex_aromatisse', 'M Gardevoir-EX / Aromatisse [Y]', ''),
(382, 'night_march_empoleon', 'Night March + Empoleon [P][L][W]', ''),
(383, 'metal_links', 'Metal Links [M][P]', ''),
(384, 'speed_donphan', 'Speed Donphan [F]', ''),
(385, 'yveltal_ex_seismitoad_ex', 'Yveltal-EX / Seismitoad-EX [D][W]', ''),
(386, 'flareon_empoleon_archie', 'Flareon / Empoleon (Archie) [R][G][W]', ''),
(387, 'm_manectric_ex_toad_ex_cune', 'M Manectric-EX / Toad-EX / Cune [L][W]', ''),
(388, 'donphan_hawlucha_sub', 'Donphan / Hawlucha + Sub [F][L]', ''),
(389, 'virgen_raichu', 'VirGen + Raichu [G][L]', ''),
(390, 'seismitoad_ex_crawdaunt', 'Seismitoad-EX / Crawdaunt [W]', ''),
(391, 'virgen_crobat', 'VirGen + Crobat [G][P]', ''),
(392, 'exeggutor_lock', 'Exeggutor Lock [G][W]', ''),
(393, 'toad_ex_slurpuff_swampert', 'Toad-EX / Slurpuff / Swampert[W]', ''),
(394, 'virizion_ex_toad_ex_mewtwo_ex', 'Virizion-EX / Toad-EX / Mewtwo-EX [rbw]', ''),
(395, 'omega_barrage_medicham', 'Ω Barrage Medicham [F]', ''),
(396, 'virgen_raichu', 'VirGen + Raichu [G][L]', ''),
(397, 'sponge', 'Sponge [P][G]', ''),
(398, 'm_gardevoir_ex_aromatisse', 'M Gardevoir-EX / Aromatisse [Y]', ''),
(399, 'donphan_hawlucha_sub', 'Donphan / Hawlucha + Sub [F]', ''),
(400, 'plasma_tdk_absol', 'Plasma TDK / Genesect-EX / Absol [rbw]', ''),
(401, 'donphan_hawlucha_sub', 'Donphan / Hawlucha + Sub [F]', ''),
(402, 'flareon_empoleon_archie', 'Flareon / Empoleon (Archie) [R][G][W]', ''),
(403, 'm_manectric_ex_kyurem_empo', 'M Manectric EX / Kyurem / Empo [L][W]', ''),
(404, 'yveltal_ex_seismitoad_ex', 'Yveltal-EX / Seismitoad-EX [D][W]', ''),
(405, 'yveltal_ex_seismitoad_ex', 'Yveltal-EX / Seismitoad-EX [D][W]', ''),
(406, 'toad_malamar_ex_aromatisse', 'Toad / Malamar-EX / Aromatisse [rbw]', ''),
(407, 'yveltal_ex_seismitoad_ex', 'Yveltal-EX / Seismitoad-EX [D][W]', ''),
(408, 'yveltal_ex_seismitoad_ex', 'Yveltal-EX / Seismitoad-EX [D][W]', ''),
(409, 'night_march', 'Night March [P][L]', ''),
(410, 'yveltal_ex_garbodor_toad', 'Yveltal-EX / Garbodor / Toad [D][W]', ''),
(411, 'primal_kyogre_ex_victini_ex', 'Primal Kyogre-EX / Victini-EX [W][R]', ''),
(412, 'toad_ex_slurpuff_dragalge', 'Toad-EX / Slurpuff / Dragalge [W]', ''),
(413, 'virgen', 'VirGen [G][L]', ''),
(414, 'yveltal_ex_garbodor_toad', 'Yveltal-EX / Garbodor / Toad [D][W]', ''),
(415, 'lando_bats', 'Lando Bats [F][P]', ''),
(416, 'seismitoad_ex_crobat', 'Seismitoad-EX / Crobat [W][P]', ''),
(417, 'donphan_hawlucha_sub', 'Donphan / Hawlucha + Sub [F][L]', ''),
(418, 'toad_ex_slurpuff_techs', 'Toad-EX / Slurpuff + techs [rbw]', ''),
(419, 'yveltal_ex_garbodor_toad', 'Yveltal-EX / Garbodor / Toad [D][W]', ''),
(420, 'gyarados_sf', 'Gyarados SF [W][D][F]', ''),
(421, 'seismitoad_ex_garbodor', 'Seismitoad-EX / Garbodor [W]', ''),
(422, 'toad_malamar_ex_aromatisse', 'Toad / Malamar-EX / Aromatisse [rbw]', ''),
(423, 'night_march_empoleon', 'Night March + Empoleon [P][L][W]', ''),
(424, 'night_march_empoleon', 'Night March + Empoleon [P][L][W]', ''),
(425, 'donphan_pls_groudon_ex', 'Donphan PLS + Groudon-EX [F]', ''),
(426, 'virgen_mew_ex_toad_ex', 'VirGen / Toad-EX + Mew-EX [G][P][W]', ''),
(427, 'toad_ex_slurpuff_victini_ex', 'Toad-EX / Slurpuff / Victini-EX [W]', ''),
(428, 'yveltal_ex_seismitoad_ex', 'Yveltal-EX / Seismitoad-EX [D][W][P]', ''),
(429, 'primal_kyogre_ex_mewtwo_ex', 'Primal Kyogre-EX / Mewtwo-EX [W][P]', ''),
(430, 'blastoise_archie', 'Blastoise / Archie [W][P]', ''),
(431, 'virgen_toad_ex_illumise', 'VirGen / Toad-EX + Illumise [G][W]', ''),
(432, 'exeggutor_lock', 'Exeggutor Lock [G]', ''),
(433, 'yveltal_ex_garbotoad_chu', 'Yveltal-EX / GarboToad / Chu [D][W][L]', ''),
(434, 'yveltal_ex_garbotoad_chu', 'Yveltal-EX / GarboToad / Chu [D][W][L]', ''),
(435, 'seismitoad_ex_slurpuff', 'Seismitoad-EX / Slurpuff [W][P]', ''),
(436, 'seismitoad_ex_slurpuff', 'Seismitoad-EX / Slurpuff [W]', ''),
(437, 'flareon_empoleon_archie', 'Flareon / Empoleon (Archie) [R][G][W]', ''),
(438, 'metal_links_toad_ex', 'Metal Links + Toad-EX [M][W]', ''),
(439, 'm_gardevoir_ex_aromatisse', 'M Gardevoir-EX / Aromatisse [Y]', ''),
(440, 'seismitoad_ex_slurpuff', 'Seismitoad-EX / Slurpuff [W][P]', ''),
(441, 'lando_bats', 'Lando Bats [F][P]', ''),
(442, 'seismitoad_ex_slurpuff', 'Seismitoad-EX / Slurpuff [W][P]', ''),
(443, 'night_march_emploleon', 'Night March + Emploleon [P][L][W]', ''),
(444, 'seismitoad_ex_crobat', 'Seismitoad-EX / Crobat [W][P]', ''),
(445, 'metal_links_toad_ex', 'Metal Links + Toad-EX [M][W]', ''),
(446, 'seismitoad_ex_slurpuff', 'Seismitoad-EX / Slurpuff [W]', ''),
(447, 'flareon_empoleon_archie', 'Flareon / Empoleon (Archie) [R][G][W]', ''),
(448, 'seismitoad_ex_slurpuff', 'Seismitoad-EX / Slurpuff [W]', ''),
(449, 'seismitoad_ex_slurpuff', 'Seismitoad-EX / Slurpuff [W][P]', ''),
(450, 'seismitoad_ex_slurpuff', 'Seismitoad-EX / Slurpuff [W][P]', ''),
(451, 'virgen_mew_ex', 'VirGen + Mew-EX [G][P]', ''),
(452, 'yveltal_ex_garbodor_toad', 'Yveltal-EX / Garbodor / Toad [D][W][P]', ''),
(453, 'yveltal_ex_seismitoad_ex', 'Yveltal-EX / Seismitoad-EX [D][W]', ''),
(454, 'primal_groudon_ex_regirock', 'Primal Groudon-EX / Regirock [F][P]', ''),
(455, 'seismitoad_ex_slurpuff', 'Seismitoad-EX / Slurpuff [W][P]', ''),
(456, 'raichu_eggs_bats', 'Raichu Eggs Bats [L][G]', ''),
(457, 'raichu_eggs_bats', 'Raichu Eggs Bats [L][G]', ''),
(458, 'metal_links', 'Metal Links [M]', ''),
(459, 'm_rayquaza_ex', 'M Rayquaza-EX [C][G][P]', ''),
(460, 'raichu_hawlucha_lando_ex', 'Raichu / Hawlucha / Lando-EX [L][F]', ''),
(461, 'seismitoad_ex_crawdaunt', 'Seismitoad-EX / Crawdaunt [W]', ''),
(462, 'shaymin_ex_trevenant', 'Shaymin-EX / Trevenant [C][P]', ''),
(463, 'seismitoad_ex_slurpuff', 'Seismitoad-EX / Slurpuff [W]', ''),
(464, 'seismitoad_ex_crawdaunt', 'Seismitoad-EX / Crawdaunt [W]', ''),
(465, 'seismitoad_ex_slurpuff', 'Seismitoad-EX / Slurpuff [W]', ''),
(466, 'm_gardevoir_ex_aromatisse', 'M Gardevoir-EX / Aromatisse [Y]', ''),
(467, 'raichu_bats_leafeon', 'Raichu Bats Leafeon [L][G]', ''),
(468, 'primal_groudon_ex_wobbu', 'Primal Groudon-EX / Wobbu [F][P]', ''),
(469, 'seismitoad_ex_shaymin_ex', 'Seismitoad-EX / Shaymin-EX [W][P]', ''),
(470, 'seismitoad_ex_shaymin_ex', 'Seismitoad-EX / Shaymin-EX [W]', ''),
(471, 'm_rayquaza_ex_eggy', 'M Rayquaza-EX + Eggy [C][G]', ''),
(472, 'seismitoad_ex_slurpuff', 'Seismitoad-EX / Slurpuff [W]', ''),
(473, 'toad_malamar_ex_aromatisse', 'Toad / Malamar-EX / Aromatisse [rbw]', ''),
(474, 'toad_malamar_ex_aromatisse', 'Toad / Malamar-EX / Aromatisse [rbw]', ''),
(475, 'toad_malamar_ex_aromatisse', 'Toad / Malamar-EX / Aromatisse [rbw]', ''),
(476, 'toad_malamar_ex_aromatisse', 'Toad / Malamar-EX / Aromatisse [rbw]', ''),
(477, 'toad_ex_bats_manectric_ex', 'Toad-EX / Bats + Manectric-EX [W][L][P]', ''),
(478, 'm_manectric_ex_ray_ex', 'M Manectric-EX / Ray-EX [L][N][R]', ''),
(479, 'seismitoad_ex_shaymin_ex', 'Seismitoad-EX / Shaymin-EX [W][P]', ''),
(480, 'seismitoad_ex_ninetales', 'Seismitoad-EX / Ninetales [W]', ''),
(481, 'primal_groudon_ex_magcargo', 'Primal Groudon-EX / Magcargo [F][R]', ''),
(482, 'seismitoad_ex_garbodor', 'Seismitoad-EX / Garbodor [W]', ''),
(483, 'wailord_ex_stall', 'Wailord-EX stall', ''),
(484, 'metal_links_toad_ex', 'Metal Links + Toad-EX [M][W]', ''),
(485, 'm_manectric_ex_garbodor', 'M Manectric-EX / Garbodor [L][W]', ''),
(486, 'hippowdon_toad_ex', 'Hippowdon / Toad-EX [F][W]', ''),
(487, 'seismitoad_ex_bats', 'Seismitoad-EX / Bats [W][L][P]', ''),
(488, 'metal_links_plasma_kingklang', 'Metal Links + Plasma Kingklang [M]', ''),
(489, 'metal_links_m_rayquaza', 'Metal Links + M Rayquaza [M][C]', ''),
(490, 'riptide', 'Riptide [W]', ''),
(491, 'enteicargo', 'EnteiCargo [R]', ''),
(492, 'dark_golduck_slowking', 'Dark Golduck / Slowking [W][P]', ''),
(493, 'riptide', 'Riptide [W]', ''),
(494, 'riptide', 'Riptide [W]', ''),
(495, 'riptide', 'Riptide [W]', ''),
(496, 'kingdra_espeon', 'Kingdra / Espeon [W][P]', ''),
(497, 'crobat_murkrow', 'Crobat / Murkrow [G][D]', ''),
(498, 'riptide', 'Riptide [W]', ''),
(499, 'crobat_murkrow_light_piloswine', 'Crobat / Murkrow + L Piloswine [G][W]', ''),
(500, 'erika_victreebel_umbreon', 'Erika''s Victreebel + Umbreon [G][D]', ''),
(501, 'r_hitmonchan_r_scyther', 'R''s Hitmonchan / R''s Scyther [F][G]', ''),
(502, 'riptide', 'Riptide [W]', ''),
(503, 'dark_tyranitar_slowking', 'Dark Tyranitar / Slowking [F]', ''),
(504, 'kingdra_eevolutions', 'Kingdra / Eevolutions [rbw]', ''),
(505, 'steelix_slowking', 'Steelix / Slowking [M]', ''),
(506, 'typhlo_blaine_s_rk9', 'Typhlo / Blaine''s RK9 [R]', ''),
(507, 'banette_eevolutions', 'Banette / Eevolutions [P][R]', ''),
(508, 'primal_kyogre_ex', 'Primal Kyogre-EX [W]', ''),
(509, 'metal_links_m_rayquaza', 'Metal Links + M Rayquaza [M][C]', ''),
(510, 'blastoise_archie', 'Blastoise / Archie [W][P]', ''),
(511, 'seismitoad_bats', 'Seismitoad / Bats [W][P]', ''),
(512, 'seismitoad_bats', 'Seismitoad / Bats [W][P]', ''),
(513, 'night_march', 'Night March [P][L]', ''),
(514, 'gengar_ex_trevenant', 'Gengar-EX / Trevenant [P]', ''),
(515, 'fairy_toolbox', 'Fairy Toolbox [rbw]', ''),
(516, 'donphan_hawlucha_sub', 'Donphan / Hawlucha + Sub [F]', ''),
(517, 'night_march', 'Night March [P][L]', ''),
(518, 'seismitoad_bats_manectric', 'Seismitoad / Bats / Manectric [W][P][L]', ''),
(519, 'lando_bats', 'Lando Bats [F][P]', ''),
(520, 'seismitoad_bats_manectric', 'Seismitoad / Bats / Manectric [W][P][L]', ''),
(521, 'donphan_hawlucha_sub', 'Donphan / Hawlucha + Sub [F]', ''),
(522, 'm_manectric_ex_keldeo_ex', 'M Manectric-EX / Keldeo-EX [L][W]', ''),
(523, 'donphan_hawlucha_sub', 'Donphan / Hawlucha + Sub [F]', ''),
(524, 'metal_links_plasmaklang', 'Metal Links + Plasmaklang [M]', ''),
(525, 'seismitoad_bats_manectric', 'Seismitoad / Bats / Manectric [W][P][L]', ''),
(526, 'seismitoad_bats_manectric', 'Seismitoad / Bats / Manectric [W][P][L]', ''),
(527, 'm_manectric_ex_terrakion', 'M Manectric-EX / Terrakion [L][F][G]', ''),
(528, 'lando_bats_primal_groudon', 'Lando Bats + Primal Groudon [F][P]', ''),
(529, 'lando_bats', 'Lando Bats [F][P]', ''),
(530, 'primal_groudon_ex_wobbu', 'Primal Groudon-EX / Wobbu [F][P]', ''),
(531, 'seismitoad_bats_manectric', 'Seismitoad / Bats / Manectric [W][P][L]', ''),
(532, 'lando_bats', 'Lando Bats [F][P]', ''),
(533, 'lando_bats', 'Lando Bats [F][P]', ''),
(534, 'donphan_hawlucha_sub', 'Donphan / Hawlucha + Sub [F]', ''),
(535, 'landorus_ex_leafeon', 'Landorus-EX + Leafeon [F][G]', ''),
(536, 'blastoise_archie', 'Blastoise / Archie [W]', ''),
(537, 'm_manectric_ex_keldeo_ex', 'M Manectric-EX / Keldeo-EX [L][W]', ''),
(538, 'seismitoad_bats', 'Seismitoad / Bats [W][P]', ''),
(539, 'm_manectric_ex_genesect_ex', 'M Manectric-EX / Genesect-EX [L][G]', ''),
(540, 'flareon_empoleon_archie', 'Flareon / Empoleon (Archie) [R][G][W]', ''),
(541, 'm_manectric_ex_garbodor', 'M Manectric-EX / Garbodor [L][W]', ''),
(542, 'lando_bats_miltank', 'Lando Bats + Miltank [F][P]', ''),
(543, 'metal_links_m_rayquaza', 'Metal Links + M Rayquaza [M][C]', ''),
(544, 'seismitoad_ex_manectric_ex', 'Seismitoad-EX / Manectric-EX [W][L]', ''),
(545, 'gengar_ex_trevenant', 'Gengar-EX / Trevenant [P]', ''),
(546, 'primal_groudon_ex_m_lucario_ex', 'Primal Groudon-EX / M Lucario-EX [F]', ''),
(547, 'plasmalax_lock', 'PlasmaLax Lock', ''),
(548, 'gengar_ex_trevenant', 'Gengar-EX / Trevenant [P]', ''),
(549, 'night_march', 'Night March [P][L]', ''),
(550, 'riptide', 'Riptide [W]', ''),
(551, 'riptide', 'Riptide [W]', ''),
(552, 'typhlo_houndoom', 'Typhlo / Houndoom [R][D]', ''),
(553, 'typhlo_blaine_s_rk9', 'Typhlo / Blaine''s RK9 [R]', ''),
(554, 'omega_barrage_medicham', 'Ω Barrage Medicham [F]', ''),
(555, 'manectric_ex', 'Manectric-EX [L]', ''),
(556, 'seismitoad_ex_giratina_ex', 'Seismitoad-EX / Giratina-EX [W][N]', ''),
(557, 'yveltal_ex_seismitoad_ex', 'Yveltal-EX / Seismitoad-EX [D][W]', ''),
(558, 'vespiqueen_ao_flareon', 'Vespiqueen AO / Flareon [G][R]', ''),
(559, 'vespiqueen_ao_accelgor_dex', 'Vespiqueen AO / Accelgor DEx [G][P]', ''),
(560, 'night_march', 'Night March [P][L]', ''),
(561, 'yveltal_ex_toad_ex_garbo', 'Yveltal-EX / Toad-EX / Garbo [D][W]', ''),
(562, 'yveltal_ex_toad_ex_garbo', 'Yveltal-EX / Toad-EX / Garbo [D][W]', ''),
(563, 'yveltal_ex_seismitoad_ex', 'Yveltal-EX / Seismitoad-EX [D][W]', ''),
(564, 'mienshao_sub', 'Mienshao Sub [F]', ''),
(565, 'm_manectric_ex_regice', 'M Manectric-EX / Regice [L][W]', ''),
(566, 'durant_mill', 'Durant Mill [M]', ''),
(567, 'blastoise_archie', 'Blastoise / Archie [W]', ''),
(568, 'm_manectric_ex_bats', 'M Manectric-EX / Bats [L][P]', ''),
(569, 'm_tyranaitar_ex', 'M Tyranaitar-EX [D]', ''),
(570, 'seismitoad_giratina_bats', 'Seismitoad / Giratina / Bats [W][N][P]', ''),
(571, 'seismitoad_ex_giratina_ex', 'Seismitoad-EX / Giratina-EX [W][N]', ''),
(572, 'night_march', 'Night March [P][L]', ''),
(573, 'fairy_toolbox', 'Fairy Toolbox [rbw]', ''),
(574, 'fairy_giratina_ex', 'Fairy / Giratina-EX [Y][N]', ''),
(575, 'seismitoad_ex_giratina_ex', 'Seismitoad-EX / Giratina-EX [W][N]', ''),
(576, 'mienshao_sub', 'Mienshao Sub [F]', ''),
(577, 'mienshao_sub', 'Mienshao Sub [F]', ''),
(578, 'exploud_wobbuffet', 'Exploud / Wobbuffet [C][P]', ''),
(579, 'haymaker_clefable', 'Haymaker + Clefable [L][G]', ''),
(580, 'do_the_wave', 'Do the Wave [C][P]', ''),
(581, 'magma_spirit', 'Magma Spirit [F][D][P][R]', ''),
(582, 'spookysect', 'Spookysect [G][L][P][R]', ''),
(583, 'lucario_ex_bats', 'Lucario-EX / Bats', ''),
(584, 'toad_ex_manectric_ex_garbo', 'Toad-EX / Manectric / Garbo [W][L][P]', ''),
(585, 'toad_ex_manectric_garbo', 'Toad-EX / Manectric / Garbo [W][L]', ''),
(586, 'night_march_empoleon', 'Night March + Empoleon [P][L][W]', ''),
(587, 'night_march_archeops', 'Night March + Archeops [L][P]', ''),
(588, 'wobbuffet_bats', 'Wobbuffet / Bats [P][C]', ''),
(589, 'vileplume_regice_lock', 'Vileplume / Regice lock [W][C]', ''),
(590, 'sableye_bunnelby_hammers', 'Sableye / Bunnelby / Hammers', ''),
(591, 'yveltal_ex_toad_ex_archeops', 'Yveltal-EX / Toad-EX + Archeops [D][W]', ''),
(592, 'night_march_archeops', 'Night March + Archeops [P][L]', ''),
(593, 'rayeels', 'RayEels [N][L][P]', ''),
(594, 'blastoise_archie', 'Blastoise / Archie [W]', ''),
(595, 'sableye_bunnelby_hammers', 'Sableye / Bunnelby / Hammers', ''),
(596, 'blastoise_archie', 'Blastoise / Archie [W][P]', ''),
(597, 'yveltal_ex', 'Yveltal-EX [D]', ''),
(598, 'turbo_m_rayquaza', 'Turbo M Rayquaza [C]', ''),
(599, 'seismitoad_bats', 'Seismitoad / Bats [W][P][L]', ''),
(600, 'blastoise_archie', 'Blastoise / Archie [W]', ''),
(601, 'blastoise_archie', 'Blastoise / Archie [W]', ''),
(602, 'blastoise_archie', 'Blastoise / Archie [W]', ''),
(603, 'yveltal_ex_toad_ex', 'Yveltal-EX / Toad-EX [D][W]', ''),
(604, 'blastoise_archie', 'Blastoise / Archie [W]', ''),
(605, 'gengar_ex_trevenant', 'Gengar-EX / Trevenant [P]', ''),
(606, 'seismitoad_bats_manectric', 'Seismitoad / Bats / Manectric [W][P][L]', ''),
(607, 'seismitoad_ex_giratina_ex', 'Seismitoad-EX / Giratina-EX [W][N]', ''),
(608, 'blastoise_archie', 'Blastoise / Archie [W]', ''),
(609, 'seismitoad_ex_giratina_ex', 'Seismitoad-EX / Giratina-EX [W][N]', ''),
(610, 'night_march_archeops', 'Night March + Archeops [L][P]', ''),
(611, 'donphan_pls_wobbuffet', 'Donphan PLS + Wobbuffet [F]', ''),
(612, 'vespiqueen_ao_flareon', 'Vespiqueen AO / Flareon [G][R]', ''),
(613, 'seismitoad_ex_giratina_ex', 'Seismitoad-EX / Giratina-EX [W][N]', ''),
(614, 'metal_rayquaza', 'Metal Rayquaza [C][M]', ''),
(615, 'yveltal_ex_seismitoad_ex', 'Yveltal-EX / Seismitoad-EX [D][W]', ''),
(616, 'seismitoad_ex_giratina_ex', 'Seismitoad-EX / Giratina-EX [W][N]', ''),
(617, 'sableye_bunnelby_hammers', 'Sableye / Bunnelby / Hammers', ''),
(618, 'entei_ao', 'Entei AO', ''),
(619, 'manectric_ex_bats', 'Manectric-EX / Bats [L][P]', ''),
(620, 'vespiqueen_ao_bats', 'Vespiqueen AO / Bats [G][P][D]', ''),
(621, 'vespiqueen_ao_landorus', 'Vespiqueen AO / Landorus [G][F][D]', ''),
(622, 'night_march', 'Night March [P][L][D]', ''),
(623, 'megaman', 'MegaMan [L]', ''),
(624, 'night_march', 'Night March [P][L][D]', ''),
(625, 'primal_groudon_ex_lucario_ex', 'Primal Groudon-EX / Lucario-EX [F]', ''),
(626, 'vespiquen_ao_zoroark', 'Vespiquen AO / Zoroark [G][R][D]', 'O'),
(627, 'glalie_alakazam_lock', 'Glalie Alakazam lock [W][P]', ''),
(628, 'magnezone_5_5_5', 'Magnezone 5-5-5 [L]', ''),
(629, 'fossil_lock', 'Fossil Lock [F][P]', ''),
(630, 'primal_groudon_ex', 'Primal Groudon-EX [F][P]', ''),
(631, 'trevenant_break', 'Trevenant BREAK [P]', ''),
(632, 'yzg', 'YZG [D][F]', ''),
(633, 'night_march_milotic', 'Night March + Milotic [P][L]', ''),
(634, 'seismitoad_ex', 'Seismitoad-EX [W]', ''),
(635, 'm_mewtwo_ex', 'M Mewtwo-EX [P]', ''),
(636, 'seismitoad_ex_giratina_ex', 'Seismitoad-EX / Giratina-EX [W][N]', ''),
(637, 'manectric_ex_bats', 'Manectric-EX / Bats [L][P]', ''),
(638, 'trevenant_break', 'Trevenant BREAK [P]', ''),
(639, 'seismitoad_ex', 'Seismitoad-EX [W]', ''),
(640, 'night_march', 'Night March [P][L]', ''),
(641, 'yzg', 'YZG [D][F]', ''),
(642, 'm_mewtwo_ex', 'M Mewtwo-EX [P]', ''),
(643, 'manectric_ex_bats', 'Manectric-EX / Bats [L][P]', ''),
(644, 'seismitoad_ex_giratina_ex', 'Seismitoad-EX / Giratina-EX [W][N]', ''),
(645, 'manectric_ex_bats', 'Manectric-EX / Bats [L][P]', ''),
(646, 'yveltal_ex_gallade_archeops', 'Yveltal-EX Gallade Archeops [D][F][W]', ''),
(647, 'yveltal_ex', 'Yveltal-EX [D]', ''),
(648, 'seismitoad_ex_bats', 'Seismitoad-EX / Bats [W][P][L]', ''),
(649, 'virgen_archeops', 'VirGen + Archeops [G][F]', ''),
(650, 'turbo_m_rayquaza_ex', 'Turbo M Rayquaza-EX [C][M]', ''),
(651, 'm_mewtwo_ex_landorus_ex', 'M Mewtwo-EX / Landorus-EX [P][F]', ''),
(652, 'trevenant_break', 'Trevenant BREAK [P]', ''),
(653, 'primal_groudon_ex', 'Primal Groudon-EX [F][P]', ''),
(654, 'seismitoad_ex_bats', 'Seismitoad-EX / Bats [W][P]', ''),
(655, 'eelkou', 'EelKou [L][P]', ''),
(656, 'eelkou', 'EelKou [L][P][W]', ''),
(657, 'm_rayquaza_ex_jolteon_ex', 'M Rayquaza-EX / Jolteon-EX [C][L][D]', ''),
(658, 'night_march', 'Night March [P][L]', ''),
(659, 'vileplume_vespiquen_ao', 'Vileplume / Vespiquen AO [G]', ''),
(660, 'seismitoad_ex_giratina_ex', 'Seismitoad-EX / Giratina-EX [W][N]', ''),
(661, 'm_sceptile_ex', 'M Sceptile-EX [G][L]', ''),
(662, 'yzg', 'YZG [D][F][W]', ''),
(663, 'megaman_ho_oh_ex', 'MegaMan / Ho-Oh-EX [L][C][W]', ''),
(664, 'trevenant_break', 'Trevenant BREAK [P][L]', ''),
(665, 'yveltal_ex_gallade_archeops', 'Yveltal-EX Gallade Archeops [D][F][W]', ''),
(666, 'primal_groudon_ex', 'Primal Groudon-EX [F][P]', ''),
(667, 'megaman_ho_oh_ex', 'MegaMan / Ho-Oh-EX [L][C][W]', ''),
(668, 'greninja_break', 'Greninja BREAK [W][R]', ''),
(669, 'greninja_break', 'Greninja BREAK [W]', ''),
(670, 'seismitoad_ex_bats', 'Seismitoad-EX / Bats [W][P][L]', ''),
(671, 'seismitoad_ex_giratina_ex', 'Seismitoad-EX / Giratina-EX [W][N]', ''),
(672, 'yveltal_ex_gallade_archeops', 'Yveltal-EX Gallade Archeops [D][F]', ''),
(673, 'tyrantrum_bronzong', 'Tyrantrum / Bronzong [N][M]', ''),
(674, 'trevenant_break', 'Trevenant BREAK [P]', ''),
(675, 'night_march', 'Night March [P][L]', ''),
(676, 'vileplume_vespiquen_ao', 'Vileplume / Vespiquen AO [G]', ''),
(677, 'yzg', 'YZG [D][F][N]', ''),
(678, 'megaman_ho_oh_ex', 'MegaMan / Ho-Oh-EX [L][C][W]', ''),
(679, 'm_sceptile_ex', 'M Sceptile-EX [G]', ''),
(680, 'greninja_break', 'Greninja BREAK [W]', ''),
(681, 'toad_ex_giratina_ex_garbo', 'Toad-EX / Giratina-EX + Garbo [W][N]', ''),
(682, 'greninja_break_swampert', 'Greninja BREAK / Swampert [W]', ''),
(683, 'yzg', 'YZG [D][F]', ''),
(684, 'night_march', 'Night March [P][L]', ''),
(685, 'greninja_break', 'Greninja BREAK [W][L]', ''),
(686, 'night_march', 'Night March [P][L]', ''),
(687, 'night_march', 'Night March [P][L]', ''),
(688, 'm_rayquaza_ex_jolteon_ex', 'M Rayquaza-EX / Jolteon-EX [C][L]', ''),
(689, 'm_mewtwo_ex', 'M Mewtwo-EX [P]', ''),
(690, 'flareon_ex', 'Flareon-EX [R][L]', ''),
(691, 'm_rayquaza_ex_jolteon_ex', 'M Rayquaza-EX / Jolteon-EX [C][L][D]', ''),
(692, 'greninja_break', 'Greninja BREAK [W]', ''),
(693, 'yveltal_ex_zoroark', 'Yveltal-EX / Zoroark [D]', ''),
(694, 'night_march', 'Night March [P][L]', ''),
(695, 'primal_groudon_ex', 'Primal Groudon-EX [F][P]', ''),
(696, 'greninja_break', 'Greninja BREAK [W]', ''),
(697, 'raichu_bats', 'Raichu / Bats [L][P]', ''),
(698, 'night_march', 'Night March [P][L]', ''),
(699, 'trevenant_break', 'Trevenant BREAK [P]', ''),
(700, 'garchomp_bkp_garbodor', 'Garchomp BKP + Garbodor [F]', ''),
(701, 'seismitoad_ex_giratina_ex', 'Seismitoad-EX / Giratina-EX [W][N]', ''),
(702, 'megaman_ho_oh_ex', 'MegaMan / Ho-Oh-EX [L][C][W]', ''),
(703, 'turbo_m_rayquaza_ex_toad_ex', 'Turbo M Rayquaza-EX + Toad-EX [C][W]', ''),
(704, 'turbo_m_rayquaza_ex', 'Turbo M Rayquaza-EX [C][L][D]', ''),
(705, 'trevenant_break', 'Trevenant BREAK [P]', ''),
(706, 'seismitoad_ex_giratina_ex', 'Seismitoad-EX / Giratina-EX [W][N]', ''),
(707, 'seismitoad_ex_giratina_ex', 'Seismitoad-EX / Giratina-EX [W][N]', ''),
(708, 'sylveon_ex_fairy_transfer', 'Sylveon-EX / Fairy Transfer [Y][C]', ''),
(709, 'trevenant_break', 'Trevenant BREAK [P]', ''),
(710, 'megaman_regice', 'MegaMan / Regice [L][W]', ''),
(711, 'turbo_m_rayquaza_ex', 'Turbo M Rayquaza-EX [C][L]', ''),
(712, 'trevenant_break', 'Trevenant BREAK [P]', ''),
(713, 'megaman_wobbuffet', 'MegaMan / Wobbuffet [L][P][C]', ''),
(714, 'night_march', 'Night March [P][L]', ''),
(715, 'trevenant_break', 'Trevenant BREAK [P]', ''),
(716, 'night_march', 'Night March [P][L]', ''),
(717, 'night_march', 'Night March [P][L]', ''),
(718, 'greninja_break', 'Greninja BREAK [W][L]', ''),
(719, 'seismitoad_ex_giratina_ex', 'Seismitoad-EX / Giratina-EX [W][N]', ''),
(720, 'night_march', 'Night March [P][L]', ''),
(721, 'm_mewtwo_ex', 'M Mewtwo-EX [P]', ''),
(722, 'megaman_jolteon_ex', 'MegaMan / Jolteon-EX [L]', ''),
(723, 'night_march', 'Night March [P][L]', ''),
(724, 'vileplume_vespiquen_ao', 'Vileplume / Vespiquen AO [G]', ''),
(725, 'water_toolbox', 'Water Toolbox [W]', ''),
(726, 'yzg', 'YZG [D][F][W]', ''),
(727, 'yveltal_zoroark', 'Yveltal / Zoroark [D][N]', ''),
(728, 'trevenant_break', 'Trevenant BREAK [P]', ''),
(729, 'night_march_vespiquen', 'Night March + Vespiquen [P][L][G]', ''),
(730, 'greninja_break', 'Greninja BREAK [W][L]', ''),
(731, 'night_march_vespiquen', 'Night March + Vespiquen [P][L][G]', ''),
(732, 'trevenant_break', 'Trevenant BREAK [P]', ''),
(733, 'vespiquen_ao_zoroark', 'Vespiquen AO / Zoroark [G][D]', ''),
(734, 'trevenant_break', 'Trevenant BREAK [P]', ''),
(735, 'bronzong_genesect_ex', 'Bronzong / Genesect-EX [M]', ''),
(736, 'trevenant_break', 'Trevenant BREAK [P]', ''),
(737, 'water_toolbox', 'Water Toolbox [W]', ''),
(738, 'night_march_vespiquen', 'Night March + Vespiquen [P][L][G]', ''),
(739, 'trevenant_break', 'Trevenant BREAK [P]', ''),
(740, 'night_march', 'Night March [P][L]', ''),
(741, 'darkrai_ex_giratina_ex', 'Darkrai-EX / Giratina-EX [D][N]', ''),
(742, 'seismitoad_ex_giratina_ex', 'Seismitoad-EX / Giratina-EX [W][N]', ''),
(743, 'vileplume_vespiquen_ao', 'Vileplume / Vespiquen AO [G]', ''),
(744, 'water_toolbox', 'Water Toolbox [W]', ''),
(745, 'greninja_break', 'Greninja BREAK [W]', ''),
(746, 'greninja_break', 'Greninja BREAK [W]', ''),
(747, 'greninja_break', 'Greninja BREAK [W]', ''),
(748, 'vespiquen_ao_yveltal', 'Vespiquen AO / Yveltal [G][D]', ''),
(749, 'water_toolbox', 'Water Toolbox [W]', ''),
(750, 'night_march_vespiquen', 'Night March + Vespiquen [P][L][G]', ''),
(751, 'trevenant_break', 'Trevenant BREAK [P]', ''),
(752, 'seismitoad_ex_giratina_ex', 'Seismitoad-EX / Giratina-EX [W][N]', ''),
(753, 'night_march', 'Night March [P][L]', ''),
(754, 'night_march', 'Night March [P][L]', ''),
(755, 'vileplume_latios_ex', 'Vileplume / Latios-EX [G][N]', ''),
(756, 'water_toolbox', 'Water Toolbox [W]', ''),
(757, 'water_toolbox', 'Water Toolbox [W]', ''),
(758, 'm_audino_ex', 'M Audino-EX [C][M]', ''),
(759, 'greninja_break_talonflame', 'Greninja BREAK / Talonflame [W][C]', ''),
(760, 'vileplume_toolbox', 'Vileplume Toolbox [rbw]', ''),
(761, 'vespiquen_ao_yveltal', 'Vespiquen AO / Yveltal [G][D][N]', ''),
(762, 'metal_links', 'Metal Links [M]', ''),
(763, 'night_march_vespiquen', 'Night March + Vespiquen [P][L][G]', ''),
(764, 'night_march', 'Night March [P][L]', ''),
(765, 'greninja_break_talonflame', 'Greninja BREAK / Talonflame [W][C]', ''),
(766, 'vespiquen_yanmega_break', 'Vespiquen / Yanmega BREAK [G]', ''),
(767, 'seismitoad_ex_bats', 'Seismitoad-EX / Bats [W][P]', ''),
(768, 'trevenant_break', 'Trevenant BREAK [P]', ''),
(769, 'night_march_galvantula', 'Night March + Galvantula [P][L][G]', ''),
(770, 'night_march_vespiquen', 'Night March + Vespiquen [P][L][G]', ''),
(771, 'megaman_garbodor', 'MegaMan / Garbodor [L]', ''),
(772, 'greninja_break_talonflame', 'Greninja BREAK / Talonflame [W][C]', ''),
(773, 'night_march', 'Night March [P][L]', ''),
(774, 'yveltal_darkrai_ex_giratina_ex', 'Yveltal / Darkrai-EX / Giratina-EX [D][N]', ''),
(775, 'trevenant_break', 'Trevenant BREAK [P]', ''),
(776, 'trevenant_break', 'Trevenant BREAK [P]', ''),
(777, 'yveltal_darkrai_ex_giratina_ex', 'Yveltal / Darkrai-EX / Giratina-EX [D][N]', ''),
(778, 'yveltal_darkrai_ex_giratina_ex', 'Yveltal / Darkrai-EX / Giratina-EX [D][N]', ''),
(779, 'metal_links', 'Metal Links [M]', ''),
(780, 'yveltal_darkrai_ex_giratina_ex', 'Yveltal / Darkrai-EX / Giratina-EX [D][N]', ''),
(781, 'night_march', 'Night March [P][L]', ''),
(782, 'yveltal_garbodor', 'Yveltal / Garbodor [D]', ''),
(783, 'zaptrap', 'ZapTrap [L]', ''),
(784, 'sylveon_gx', 'Sylveon GX [Y]', ''),
(785, 'yveltal_garbodor', 'Yveltal / Garbodor [D]', ''),
(786, 'lapras_gx', 'Lapras GX [W]', ''),
(787, 'wobbuffet_jolteon', 'Wobbuffet / Jolteon [L][P][W]', ''),
(788, 'turbo_darkrai_ex', 'Turbo Darkrai-EX [D]', ''),
(789, 'deciplume', 'DeciPlume [G]', ''),
(790, 'deciplume', 'DeciPlume [G][P][W]', ''),
(791, 'm_mewtwo_ex', 'M Mewtwo-EX [P]', ''),
(792, 'm_mewtwo_ex', 'M Mewtwo-EX [P]', ''),
(793, 'volcanion_ex', 'Volcanion-EX [R][W]', ''),
(794, 'yveltal_garbodor', 'Yveltal / Garbodor [D]', ''),
(795, 'yveltal_garbodor', 'Yveltal / Garbodor [D]', ''),
(796, 'rainbow_road', 'Rainbow Road [rbw]', ''),
(797, 'yveltal_garbodor', 'Yveltal / Garbodor [D]', ''),
(798, 'yveltal_garbodor', 'Yveltal / Garbodor [D]', ''),
(799, 'yveltal_umbreon_ex', 'Yveltal / Umbreon-EX [D]', ''),
(800, 'raikou_electrode', 'Raikou / Electrode [L][P]', ''),
(801, 'yveltal_garbodor', 'Yveltal / Garbodor [D]', ''),
(802, 'yveltal_garbodor', 'Yveltal / Garbodor [D]', ''),
(803, 'regice_glaceon_ex_garbo', 'Regice / Glaceon-EX / Garbo [W]', ''),
(804, 'yveltal_garbodor', 'Yveltal / Garbodor [D]', ''),
(805, 'greninja_break_talonflame', 'Greninja BREAK / Talonflame [W][C]', ''),
(806, 'volcanion_ex', 'Volcanion-EX [R][W][N]', ''),
(807, 'volcanion_ex', 'Volcanion-EX [R][W]', ''),
(808, 'deciplume', 'DeciPlume [G][P][L]', ''),
(809, 'yveltal_garbodor', 'Yveltal / Garbodor [D]', ''),
(810, 'deciplume', 'DeciPlume [G]', ''),
(811, 'volcanion_ex', 'Volcanion-EX [R][W]', ''),
(812, 'deciplume', 'DeciPlume [G]', ''),
(813, 'deciplume', 'DeciPlume [G][L][W]', ''),
(814, 'lapras_gx', 'Lapras GX [W]', ''),
(815, 'm_mewtwo_ex_espeon_gx', 'M Mewtwo-EX / Espeon-GX [P]', ''),
(816, 'deciplume', 'DeciPlume [G]', ''),
(817, 'deciplume', 'DeciPlume [G][L]', ''),
(818, 'espeon_gx_decidueye_gx', 'Espeon GX / Decidueye GX [P][L]', ''),
(819, 'sylveon_gx_wobbuffet', 'Sylveon GX / Wobbuffet [Y]', ''),
(820, 'gyarados_ao', 'Gyarados AO', ''),
(821, 'm_mewtwo_ex', 'M Mewtwo-EX [P]', ''),
(822, 'm_rayquaza_ex', 'M Rayquaza-EX [C][N][R]', '');

INSERT INTO `decks_results` (`deck_id`, `archetype_id`, `event_id`, `place`, `player_name`, `country_id`, `significance`) VALUES
(1, 1, 3, 1, 'Tom Hanley', 840, 2),
(2, 1, 3, 2, 'Heidi Craig', 840, 2),
(3, 7, 3, 3, 'Israel Quiroz', 840, 2),
(4, 1, 3, 4, 'Peter Keller', 840, 2),
(5, 7, 3, 5, 'Jason Klaczynski', 840, 2),
(6, 1, 3, 6, 'Mike Delgaudio', 840, 2),
(7, 4, 3, 7, 'Joshua Morris', 840, 2),
(8, 7, 3, 8, 'Matt Brooks', 840, 2),
(9, 7, 4, 1, 'Rudy Rodriguez', 840, 2),
(10, 7, 4, 2, 'James O''Brien', 840, 2),
(11, 1, 4, 3, 'Carson White', 840, 2),
(12, 1, 4, 4, 'Jason Imperiale', 840, 2),
(13, 7, 4, 5, 'Kevin Chen', 840, 2),
(14, 2, 4, 6, 'Yi-An Lu', 826, 2),
(15, 1, 4, 7, 'Andrew Daly', 840, 2),
(16, 7, 4, 8, 'Alex Elkins', 840, 2),
(17, 2, 5, 1, 'Jonathan Brooks', 840, 2),
(18, 1, 5, 2, 'Jerome Schosse', 56, 2),
(19, 2, 5, 3, 'David Santos', 840, 2),
(20, 7, 5, 4, 'Christopher Bailey', 840, 2),
(21, 7, 5, 5, 'Elliot Freidmann', 840, 2),
(22, 7, 5, 6, 'Glen Sylvester', 840, 2),
(23, 7, 5, 7, 'Malcolm Scotland', 840, 2),
(24, 1, 5, 8, 'Gabriel Mends', 840, 2),
(25, 2, 7, 1, 'Kevin Nguyen', 840, 2),
(26, 23, 1, 1, 'Dylan Austin', 840, 1),
(27, 20, 2, 1, 'Mindy Lambke', 840, 1),
(28, 23, 2, 3, 'Bryan Cresswell', 840, 1),
(29, 22, 2, 2, 'Ryan Carter', 840, 1),
(30, 27, 2, 4, 'Robert Jeffre', 56, 1),
(31, 22, 1, 4, 'Nikko Ruelos', 840, 1),
(32, 25, 1, 2, 'Bonham Bryson', 840, 1),
(33, 23, 1, 8, 'Brian Gurta', 840, 1),
(34, 18, 18, 15, 'Eskil Vestre', 578, 2),
(35, 15, 18, 1, 'Alex Brosseau', 840, 2),
(36, 6, 19, 1, 'Scott Gerhardt', 840, 6),
(37, 32, 21, 1, 'Jason Klaczynski', 840, 2),
(38, 151, 55, 1, 'Mees Brenninkmeijer', 528, 5),
(39, 161, 55, 2, 'Steven M.', 276, 5),
(40, 162, 55, 3, 'Dennis M.', 276, 5),
(41, 159, 55, 4, 'Bert W.', 528, 5),
(42, 151, 55, 5, 'Karl Peters', 276, 5),
(43, 163, 55, 6, 'Marc Lutz', 276, 5),
(44, 144, 55, 7, 'Dennis S.', 276, 5),
(45, 151, 55, 8, 'Finn S.', 276, 5),
(46, 158, 57, 1, 'Jimmy McClure', 840, 4),
(47, 154, 57, 3, 'Alex Hill', 840, 4),
(48, 158, 56, 1, 'Tobias Thesing', 276, 5),
(49, 151, 57, 7, 'Frank Diaz', 840, 4),
(50, 159, 57, 5, 'Kyle Sucevich', 840, 4),
(51, 153, 57, 4, 'Steve Guthrie', 840, 4),
(52, 157, 58, 1, 'Andrew Wamboldt', 840, 6),
(53, 158, 56, 2, 'Artur R.', 276, 5),
(54, 158, 56, 3, 'Patrik Räty', 246, 5),
(55, 153, 56, 4, 'David K.', 276, 5),
(56, 156, 56, 5, 'Fatih Akdemir', 276, 5),
(57, 153, 56, 6, 'Konrad K.', 276, 5),
(58, 154, 56, 7, 'Michal P.', 276, 5),
(59, 166, 56, 8, 'Niklas Lehnert-Rappel', 276, 5),
(60, 157, 59, 1, 'Andrew Wamboldt', 840, 6),
(61, 154, 52, 1, 'Andrew Estrada', 124, 1),
(62, 154, 52, 2, 'Igor Costa', 620, 1),
(63, 150, 52, 3, 'Michikazu Tsuda', 392, 1),
(64, 154, 52, 4, 'Paulo Silva', 620, 1),
(65, 142, 53, 1, 'Trent Orndorff', 840, 1),
(66, 2, 53, 2, 'Alex Croxton', 840, 1),
(67, 169, 53, 3, 'Grant Manley', 840, 1),
(68, 158, 53, 4, 'Calvin Connor', 840, 1),
(69, 144, 54, 1, 'Haruto Kobayashi', 392, 1),
(70, 158, 54, 2, 'Takashi Oguni', 392, 1),
(71, 150, 54, 3, 'Hitoshi Omura', 392, 1),
(72, 158, 54, 4, 'Yui Kaizaki', 392, 1),
(73, 68, 31, 3, 'Tsuguyoshi Yamato', 392, 1),
(74, 65, 33, 1, 'Jun Hasebe', 392, 1),
(75, 170, 33, 2, 'Hiroki Yano', 392, 1),
(76, 61, 31, 1, 'Tom Roos', 246, 1),
(77, 147, 50, 2, 'Clément Lamberton', 250, 1),
(78, 142, 50, 3, 'Ian Whiton', 840, 1),
(79, 117, 49, 1, 'Jason Klaczynski', 840, 1),
(80, 144, 51, 2, 'Yugo Sato', 392, 1),
(81, 171, 46, 1, 'Igor Costa', 620, 1),
(82, 128, 48, 1, 'Shuto Itagaki', 392, 1),
(83, 120, 47, 1, 'Chase Moloney', 124, 1),
(84, 158, 60, 1, 'Dennis B.', 276, 6),
(85, 151, 60, 2, 'Dennis M.', 276, 6),
(86, 158, 60, 3, 'Dustin G.', 276, 6),
(87, 153, 60, 4, 'David K.', 276, 6),
(88, 154, 61, 1, 'Niklas Lehnert-Rappel', 276, 2),
(89, 35, 20, 2, 'Douglas Zuver', 840, 2),
(90, 172, 20, 1, 'Eric Richards', 124, 2),
(91, 33, 21, 2, 'Jeroen Robert', 56, 2),
(92, 38, 22, 2, 'Chris Fulop', 840, 1),
(93, 43, 22, 1, 'Tsuguyoshi Yamato', 392, 1),
(94, 40, 24, 2, 'Reed Weichler', 840, 1),
(95, 41, 23, 2, 'Kevin Nguyen', 840, 1),
(96, 174, 23, 22, 'Paris Garavaglia', 840, 1),
(97, 173, 22, 26, 'Kevin DeMooy', 528, 1),
(98, 43, 23, 1, 'Takuya Yoneda', 392, 1),
(99, 40, 24, 4, 'Taylor Mitchell', 840, 1),
(100, 38, 23, 4, 'Sebastian Crema', 124, 1),
(101, 43, 24, 3, 'Akira Miyazaki', 392, 1),
(102, 43, 24, 1, 'Hayato Sato', 392, 1),
(103, 43, 22, 3, 'Go Miyamoto', 392, 1),
(104, 175, 23, 3, 'Takayaki Hishide', 392, 1),
(105, 176, 27, 2, 'Geoffrey Sauk', 840, 1),
(106, 52, 27, 1, 'Curran Hill', 840, 1),
(107, 48, 26, 2, 'Takashi Yoneda', 392, 1),
(108, 50, 27, 3, 'Michael Gonzalez', 840, 1),
(109, 59, 25, 1, 'Jeremy Maron', 840, 1),
(110, 59, 25, 3, 'Pablo Meza', 484, 1),
(111, 59, 25, 38, 'Adam Capriola', 840, 1),
(112, 52, 26, 1, 'Stuart Benson', 840, 1),
(113, 47, 25, 2, 'Ross Cawthon', 840, 1),
(114, 48, 25, 4, 'Ken Yukuhiro', 392, 1),
(115, 53, 26, 4, 'Andrew Knaack', 840, 1),
(116, 50, 26, 3, 'Dan Richard', 840, 1),
(117, 49, 27, 4, 'Jefre Robert', 56, 1),
(118, 54, 30, 1, 'Hiroki Yano', 392, 1),
(119, 55, 28, 2, 'Jimmy Ballard', 840, 1),
(120, 56, 29, 1, 'Miska Saari', 246, 1),
(121, 58, 28, 1, 'Jason Klaczynski', 840, 1),
(122, 63, 32, 1, 'Jeremy Scharff-Kim', 840, 1),
(123, 68, 32, 2, 'Akira Miyazaki', 392, 1),
(124, 19, 62, 1, 'Dan King', 840, 5),
(125, 160, 63, 1, 'Werner Jr. Quevedo', 380, 5),
(126, 17, 64, 5, 'Matt Moss', 840, 3),
(127, 19, 65, 1, 'Matt Moss', 840, 3),
(128, 70, 35, 2, 'Paul Atanassov', 124, 1),
(129, 71, 35, 1, 'Dylan Lefavour', 840, 1),
(130, 75, 36, 1, 'Tristan Robinson', 840, 1),
(131, 87, 34, 1, 'Jason Klaczynski', 840, 1),
(132, 94, 38, 2, 'David Cohen', 840, 1),
(133, 93, 39, 1, 'Tsubasa Nakamura', 392, 1),
(134, 95, 39, 2, 'Jason Martinez', 840, 1),
(135, 178, 37, 1, 'Stephen Silvestro', 840, 1),
(136, 104, 40, 1, 'Yuta Komatsuda', 392, 1),
(137, 102, 41, 2, 'Mychael Brya', 840, 1),
(138, 89, 42, 1, 'Yuka Furusawa', 392, 1),
(139, 87, 40, 2, 'Michael Pramawat', 840, 1),
(140, 113, 66, 4, 'Mathieu Lingelser', 250, 3),
(141, 104, 66, 12, 'Christophe Caron', 250, 3),
(142, 104, 66, 15, 'Adrien Boulet', 250, 3),
(143, 154, 67, 22, 'Sam VerNooy', 840, 4),
(144, 1, 68, 1, 'William Hung', 840, 5),
(145, 7, 69, 1, 'Chad Mills', 840, 5),
(146, 7, 70, 1, 'Chad Mills', 840, 5),
(147, 7, 16, 1, 'Andy Jacobs', 840, 5),
(148, 179, 71, 1, 'Bob Havlovic', 840, 5),
(149, 7, 72, 2, 'Daniel Duterte', 840, 5),
(150, 7, 73, 1, '-', 840, 5),
(151, 6, 74, 1, 'Andrew Marshall', 840, 3),
(152, 7, 74, 2, 'William Lieu', 840, 3),
(153, 179, 74, 3, 'Chris Neathery', 840, 3),
(154, 1, 74, 4, 'Alvin Osborn', 840, 3),
(155, 7, 74, 5, 'Marcus Abreu', 76, 3),
(156, 7, 74, 6, 'Jay Yu', 36, 3),
(157, 7, 74, 7, 'Jarod Stein', 840, 3),
(158, 179, 74, 8, 'Darren Guiao', 840, 3),
(159, 2, 76, 1, 'Joseph Viray', 840, 3),
(160, 6, 75, 1, 'Jack Savage', 840, 3),
(161, 7, 75, 2, 'Kody Barret', 840, 3),
(162, 1, 75, 3, 'Daniel Nino', 840, 3),
(163, 7, 75, 4, 'Zach Froelich', 840, 3),
(164, 7, 75, 5, 'Matthew Townend', 840, 3),
(165, 1, 75, 6, 'Derek Bowling', 840, 3),
(166, 7, 75, 7, 'John Pratt', 840, 3),
(167, 7, 75, 8, 'Ben Ferguson', 840, 3),
(168, 180, 76, 2, 'Dean Bartlett', 840, 3),
(169, 180, 76, 3, 'Mitch Morris', 840, 3),
(170, 6, 76, 4, 'Brock Christianson', 840, 3),
(171, 1, 76, 5, 'Ken Knight', 840, 3),
(172, 1, 76, 7, 'Chris Graham', 840, 3),
(173, 7, 76, 8, 'Gilbert Manquez', 840, 3),
(174, 2, 77, 1, 'Sam Bowers', 36, 7),
(175, 7, 4, 15, 'David Friedlander', 840, 3),
(176, 10, 78, 1, 'Jeremy Davis', 840, 7),
(177, 126, 45, 1, 'Gustavo Wada', 76, 1),
(178, 132, 44, 1, 'Christopher Kan', 36, 1),
(179, 134, 43, 2, 'Ross Cawthon', 840, 1),
(180, 125, 43, 1, 'David Cohen', 840, 1),
(181, 116, 48, 4, 'Zachary Bokhari', 840, 1),
(182, 12, 79, 1, 'Jason Klaczynski', 840, 1),
(183, 181, 80, 1, 'Johnny Patriarch', 840, 7),
(184, 106, 66, 1, 'Nikola Vakarelov', 250, 3),
(185, 151, 81, 1, 'Dylan Dreyer', 840, 6),
(186, 151, 82, 2, 'Dylan Dreyer', 840, 6),
(187, 151, 83, 4, 'Dylan Dreyer', 840, 6),
(188, 151, 84, 4, 'Dylan Dreyer', 840, 6),
(189, 182, 85, 16, 'Denise van Wijk', 56, 4),
(190, 154, 61, 3, 'David Hochmann', 276, 3),
(191, 117, 86, 1, 'Martin Janouš', 40, 4),
(192, 158, 87, 1, 'Philipp H.', 276, 3),
(193, 184, 88, 1, 'Stephane Ivanoff', 250, 5),
(194, 185, 88, 4, 'Marc Lutz', 276, 5),
(195, 158, 88, 2, 'Dominik Wieser', 40, 5),
(196, 168, 88, 3, 'Martina C.', 380, 5),
(197, 183, 88, 5, 'Lukas P.', 40, 5),
(198, 183, 88, 6, 'Luca S.', 40, 5),
(199, 185, 88, 7, 'Tobias Smutkowski', 276, 5),
(200, 168, 88, 8, 'Nicolò Casti', 380, 5),
(201, 168, 89, 1, 'João Paulo Henrique', 76, 6),
(202, 155, 90, 1, 'Zahir Hamid', 710, 6),
(203, 1, 91, 1, 'David W.', 840, 7),
(204, 186, 92, 1, 'Max Philips', 826, 8),
(205, 187, 61, 2, 'Emanuel da Silva', 528, 3),
(206, 168, 93, 13, 'Daniel Altavilla', 840, 4),
(207, 168, 94, 13, 'Daniel Altavilla', 840, 4),
(208, 188, 93, 32, 'Vincente Maya', 840, 4),
(209, 189, 94, 1, 'Orion Craig', 840, 4),
(210, 189, 93, 4, 'Orion Craig', 840, 4),
(211, 2, 95, 1, 'Will H.', 840, 7),
(212, 155, 96, 24, 'Nicholena Moon', 840, 4),
(213, 188, 97, 8, 'Zander Bennett', 840, 6),
(214, 188, 98, 8, 'Zander Bennett', 840, 6),
(215, 188, 99, 5, 'Zander Bennett', 840, 6),
(216, 189, 100, 5, 'Zander Bennett', 840, 6),
(217, 157, 101, 1, 'Kyle Sabelhaus', 840, 6),
(218, 168, 93, 29, 'Kyle Warden', 840, 4),
(219, 190, 93, 21, 'Andre Bortoni', 76, 4),
(220, 1, 102, 1, 'Ivan V. Farkas', 840, 7),
(221, 49, 103, 2, 'YoungJohn06', 840, 6),
(222, 2, 104, 3, 'Johnny K.', 840, 6),
(223, 191, 105, 5, 'Arthur Lemaire', 250, 6),
(224, 185, 106, 1, 'Stephane Ivanoff', 250, 6),
(225, 158, 93, 1, 'Dylan Dreyer', 840, 4),
(226, 158, 94, 5, 'Dylan Dreyer', 840, 4),
(227, 7, 107, 1, 'Joe Turner', 840, 7),
(228, 7, 108, 1, 'Brett Slaby', 840, 7),
(229, 7, 109, 1, '-', 840, 7),
(230, 7, 110, 1, '-', 840, 7),
(231, 159, 93, 16, 'Noel Totomuch', 840, 4),
(232, 151, 111, 4, 'Karol Blesak', 703, 6),
(233, 151, 112, 5, 'Nicolas Mendoza', 250, 6),
(234, 197, 113, 7, 'Orion Craig', 840, 6),
(235, 192, 114, 1, 'Brandon Salazar', 840, 3),
(236, 155, 96, 31, 'Erik Nance', 840, 4),
(237, 152, 114, 2, 'Michael Pramawat', 840, 3),
(238, 158, 114, 3, 'Isaiah Williams', 840, 3),
(240, 144, 114, 4, 'Calvin Nordberg', 840, 3),
(241, 159, 115, 1, 'Ishaan Jagiasi', 840, 3),
(242, 154, 116, 1, 'Andy Younger', 840, 3),
(243, 154, 117, 16, 'Zach Gharst', 840, 4),
(244, 154, 118, 17, 'Eric Gansman', 840, 4),
(245, 156, 117, 32, 'Chris Abernathy', 840, 4),
(246, 158, 115, 2, 'Jeremiah Williams', 840, 3),
(247, 152, 115, 3, 'Seth Hanslik', 840, 3),
(248, 152, 115, 4, 'Jon Eng', 840, 3),
(249, 154, 116, 2, 'Jon-Luke Modory', 840, 3),
(250, 158, 116, 3, 'Rachel Schmaus', 840, 3),
(251, 158, 116, 4, 'Hatch Cunningham', 840, 3),
(252, 163, 119, 4, 'Karol Blesak', 703, 7),
(253, 1, 120, 2, 'Tyler Grund', 840, 7),
(254, 1, 120, 1, 'Sam Nansel', 840, 7),
(255, 2, 121, 1, 'P. Miller', 840, 7),
(256, 179, 122, 3, 'Blake Benedict', 840, 7),
(257, 1, 123, 4, 'Colin Peterik', 840, 7),
(258, 1, 124, 1, 'Kyle Hagen', 840, 7),
(259, 1, 125, 1, 'Ryan Truong', 124, 7),
(260, 1, 126, 1, 'Ryan Truong', 124, 7),
(261, 1, 127, 2, 'Ryan Truong', 124, 7),
(262, 6, 128, 2, 'Stéphane S.', 250, 2),
(263, 154, 129, 17, 'Chris Abernathy', 840, 4),
(264, 193, 130, 1, 'Safraz Spinz Rasheed', 840, 7),
(265, 1, 131, 1, 'Andres Rodriguez', 840, 7),
(266, 7, 132, 3, 'Manuel Zubieta', 840, 7),
(267, 1, 133, 2, 'Mark M.', 840, 7),
(268, 1, 134, 1, 'Daniel Traywick', 840, 7),
(269, 1, 135, 1, 'Andrés Rodriguez', 840, 7),
(270, 185, 136, 3, 'Connor Finton', 840, 4),
(271, 1, 137, 1, 'Matt Pfeiffer', 840, 7),
(272, 1, 138, 3, 'Andre Azzolini', 840, 7),
(273, 1, 138, 1, 'Scott Gerhardt', 840, 7),
(274, 1, 138, 2, 'Gordon Kane', 840, 7),
(275, 1, 139, 5, 'Tom H.', 840, 4),
(276, 1, 140, 1, 'Chipmunk_G', 840, 8),
(277, 1, 141, 1, 'Dan Mayo', 840, 7),
(278, 1, 141, 2, 'Sam Nansel', 840, 7),
(279, 1, 142, 1, 'E. Judd', 840, 7),
(280, 1, 143, 1, 'S. Schakols', 840, 7),
(281, 1, 144, 3, '-', 840, 5),
(282, 6, 145, 1, 'Scott Gerhardt', 840, 7),
(283, 164, 146, 1, 'Phil H.', 840, 7),
(284, 164, 147, 1, 'Calvin Jamison', 840, 4),
(285, 7, 147, 2, 'Ned M.', 840, 4),
(286, 180, 148, 1, 'Ryan Truong', 124, 7),
(287, 2, 149, 1, 'Tom DiLena', 840, 7),
(288, 2, 150, 1, 'Brady Watkins', 840, 7),
(289, 1, 151, 3, 'Vishal P.', 840, 7),
(290, 1, 19, 4, 'J. Rock', 840, 7),
(291, 2, 152, 1, 'Gregory Whitaker', 840, 7),
(292, 7, 153, 1, 'Travis Keshav', 840, 7),
(293, 1, 154, 1, 'Nathan P.', 840, 7),
(294, 6, 155, 1, 'Adam Gonzalez', 840, 5),
(295, 6, 156, 1, 'Trey', 840, 7),
(296, 6, 157, 1, 'Trey', 840, 7),
(297, 7, 158, 2, 'Trey', 840, 7),
(298, 7, 159, 1, 'Hanni Al-Nimer', 840, 7),
(299, 14, 160, 1, 'John Chimento', 840, 7),
(300, 7, 4, 25, 'Tim Smith', 840, 3),
(301, 185, 161, 25, 'Connor Finton', 840, 4),
(302, 155, 161, 12, 'Andrew Wamboldt', 840, 4),
(303, 155, 161, 10, 'John Kriewall', 840, 4),
(304, 158, 93, 2, 'Jordan Parrish', 840, 4),
(305, 158, 94, 3, 'Jordan Parrish', 840, 4),
(306, 155, 93, 6, 'Santiago Rodriguez', 840, 4),
(307, 166, 162, 4, 'Justin Crossley', 840, 5),
(308, 194, 163, 1, 'TJ Traquair', 124, 5),
(309, 151, 164, 1, 'Charles Randall', 840, 5),
(310, 158, 163, 7, 'Kabir Virji', 124, 5),
(311, 155, 165, 3, 'Charles Randall', 840, 6),
(312, 195, 164, 4, 'Jay Young', 840, 5),
(313, 158, 166, 1, 'Max Armitage', 840, 5),
(314, 190, 166, 8, 'Bradley Curcio', 840, 5),
(315, 158, 167, 7, 'Daniel Lynch', 840, 5),
(316, 151, 166, 6, 'Andy Gray', 840, 5),
(317, 151, 168, 5, 'Chris Abernathy', 840, 5),
(318, 158, 169, 6, 'Alex Hill', 840, 5),
(319, 194, 169, 3, 'Kevin Baxter', 840, 5),
(320, 193, 170, 3, 'Josh Bangle', 840, 5),
(321, 158, 171, 1, 'Patriček Bartošovič', 203, 4),
(322, 190, 166, 3, 'John Kettler', 840, 5),
(323, 188, 172, 1, 'Tommi Lahtela', 578, 4),
(324, 189, 173, 8, 'Kevin Murphy', 840, 5),
(325, 158, 173, 4, 'Ahmed Amr Ibrahim Ali', 840, 5),
(326, 196, 173, 5, 'Kevin Chen', 840, 5),
(327, 7, 174, 1, 'Thiago Neto', 76, 7),
(328, 197, 166, 2, 'Brandon Cantu', 840, 5),
(329, 159, 175, 2, 'Simone Soldo', 380, 4),
(330, 194, 176, 2, 'Kevin Baxter', 840, 5),
(331, 197, 173, 2, 'Kolton Day', 840, 5),
(332, 197, 177, 1, 'Michael Slutsky', 840, 5),
(333, 198, 178, 5, 'Andrew Mahone', 840, 5),
(334, 151, 169, 8, 'Kyle McKeough', 840, 5),
(335, 157, 179, 1, 'Amy Wilson', 36, 4),
(336, 199, 184, 5, 'Kris Hill', 840, 5),
(337, 185, 176, 7, 'Samantha Martin', 840, 5),
(338, 155, 180, 1, 'Mees Brenninkmeijer', 56, 4),
(339, 158, 181, 1, 'Chris Collins', 840, 5),
(340, 158, 182, 1, 'Christian Velazquez', 840, 7),
(341, 155, 183, 2, 'Safraz Spinz Rasheed', 840, 7),
(342, 200, 185, 1, 'Jimmy McClure', 840, 5),
(343, 158, 166, 7, 'Michael Dones', 840, 5),
(344, 200, 186, 1, 'James Stumbo', 840, 5),
(345, 188, 187, 3, 'Zahir Hamid', 710, 4),
(346, 151, 184, 2, 'Brandon Cantu', 840, 5),
(347, 155, 181, 5, 'Jack Stensrud', 840, 5),
(348, 158, 188, 5, 'Raymond Cipoletti', 840, 5),
(349, 157, 189, 1, 'Tamao Cameron', 826, 4),
(350, 194, 190, 8, 'Jake Dudzik', 840, 5),
(351, 168, 178, 3, 'Ben Osborn', 840, 5),
(352, 185, 191, 6, 'Brandon Smiley', 840, 5),
(353, 190, 192, 5, 'Robert Davies', 124, 5),
(354, 194, 193, 2, 'Daniel Altavilla', 840, 5),
(355, 158, 191, 2, 'Kyle Haverland', 840, 5),
(356, 155, 194, 3, 'Lucas Nesslerodt', 840, 5),
(357, 198, 195, 2, 'Sen Caubergh', 56, 4),
(358, 197, 193, 1, 'Orion Craig', 840, 5),
(359, 168, 96, 2, 'Brandon Salazar', 840, 4),
(360, 168, 161, 7, 'Brad Curcio', 840, 4),
(361, 151, 196, 4, 'Safraz Spinz Rasheed', 840, 7),
(362, 154, 166, 4, 'Long Bui', 840, 5),
(363, 188, 197, 3, 'Luca S.', 40, 4),
(364, 198, 171, 2, 'Lukas P.', 40, 4),
(365, 158, 192, 3, 'Malik Zaihan', 458, 5),
(366, 1, 198, 2, 'Jeff D.', 840, 7),
(367, 1, 199, 3, 'Lobraico', 840, 7),
(368, 1, 200, 1, 'Tony A.', 840, 7),
(369, 1, 201, 3, 'Andrew Fournier', 840, 7),
(370, 154, 190, 1, 'Henry Ross', 840, 5),
(371, 154, 194, 6, 'Henry Ross', 840, 5),
(372, 188, 181, 6, 'Zach Negomir', 840, 5),
(373, 151, 192, 6, 'Zach Lesage', 124, 5),
(374, 158, 192, 2, 'Justin Young', 840, 5),
(375, 201, 202, 3, 'Corey Scott', 840, 5),
(376, 202, 203, 3, 'Michael Feller', 840, 5),
(377, 203, 204, 1, 'James Hart', 840, 5),
(378, 203, 204, 5, 'Austen Vance', 840, 5),
(379, 168, 204, 2, 'BJ Brownell', 840, 5),
(380, 200, 164, 3, 'Sorina Radu', 840, 5),
(381, 196, 205, 1, 'Philipp L.', 276, 4),
(382, 155, 206, 1, 'Christian Ortiz', 840, 5),
(383, 185, 206, 4, 'Carter Copeland', 840, 5),
(384, 151, 207, 5, 'Oliver Barnett', 826, 4),
(385, 158, 208, 2, 'Søren Neumann', 208, 4),
(386, 189, 208, 1, 'Steffen Eriksen', 528, 4),
(387, 204, 209, 1, 'Jake Morgan', 840, 5),
(388, 151, 206, 5, 'Dylan Dreyer', 840, 5),
(389, 154, 194, 7, 'Brent Siebenkittel', 840, 5),
(390, 205, 190, 2, 'Grant Manley', 840, 5),
(391, 154, 210, 1, 'Grant Manley', 840, 5),
(392, 203, 211, 2, 'Mike Fouchet', 840, 5),
(393, 188, 209, 2, 'Rudy Paras', 840, 5),
(394, 198, 185, 7, 'Nicholena Moon', 840, 5),
(395, 201, 210, 5, 'Erik Nance', 840, 5),
(396, 154, 178, 1, 'Andrew Estrada', 124, 5),
(397, 6, 212, 1, 'Rico Raines', 840, 7),
(398, 196, 213, 1, 'Sebastian Inks', 840, 5),
(399, 151, 203, 5, 'Phillip Barta', 840, 5),
(400, 144, 214, 8, 'Zach Martin', 840, 5),
(401, 151, 215, 4, 'Chris Collins', 840, 5),
(402, 189, 216, 4, 'Jeremy Jallen', 840, 5),
(403, 163, 215, 7, 'Jeremy Jallen', 840, 5),
(404, 158, 217, 3, 'Brent Hermans', 56, 4),
(405, 158, 218, 3, 'Brent Hermans', 56, 4),
(406, 197, 202, 4, 'Deon Lunsford', 840, 5),
(407, 158, 179, 3, 'Matty Masefield', 36, 4),
(408, 158, 219, 1, 'Matty Masefield', 36, 4),
(409, 155, 220, 7, 'David M.', 36, 6),
(410, 158, 169, 7, 'Eric Gansman', 840, 5),
(411, 194, 202, 8, 'Carl Scheu', 840, 5),
(412, 188, 221, 6, 'Jory Ackerman', 840, 5),
(413, 154, 221, 1, 'Richard Reynolds', 840, 5),
(414, 158, 176, 4, 'Owen Robinson', 840, 5),
(415, 168, 210, 4, 'Eric Smith', 840, 5),
(416, 200, 222, 3, 'Jay Lesage', 124, 5),
(417, 151, 222, 5, 'Zach Lesage', 124, 5),
(418, 188, 223, 1, 'James Goreing', 36, 4),
(419, 158, 173, 3, 'Nick Greco', 840, 5),
(420, 102, 37, 5, 'Fabien Garnier', 250, 1),
(421, 157, 166, 5, 'Jordan Roberts', 840, 5),
(422, 197, 203, 1, 'Jordan Roberts', 840, 5),
(423, 155, 168, 1, 'Treynor Wolfe', 840, 5),
(424, 155, 191, 8, 'Treynor Wolfe', 840, 5),
(425, 151, 186, 5, 'Treynor Wolfe', 840, 5),
(426, 154, 214, 1, 'Treynor Wolfe', 840, 5),
(427, 188, 181, 2, 'William Angel', 840, 5),
(428, 158, 224, 3, 'Tristan Macek', 840, 5),
(429, 194, 211, 8, 'Tristan Macek', 840, 5),
(430, 193, 202, 6, 'Steve Guthrie', 840, 5),
(431, 154, 225, 2, 'Joey Gaffney', 840, 5),
(432, 203, 226, 3, 'Walmir Luna', 76, 4),
(433, 158, 164, 2, 'Andrew Wamboldt', 840, 5),
(434, 158, 204, 4, 'Justin Aaron', 840, 5),
(435, 188, 227, 1, 'Patrick Landis', 756, 3),
(436, 188, 228, 1, 'Luca S.', 40, 4),
(437, 189, 229, 1, 'David Sturm', 276, 3),
(438, 185, 229, 2, 'Niklas Lehnert-Rappel', 276, 3),
(439, 196, 229, 3, 'Fatih Akdemir', 276, 3),
(440, 188, 229, 4, 'Karl Peters', 276, 3),
(441, 168, 229, 5, 'Ole S.', 276, 3),
(442, 188, 229, 6, 'Robin Schulz', 276, 3),
(443, 155, 229, 7, 'Friedrich I.', 276, 3),
(444, 200, 229, 8, 'Markus J.', 276, 3),
(445, 185, 230, 1, 'Lukas P.', 40, 3),
(446, 188, 230, 2, 'Luca S.', 40, 3),
(447, 189, 230, 3, 'David R.', 40, 3),
(448, 188, 230, 4, 'Sandro P.', 40, 3),
(449, 188, 231, 1, 'Manuke Riemis', 56, 3),
(450, 188, 232, 2, 'Stéphane Ivanoff', 250, 3),
(451, 154, 232, 1, 'Thomas Vernier', 250, 3),
(452, 158, 232, 8, 'Jean Baptiste Hénard', 250, 3),
(453, 158, 232, 16, 'Aurélien Delambre', 250, 3),
(454, 190, 233, 5, 'Sam Taylor', 826, 3),
(455, 188, 234, 1, 'Tommi Lahtela', 578, 3),
(456, 206, 235, 8, 'Petr Janouš', 203, 3),
(457, 206, 235, 1, 'Martin Janouš', 203, 3),
(458, 185, 235, 2, 'Jakub Rajchl', 203, 3),
(459, 207, 235, 3, 'Parik Bartošovič', 203, 3),
(460, 206, 235, 4, 'Martin Káninský', 203, 3),
(461, 205, 235, 5, 'Nina Lučná', 203, 3),
(462, 208, 235, 6, 'Štefan Lučný', 203, 3),
(463, 188, 236, 1, 'Onřej K.', 203, 3),
(464, 188, 236, 2, 'Martin M.', 203, 3),
(465, 188, 236, 3, 'Jan Z.', 203, 3),
(466, 196, 236, 4, 'Jakub T.', 203, 3),
(467, 206, 237, 1, 'Zahir Hamid', 710, 3),
(468, 190, 238, 4, 'Pedro Barbosa', 620, 3),
(469, 209, 239, 2, 'Alessandro Caccia', 380, 3),
(470, 209, 240, 4, 'Onřej N.', 203, 3),
(471, 207, 240, 2, 'David M.', 203, 3),
(472, 188, 240, 1, 'Štěpán S.', 203, 3),
(473, 197, 241, 5, 'Kyle Haverland', 840, 4),
(474, 197, 241, 28, 'Kolton Day', 840, 4),
(475, 197, 242, 4, 'Kolton Day', 840, 4),
(476, 197, 242, 17, 'Kyle Haverland', 840, 4),
(477, 200, 243, 2, 'Jon F.', 840, 4),
(478, 210, 244, 2, 'Jon F.', 840, 4),
(479, 209, 233, 1, 'Alex Dao', 826, 3),
(480, 211, 245, 5, 'TJ Traquair', 840, 4),
(481, 190, 246, 2, 'TJ Traquair', 840, 4),
(482, 157, 247, 1, 'Jason Klaczynski', 840, 3),
(483, 212, 247, 2, 'Enrique Avila', 840, 3),
(484, 185, 247, 3, 'Ben Moskow', 840, 3),
(485, 213, 247, 4, 'Grant Manley', 840, 3),
(486, 214, 247, 5, 'Eduardo Gonzalez', 840, 3),
(487, 200, 247, 6, 'Kristy Britton', 840, 3),
(488, 185, 247, 7, 'Dylan Bryan', 840, 3),
(489, 220, 247, 8, 'Geoffrey Sauk', 840, 3),
(490, 19, 248, 10, 'Stephanie Borchardt', 840, 2),
(491, 27, 248, 5, 'Martin Moreno', 840, 2),
(492, 215, 248, 3, 'Kevin Chang', 840, 2),
(493, 19, 248, 6, 'Brandon Ienn', 840, 2),
(494, 19, 249, 1, 'Eric Brooks', 840, 2),
(495, 19, 249, 2, 'Drew Holton', 840, 2),
(496, 216, 249, 3, 'Tom Liesegang', 840, 2),
(497, 28, 249, 4, 'Colin Brown', 840, 2),
(498, 19, 249, 5, 'Brian O''Leary', 840, 2),
(499, 28, 249, 6, 'Alex Turkawski', 840, 2),
(500, 13, 249, 7, 'Bryson Bonham', 840, 2),
(501, 217, 249, 8, 'Brenden Ashton', 840, 2),
(502, 19, 250, 1, 'Jonathan Brooks', 840, 2),
(503, 218, 250, 2, 'Michael Reynolds', 840, 2),
(504, 216, 250, 3, 'Thomas Donnegan', 840, 2),
(505, 219, 250, 4, 'Brianna Bonham', 840, 2),
(506, 17, 250, 5, 'Daniel Mermelstein', 840, 2),
(507, 67, 251, 1, 'James Hill', 826, 8),
(508, 194, 252, 1, 'Lance Bradshaw', 840, 3),
(509, 220, 252, 2, 'James Staszel', 840, 3),
(510, 193, 253, 1, 'Jacob Van Wagner', 840, 1),
(511, 200, 253, 2, 'Mees Brenninkmeijer', 528, 1),
(512, 200, 253, 3, 'Igor Costa', 620, 1),
(513, 155, 253, 4, 'Merlin Quittek', 276, 1),
(514, 199, 253, 5, 'Sean Foisy', 840, 1),
(515, 150, 253, 6, 'Tito Santoso', 360, 1),
(516, 151, 253, 7, 'Simon Narode', 840, 1),
(517, 155, 253, 8, 'Martin Janous', 203, 1),
(518, 200, 254, 1, 'Evan Smith', 840, 3),
(519, 168, 254, 2, 'Ryan Chu', 840, 3),
(520, 200, 255, 1, 'Patrick Martinez', 840, 1),
(521, 151, 255, 2, 'Jeffrey Cheng', 840, 1),
(522, 221, 255, 4, 'Brent Tonisson', 36, 1),
(523, 151, 255, 3, 'Colter Decker ', 840, 1),
(524, 185, 255, 5, 'Calvin Connor', 840, 1),
(525, 200, 255, 6, 'Jesper Eriksen', 208, 1),
(526, 200, 255, 8, 'Jon Eng', 840, 1),
(527, 222, 255, 7, 'Josh Ferando', 124, 1),
(528, 168, 255, 27, 'Alex Smetana', 840, 1),
(529, 168, 256, 1, 'Rowan Stavenow', 124, 1),
(530, 190, 256, 2, 'Alejandro Ng-Guzman', 840, 1),
(531, 200, 256, 3, 'Jackson Davies', 124, 1),
(532, 168, 256, 4, 'Enrico Marini', 380, 1),
(533, 168, 256, 5, 'Everett Rutter-Ferris', 124, 1),
(534, 151, 256, 6, 'Asaki Hasegawa', 392, 1),
(535, 166, 256, 7, 'Keita Saubaigne', 56, 1),
(536, 193, 256, 8, 'Yuto Omura', 840, 1),
(537, 221, 252, 3, 'Patrick Martinez', 840, 3),
(538, 200, 252, 4, 'Emiliano Rosales', 840, 3),
(539, 162, 253, 13, 'Daniel Altavilla', 840, 1),
(540, 189, 257, 4, 'Nelson Chua', 702, 2),
(541, 213, 252, 5, 'Calvin Connor', 840, 3),
(542, 168, 252, 6, 'Justin Poist', 840, 3),
(543, 220, 252, 7, 'Alex Schemanske', 840, 3),
(544, 223, 252, 8, 'Xander Pero', 840, 3),
(545, 199, 254, 3, 'Reece Nighswander', 840, 3),
(546, 190, 254, 5, 'Easton Ours', 840, 3),
(547, 224, 254, 7, 'Isaac Bunker', 840, 3),
(548, 199, 253, 27, 'Alexander Hill', 840, 1),
(549, 155, 253, 14, 'Dylan Dreyer', 840, 1),
(550, 19, 258, 1, 'David Bui', 840, 2),
(551, 19, 258, 2, 'Jonathan Brooks', 840, 2),
(552, 225, 258, 4, 'Luke Waruszcwski', 840, 2),
(553, 17, 258, 3, 'Joseph Barone', 840, 2),
(554, 201, 259, 1, 'Brian Ortiz', 840, 7),
(555, 227, 260, 3, 'Michael Slutsky', 840, 7),
(556, 228, 261, 1, 'Robin Schulz', 276, 5),
(557, 158, 261, 2, 'Fatih Akdemir', 276, 5),
(558, 229, 261, 3, 'David Sturm', 276, 5),
(559, 230, 261, 4, 'Tobias Thesing', 276, 5),
(560, 155, 261, 7, 'Lucas Bremm', 276, 5),
(561, 158, 261, 6, 'Niklas Lehnert-Rappel', 276, 5),
(562, 158, 261, 8, 'Tobias Smutkowski', 276, 5),
(563, 158, 261, 5, 'Nico Alabas', 276, 5),
(564, 226, 262, 1, 'Patrik Räty', 246, 7),
(565, 231, 263, 1, 'Nic Pearce', 826, 7),
(566, 119, 264, 1, 'Michael White', 840, 7),
(567, 193, 257, 8, 'Brandon Smiley', 840, 2),
(568, 232, 265, 1, 'Jake Urquidi', 840, 7),
(569, 233, 266, 3, 'Le’Antre Ingram', 840, 7),
(570, 228, 267, 1, 'Oscar Morales', 840, 4),
(571, 228, 267, 2, 'Dennis Moore', 840, 4),
(572, 155, 267, 3, 'Steven Toman', 840, 4),
(573, 150, 267, 4, 'Jorge Garcia', 840, 4),
(574, 234, 268, 1, 'Gary Robbins', 840, 8),
(575, 228, 268, 2, 'Brandon Salazar', 840, 8),
(576, 226, 268, 3, 'Harrison Leven', 840, 8),
(577, 226, 268, 4, 'Jose Marrero', 840, 8),
(578, 235, 269, 10, 'William Hung', 840, 5),
(579, 1, 270, 1, 'Drew Frohn', 840, 8),
(580, 7, 271, 32, 'Johnny Blaze', 840, 1),
(581, 43, 272, 1, 'Derrick Krenke', 840, 8),
(582, 236, 273, 1, 'Mehdi Hafi', 250, 4),
(583, 237, 274, 1, 'Thomas Guery', 250, 7),
(584, 223, 254, 4, 'Travis Beckwith', 840, 3),
(585, 223, 254, 6, 'Michael Minas', 840, 3),
(586, 155, 254, 8, 'Asher Donham', 840, 3),
(587, 155, 275, 6, 'Derek Oudie', 840, 4),
(588, 238, 276, 1, 'Eddie Sarafian', 752, 7),
(589, 239, 275, 8, 'Rodolfo Falcon', 840, 4),
(590, 240, 277, 4, 'Kayden Shivers', 840, 4),
(591, 158, 278, 1, 'Israel Sosa', 840, 4),
(592, 155, 275, 25, 'Blake Pennington‎', 840, 4),
(593, 147, 275, 16, 'Jc Sharp', 840, 4),
(594, 193, 279, 2, 'James Horvath', 840, 4),
(595, 240, 278, 22, 'Andrew Zavala ', 840, 4),
(596, 193, 278, 2, 'Jonathan Paranada', 840, 4),
(597, 158, 278, 3, 'Eli Covitz', 840, 4),
(598, 207, 278, 4, 'Zander Bennett', 840, 4),
(599, 200, 275, 1, 'Michael Pramawat', 840, 4),
(600, 193, 275, 2, 'Jason Klaczynski', 840, 4),
(601, 193, 275, 3, 'Austin Bentheimer', 840, 4),
(602, 193, 275, 4, 'Caleb Gedemer', 840, 4),
(603, 158, 275, 5, 'Brad Curcio', 840, 4),
(604, 193, 275, 7, 'Christopher Schemanske', 840, 4),
(605, 199, 280, 1, 'Cody Michael Graham', 840, 7),
(606, 223, 281, 1, 'Rodolfo Falcon', 840, 7),
(607, 228, 282, 4, 'Eddie Sitavi', 840, 4),
(608, 193, 277, 1, 'Tanner Hurley', 840, 4),
(609, 228, 277, 2, 'Antonio Banyaga', 840, 4),
(610, 155, 277, 3, 'Michael Waite', 840, 4),
(611, 151, 277, 5, 'Sam Shlafstein', 840, 4),
(612, 229, 277, 6, 'Dylan Johnson', 840, 4),
(613, 228, 277, 7, 'Emiliano Rosales', 840, 4),
(614, 220, 277, 8, 'Alex Schemanske', 840, 4),
(615, 158, 283, 1, 'Frank Diaz', 840, 4),
(616, 228, 283, 2, 'Matt Price', 840, 4),
(617, 240, 283, 3, 'Nick Robinson', 840, 4),
(618, 241, 284, 1, 'Axel Wolfe', 826, 8),
(619, 195, 285, 1, 'Piotr Orleanski', 616, 5),
(620, 242, 285, 2, 'Steffen Eriksen', 528, 5),
(621, 243, 285, 3, 'Tobias Smutkowski', 276, 5),
(622, 155, 285, 4, 'Karl Peters', 276, 5),
(623, 244, 285, 5, 'Benjamin C.', 276, 5),
(624, 155, 285, 6, 'Friedrich I.', 276, 5),
(625, 190, 285, 7, 'Mateusz S.', 616, 5),
(626, 245, 285, 8, 'Luca S.', 40, 5),
(627, 246, 286, 1, 'Jem Perks', 826, 8),
(628, 247, 286, 1, 'Axel Wolfe', 826, 8),
(629, 248, 287, 2, 'Jem Perks', 826, 8),
(630, 190, 288, 1, 'Sebastian Crema', 840, 4),
(631, 249, 289, 3, 'Stéphane Ivanoff', 250, 4),
(632, 251, 290, 21, 'Stéphane Ivanoff', 250, 2),
(633, 155, 290, 1, 'Mehdi Hafi', 250, 2),
(634, 177, 290, 2, 'Philip Schulz', 276, 2),
(635, 250, 290, 3, 'Scot Symonds', 826, 2),
(636, 228, 290, 4, 'David Roodhof', 528, 2),
(637, 195, 290, 5, 'Matin Guilbert', 250, 2),
(638, 249, 288, 2, 'Jacob Mechaber', 840, 4),
(639, 177, 291, 1, 'Tobias Smutkowski', 276, 5),
(640, 155, 291, 2, 'Philipp Leciejewski', 276, 5),
(641, 251, 291, 3, 'Ole Stognief', 276, 5),
(642, 250, 291, 4, 'Alexander Tsohohey', 40, 5),
(643, 195, 290, 6, 'Tamao Cameron', 826, 2),
(644, 228, 290, 7, 'Niklas Lehnert-Rappel', 276, 2),
(645, 195, 290, 8, 'Marc Lutz', 276, 2),
(646, 158, 288, 3, 'Tony Paull', 840, 4),
(647, 158, 288, 4, 'Michael Chin', 840, 4),
(648, 200, 288, 5, 'James McInnes', 840, 4),
(649, 154, 288, 6, 'Richard Reynolds', 840, 4),
(650, 207, 288, 7, 'John Foster', 840, 4),
(651, 250, 288, 8, 'Paul Yeung', 840, 4),
(652, 249, 292, 1, 'Aaron Tarbell', 840, 4),
(653, 190, 292, 2, 'Nathan Brower', 840, 4),
(654, 200, 292, 3, 'Phillip Barta', 840, 4),
(655, 252, 293, 1, 'Calvin Conner', 840, 4),
(656, 252, 293, 2, 'Josh Fernando', 840, 4),
(657, 207, 294, 1, 'Jose Marrero', 840, 5),
(658, 155, 295, 1, 'Ross Cawthon', 840, 5),
(659, 253, 296, 1, 'Josh Marking', 840, 5),
(660, 228, 297, 1, 'Jeffrey Cheng', 840, 5),
(661, 254, 298, 1, 'Justin Kulas', 840, 5),
(662, 251, 299, 1, 'Caleb Solangi', 840, 5),
(663, 255, 300, 1, 'Tyler Martin', 840, 5),
(664, 249, 301, 1, 'Ronan Casey', 840, 5),
(665, 158, 293, 3, 'Jasper Panger', 840, 4),
(666, 190, 293, 4, 'Emily Cheng', 840, 4),
(667, 255, 302, 2, 'Eduardo Gonzalez ', 840, 5),
(668, 256, 303, 1, 'Axel Wolfe', 826, 8),
(669, 256, 304, 1, 'Stéphane Ivanoff', 250, 4),
(670, 200, 305, 1, 'Kian Amini', 840, 4),
(671, 228, 305, 2, 'Francisco Osorio', 840, 4),
(672, 158, 305, 3, 'Israel Sosa', 840, 4),
(673, 257, 305, 4, 'Chris Rodriguez', 840, 4),
(674, 249, 306, 1, 'Nico Sutter', 276, 4),
(675, 155, 307, 1, 'James Miller', 840, 5),
(676, 253, 308, 1, 'Colter Decker', 840, 4),
(677, 251, 309, 1, 'Kevin Baxter', 840, 5),
(678, 255, 310, 1, 'Samuel Weyers', 840, 5),
(679, 254, 311, 1, 'Piper Lepine', 124, 5),
(680, 256, 312, 1, 'Kaden Hyatt', 840, 5),
(681, 228, 313, 1, 'Roan Godfrey-Robbins', 840, 5),
(682, 256, 314, 1, 'Azul Garcia Griego', 840, 5),
(683, 251, 315, 1, 'Ben Moskow', 840, 5),
(684, 155, 316, 1, 'Christian Ortiz', 840, 5),
(685, 256, 317, 1, 'David Hochmann', 276, 4),
(686, 155, 317, 2, 'Robin Schulz', 276, 4),
(687, 155, 318, 1, 'Wolfgang Kartak', 40, 4),
(688, 207, 318, 2, 'Dominik Wieser', 40, 4),
(689, 250, 319, 1, 'Hannes Strobl', 276, 4),
(690, 258, 320, 3, 'Timm Grandpair', 276, 4),
(691, 207, 321, 1, 'Luca Schuster', 40, 4),
(692, 256, 321, 2, 'David Hochmann', 276, 4),
(693, 158, 322, 1, 'Azul Garcia Griego', 840, 5),
(694, 155, 323, 1, 'Philipp Leciejewski', 276, 4),
(695, 190, 324, 3, 'Fatih Akdemir', 276, 4),
(696, 256, 321, 4, 'Nico Alabas', 276, 4),
(697, 206, 325, 1, 'Jed Andrusik', 840, 5),
(698, 155, 326, 1, 'Michael Pramawat', 840, 5),
(699, 249, 327, 1, 'Jasper Panger', 840, 5),
(700, 259, 328, 1, 'Nicholas Bocchetti', 840, 5),
(701, 228, 329, 1, 'Kelsen Whitehair', 840, 5),
(702, 255, 330, 1, 'Alexis Zavala', 840, 5),
(703, 207, 331, 1, 'Fatih Akdemir', 276, 4),
(704, 207, 332, 1, 'Connor Finton', 840, 5),
(705, 249, 333, 1, 'Marty Reyes', 840, 5),
(706, 228, 334, 1, 'Tobias Smutkowski', 276, 6),
(707, 228, 335, 2, 'Fatih Akdemir', 276, 6),
(708, 260, 336, 1, 'Rachel Clarke', 840, 5),
(709, 249, 337, 1, 'Charlie Lockyer', 840, 5),
(710, 231, 338, 1, 'William Wallace', 840, 5),
(711, 207, 304, 3, 'Fabien P.', 250, 4),
(712, 249, 339, 4, 'Fatih Akdemir', 276, 4),
(713, 244, 340, 1, 'Michael McClure', 840, 5),
(714, 155, 341, 1, 'Stéphane Ruffe', 250, 3),
(715, 249, 341, 2, 'Sylvain de la Crompe', 250, 3),
(717, 155, 341, 3, 'Alexis Peiffer', 250, 3),
(718, 256, 341, 4, 'Frédéric Lesage', 250, 3),
(719, 228, 341, 5, 'Fabien Pujol', 250, 3),
(720, 155, 341, 6, 'Joël Nguyen', 250, 3),
(721, 250, 341, 7, 'Julien Dallé', 250, 3),
(722, 244, 341, 8, 'Cédric Gouin', 250, 3),
(723, 155, 342, 1, 'Sen Caubergh', 56, 3),
(724, 253, 343, 1, 'Tamao Cameron', 826, 3),
(725, 261, 344, 1, 'Chrisowalantis Amanatidis', 276, 3),
(726, 251, 343, 2, 'Scott Burgess', 826, 3),
(727, 158, 343, 3, 'Oliver Barnett', 826, 3),
(728, 249, 343, 4, 'Daniel Melrose', 826, 3),
(729, 155, 343, 5, 'Charles Barton', 826, 3),
(730, 256, 343, 6, 'Richard Cherry', 826, 3),
(731, 155, 343, 7, 'Joseph Phillip', 826, 3),
(732, 249, 343, 8, 'Thomas Stephenson', 826, 3),
(733, 245, 345, 1, 'Günther Kirchhofer', 40, 3),
(734, 249, 346, 1, 'Kevin Ponthieux', 380, 3),
(735, 185, 346, 2, 'Simone Zucchelli', 380, 3),
(736, 249, 347, 1, 'Michael Bergerac', 840, 3),
(737, 261, 347, 2, 'Paul Johnston', 840, 3),
(738, 155, 347, 3, 'Nick Robinson', 840, 3),
(739, 249, 347, 4, 'James DePamphilis', 840, 3),
(740, 155, 347, 5, 'Chris Siakala', 840, 3),
(741, 262, 347, 6, 'Liam Williams', 840, 3),
(742, 228, 347, 7, 'Marcos Garcia', 840, 3),
(743, 253, 347, 8, 'Fred Hoban', 840, 3),
(744, 261, 348, 1, 'Tord Reklev', 578, 3),
(745, 256, 346, 3, 'Nicolò Castignoli', 380, 3),
(746, 256, 346, 4, 'Simone Soldo', 380, 3),
(747, 256, 346, 5, 'Riccardo Maganza', 380, 3),
(748, 263, 346, 6, 'Simone Canziani', 380, 3),
(749, 261, 346, 7, 'Vincenzo Gerardi', 380, 3),
(750, 155, 346, 8, 'Gianluca Cipriano', 380, 3),
(751, 249, 344, 2, 'Fatih Akdemir', 276, 3),
(752, 228, 344, 3, 'Robin Schulz', 276, 3),
(753, 155, 344, 4, 'Benedikt Hugo', 276, 3),
(754, 155, 344, 5, 'Tobias Smutkowski', 276, 3),
(755, 264, 344, 6, 'Jan Daumann', 276, 3),
(756, 261, 344, 7, 'Marc Lutz', 276, 3),
(757, 261, 344, 8, 'Marco Haeder', 276, 3),
(758, 265, 349, 1, 'Shintaro Ito', 392, 1),
(759, 256, 349, 2, 'Cody Walinski', 840, 1),
(760, 266, 349, 3, 'Samuel Hough', 840, 1),
(761, 263, 349, 4, 'Ross Cawthon', 840, 1),
(762, 185, 349, 5, 'Gustavo Wada', 76, 1),
(763, 155, 349, 6, 'Luca Schuster', 40, 1),
(764, 155, 349, 7, 'Brad Curcio', 840, 1),
(765, 256, 349, 8, 'Bert Wolters', 528, 1),
(766, 267, 350, 1, 'Jesper Eriksen', 208, 1),
(767, 200, 350, 2, 'Connor Pedersen', 840, 1),
(768, 249, 350, 3, 'Raphael Souto', 76, 1),
(769, 155, 350, 4, 'Attar Ricco', 360, 1),
(770, 155, 350, 5, 'Calvin Connor', 840, 1),
(771, 244, 350, 6, 'Spencer Perez-Dormitzer', 840, 1),
(772, 256, 350, 7, 'Tanner Hurley', 840, 1),
(773, 155, 350, 8, 'Kim Hyeok', 410, 1),
(774, 158, 351, 1, 'Shunto Sadahiro', 392, 1),
(775, 249, 351, 2, 'Riku Ushirosako', 392, 1),
(776, 249, 351, 3, 'Roan Godfrey-Robbins', 840, 1),
(777, 158, 351, 4, 'Yuta Ozawa', 392, 1),
(778, 158, 351, 5, 'Kai Abe', 392, 1),
(779, 185, 351, 6, 'Enrico Marini', 380, 1),
(780, 158, 351, 7, 'Asaki Hasegawa', 392, 1),
(781, 155, 351, 8, 'Christian Moreno', 840, 1),
(782, 158, 352, 1, 'Michael Pramawat', 840, 2),
(783, 10, 353, 1, 'Joseph Dekelaita', 840, 8),
(784, 269, 354, 1, 'Shintaro Ito', 392, 4),
(785, 158, 352, 2, 'Jacob Lesage', 124, 2),
(786, 270, 355, 1, 'James Arnold', 840, 4),
(787, 271, 355, 2, 'Grant Manley', 840, 4),
(788, 272, 355, 3, 'Daniel Altavilla', 840, 4),
(789, 268, 355, 4, 'Aaron Tarbell', 840, 4),
(790, 268, 355, 5, 'Igor Costa', 620, 4),
(791, 250, 355, 6, 'Austen Vance', 840, 4),
(792, 250, 355, 7, 'Seena Ghaziaskar', 840, 4),
(793, 273, 355, 8, 'Main Ahmed', 840, 4),
(794, 158, 352, 3, 'Philip Schulz', 276, 2),
(795, 158, 352, 4, 'Tord Reklev', 578, 2),
(796, 274, 356, 1, 'Finn Looft', 276, 4),
(797, 158, 356, 2, 'Philip Schulz', 276, 4),
(798, 158, 356, 3, 'Matthias Luppa', 276, 4),
(799, 158, 356, 4, 'Alessandro Cremascoli', 380, 4),
(800, 3, 356, 5, 'Tobias Thesing', 276, 4),
(801, 158, 356, 6, 'Sandro Pirkheim', 40, 4),
(802, 158, 356, 7, 'Steven Mao', 276, 4),
(803, 275, 356, 8, 'Alexander Wagner', 276, 4),
(804, 158, 352, 5, 'Yee Wei Chun', 458, 2),
(805, 256, 352, 6, 'Grafton Roll', 840, 2),
(806, 273, 352, 7, 'Pedro Eugenio Torres', 724, 2),
(807, 273, 352, 8, 'Attar Ricco', 360, 2),
(808, 268, 357, 1, 'Zachary Bokhari', 840, 4),
(809, 158, 357, 2, 'Ian Robb', 840, 4),
(810, 268, 357, 3, 'Tanner Hurley', 840, 4),
(811, 273, 357, 4, 'Sydney Morisoli', 840, 4),
(812, 268, 357, 5, 'Raymond Long', 840, 4),
(813, 268, 357, 6, 'Casey Katsouris', 840, 4),
(814, 270, 357, 7, 'Malachi Fox', 840, 4),
(815, 250, 357, 8, 'Michael Long', 840, 4),
(816, 268, 358, 1, 'Gonçalo Ferreira', 620, 4),
(817, 268, 359, 1, 'Gonçalo Ferreira', 620, 4),
(818, 276, 359, 2, 'Mikael Jacob', 578, 4),
(819, 269, 354, 2, 'Yuki Wilo', 392, 4),
(820, 277, 360, 1, 'Jose Marrero', 840, 7),
(821, 250, 355, 17, 'Michael Canaves', 840, 4),
(822, 207, 355, 20, 'Jose Marrero', 840, 4);

INSERT INTO `events` (`id`, `identifier`, `level_id`, `format_id`, `category_id`, `country_id`, `players`, `date`) VALUES
(1, 'world_championships_2002', 1, 15, 2, 840, 88, '2002-08-04'),
(2, 'world_championships_2002', 1, 15, 3, 840, 44, '2002-08-04'),
(3, 'sts_secaucus_new_jersey', 12, 13, 1, 840, 206, '2000-11-18'),
(4, 'sts_secaucus_new_jersey', 12, 13, 2, 840, 237, '2000-11-18'),
(5, 'sts_secaucus_new_jersey', 12, 13, 3, 840, 0, '2000-11-18'),
(6, 'trainer_showdown_los_angeles', 12, 0, 4, 840, 0, '1999-06-27'),
(7, 'trainer_showdown_san_francisco', 12, 7, 4, 840, 0, '1999-06-27'),
(8, 'trainer_showdown_washington_dc', 12, 0, 4, 840, 0, '1999-06-27'),
(9, 'trainer_showdown_atlanta', 12, 0, 4, 840, 0, '1999-06-27'),
(10, 'trainer_showdown_chicago', 12, 0, 4, 840, 0, '1999-06-27'),
(11, 'trainer_showdown_kansas_city', 12, 0, 4, 840, 0, '1999-06-27'),
(12, 'trainer_showdown_new_york', 12, 0, 4, 840, 0, '1999-06-27'),
(13, 'trainer_showdown_houston', 12, 0, 4, 840, 0, '1999-06-27'),
(14, 'trainer_showdown_seattle', 12, 0, 4, 840, 0, '1999-06-27'),
(15, 'usa_national_championships_1999', 3, 0, 4, 840, 18, '1999-08-25'),
(16, 'sts_qualifier_cincinnati_ohio_day_1', 13, 10, 1, 840, 32, '2000-09-16'),
(17, 'tropical_mega_battle_1999', 11, 0, 4, 840, 36, '1999-08-26'),
(18, 'professor_cup_2002', 0, 11, 1, 840, 90, '2002-08-04'),
(19, 'rama_llama_comics_plano_texas', 14, 8, 8, 840, 42, '2000-01-09'),
(20, 'professor_cup_2003', 0, 15, 1, 840, 0, '2003-06-29'),
(21, 'fan_appreciation_gencon_2003', 3, 0, 8, 840, 0, '2003-07-26'),
(22, 'world_championships_2004', 1, 16, 1, 840, 0, '2004-08-22'),
(23, 'world_championships_2004', 1, 16, 2, 840, 0, '2004-08-22'),
(24, 'world_championships_2004', 1, 16, 3, 840, 0, '2004-08-22'),
(25, 'world_championships_2005', 1, 17, 1, 840, 0, '2005-08-21'),
(26, 'world_championships_2005', 1, 17, 2, 840, 0, '2005-08-21'),
(27, 'world_championships_2005', 1, 17, 3, 840, 0, '2005-08-21'),
(28, 'world_championships_2006', 1, 18, 1, 840, 0, '2006-08-20'),
(29, 'world_championships_2006', 1, 18, 2, 840, 0, '2006-08-20'),
(30, 'world_championships_2006', 1, 18, 3, 840, 0, '2006-08-20'),
(31, 'world_championships_2007', 1, 19, 1, 840, 0, '2007-08-12'),
(32, 'world_championships_2007', 1, 19, 2, 840, 0, '2007-08-12'),
(33, 'world_championships_2007', 1, 19, 3, 840, 0, '2007-08-12'),
(34, 'world_championships_2008', 1, 20, 1, 840, 0, '2008-08-17'),
(35, 'world_championships_2008', 1, 20, 2, 840, 0, '2008-08-17'),
(36, 'world_championships_2008', 1, 20, 3, 840, 0, '2008-08-17'),
(37, 'world_championships_2009', 1, 21, 1, 840, 0, '2009-08-15'),
(38, 'world_championships_2009', 1, 21, 2, 840, 0, '2009-08-15'),
(39, 'world_championships_2009', 1, 21, 3, 840, 0, '2009-08-15'),
(40, 'world_championships_2010', 1, 22, 1, 840, 0, '2010-08-15'),
(41, 'world_championships_2010', 1, 22, 2, 840, 0, '2010-08-15'),
(42, 'world_championships_2010', 1, 22, 3, 840, 0, '2010-08-15'),
(43, 'world_championships_2011', 1, 24, 1, 840, 0, '2011-08-14'),
(44, 'world_championships_2011', 1, 24, 2, 840, 0, '2011-08-14'),
(45, 'world_championships_2011', 1, 24, 3, 840, 0, '2011-08-14'),
(46, 'world_championships_2012', 1, 24, 1, 840, 0, '2012-08-15'),
(47, 'world_championships_2012', 1, 24, 2, 840, 0, '2012-08-15'),
(48, 'world_championships_2012', 1, 24, 3, 840, 0, '2012-08-15'),
(49, 'world_championships_2013', 1, 25, 1, 840, 0, '2013-08-11'),
(50, 'world_championships_2013', 1, 25, 2, 840, 0, '2013-08-11'),
(51, 'world_championships_2013', 1, 25, 3, 840, 0, '2013-08-11'),
(52, 'world_championships_2014', 1, 26, 1, 840, 0, '2014-08-17'),
(53, 'world_championships_2014', 1, 26, 2, 840, 0, '2014-08-17'),
(54, 'world_championships_2014', 1, 26, 3, 840, 0, '2014-08-17'),
(55, 'arena_cup_2014_15_bremen', 6, 28, 1, 276, 59, '2014-12-14'),
(56, 'arena_cup_2014_15_berlin', 6, 28, 1, 276, 114, '2014-09-27'),
(57, 'regional_2014_15_fort_wayne_day_2', 4, 28, 1, 840, 404, '2014-10-19'),
(58, 'city_2014_15_springfield_missouri', 7, 27, 1, 840, 54, '2014-12-14'),
(59, 'city_2014_15_south_st_louis_missouri', 7, 27, 1, 840, 31, '2015-01-18'),
(60, 'league_challenge_spiel_2014', 9, 27, 1, 276, 16, '2014-10-19'),
(61, 'european_challenge_cup_2015', 2, 27, 1, 528, 324, '2015-02-08'),
(62, 'sts_qualifier_norcross_georgia', 13, 14, 1, 840, 24, '2001-10-20'),
(63, 'sts_qualif_san_benedetto_del_tronto', 13, 11, 1, 380, 26, '2001-11-23'),
(64, 'sts_san_diego_day_1', 12, 14, 1, 840, 0, '2001-12-01'),
(65, 'sts_san_diego_day_2', 12, 14, 1, 840, 166, '2001-12-02'),
(66, 'france_national_championships_2011', 3, 23, 1, 250, 96, '2011-06-05'),
(67, 'regional_2013_14_doswell_virginia', 4, 26, 1, 840, 258, '2014-01-12'),
(68, 'sts_qualifier_torrance_california', 13, 9, 1, 840, 32, '2000-05-27'),
(69, 'sts_qualifier_phoenix_arizona_day_1', 13, 9, 1, 840, 32, '2000-06-10'),
(70, 'sts_qualifier_phoenix_arizona_day_2', 13, 9, 1, 840, 32, '2000-06-11'),
(71, 'sts_qualifier_west_dundee_illinois', 13, 10, 1, 840, 32, '2000-09-23'),
(72, 'sts_qualifier_high_point_north_carolina', 13, 10, 1, 840, 32, '2000-10-14'),
(73, 'sts_qualifier_king_of_prussia_pa', 13, 10, 2, 840, 32, '2000-10-14'),
(74, 'sts_long_beach_california', 12, 9, 1, 840, 180, '2000-07-22'),
(75, 'sts_long_beach_california', 12, 9, 2, 840, 222, '2000-07-22'),
(76, 'sts_long_beach_california', 12, 9, 3, 840, 147, '2000-07-22'),
(77, 'brisbane_online_games_center', 14, 9, 1, 36, 18, '2000-09-02'),
(78, 'toys_r_us_spotsylvania_virginia', 14, 10, 8, 840, 25, '2000-11-18'),
(79, 'tropical_mega_battle_2000', 11, 5, 4, 840, 0, '2000-08-27'),
(80, 'creative_gift_baskets_planto_texas', 14, 12, 10, 840, 18, '2003-06-07'),
(81, 'city_2014_15_new_holland_pa', 7, 27, 1, 840, 0, '2014-11-30'),
(82, 'city_2014_15_blue_bell_pa', 7, 27, 1, 840, 0, '2014-11-29'),
(83, 'city_2014_15_culpeper_virginia', 7, 27, 1, 840, 0, '2014-12-06'),
(84, 'city_2014_15_york_pa', 7, 27, 1, 840, 0, '2014-12-07'),
(85, 'regional_2014_15_shoreham_by_sea', 4, 27, 1, 826, 0, '2014-12-21'),
(86, 'regional_2013_14_modling', 4, 26, 1, 40, 0, '2013-10-26'),
(87, 'european_challenge_cup_2015', 2, 27, 2, 528, 74, '2015-02-08'),
(88, 'arena_cup_2014_15_salzburg', 6, 28, 1, 40, 44, '2015-02-28'),
(89, 'city_2014_15_sao_jose_dos_campos', 7, 27, 1, 76, 0, '2015-02-28'),
(90, 'city_2014_15_pretoria', 7, 27, 1, 710, 0, '2015-02-28'),
(91, 'colossal_comics_marietta_ga', 14, 6, 8, 840, 22, '1999-05-08'),
(92, 'fanboy3_manchester', 15, 4, 8, 826, 12, '2014-12-20'),
(93, 'regional_2014_15_kissimmee_fl_day_1', 4, 27, 1, 840, 0, '2015-02-28'),
(94, 'regional_2014_15_kissimmee_fl_day_2', 4, 28, 1, 840, 0, '2015-03-01'),
(95, 'gamemaster_fairlawn_nj', 14, 6, 8, 840, 0, '1999-04-17'),
(96, 'regional_2014_15_doswell_va_day_1', 4, 27, 1, 840, 330, '2015-02-14'),
(97, 'city_2014_15_douglasville_ga', 7, 27, 1, 840, 48, '2014-12-28'),
(98, 'city_2014_15_alpharetta_ga', 7, 27, 1, 840, 72, '2014-12-29'),
(99, 'city_2014_15_buford_ga', 7, 27, 1, 840, 42, '2015-01-03'),
(100, 'city_2014_15_newnan_ga', 7, 27, 1, 840, 30, '2015-01-04'),
(101, 'city_2014_15_lawrenceville_ga', 7, 27, 1, 840, 48, '2014-12-26'),
(102, 'toys_r_us_dublin_california', 14, 8, 8, 840, 30, '1999-10-24'),
(103, 'city_2004_05_garden_city_mi', 7, 17, 1, 840, 0, '2004-11-28'),
(104, 'city_2004_05_plano_texas', 7, 17, 1, 840, 0, '2004-12-12'),
(105, 'city_2014_15_verberie', 7, 27, 1, 250, 0, '2015-02-15'),
(106, 'city_2014_15_lyon', 7, 27, 1, 250, 0, '2015-01-10'),
(107, 'logan_s_card_shop_north_vernon_in', 14, 10, 8, 840, 12, '2000-11-04'),
(108, 'hobbytown_lincoln_ne', 14, 10, 8, 840, 13, '2000-10-28'),
(109, 'collector_s_cache_lenexa_kansas', 14, 8, 8, 840, 8, '2000-04-08'),
(110, 'games_galore_arlington_tx', 14, 7, 8, 840, 0, '1999-09-18'),
(111, 'city_2014_15_trnava', 7, 27, 1, 703, 0, '2015-02-14'),
(112, 'city_2014_15_montpellier', 7, 27, 1, 250, 0, '2015-01-17'),
(113, 'city_2014_15_duluth_ga', 7, 27, 1, 840, 52, '2014-12-27'),
(114, 'usa_national_championships_2014', 3, 26, 1, 840, 889, '2014-07-06'),
(115, 'usa_national_championships_2014', 3, 26, 2, 840, 295, '2014-07-06'),
(116, 'usa_national_championships_2014', 3, 26, 3, 840, 195, '2014-07-06'),
(117, 'regional_2014_15_phoenix_az_day_1', 4, 27, 1, 840, 0, '2014-10-04'),
(118, 'regional_2014_15_philadelphia_pa_day_1', 4, 27, 1, 840, 0, '2014-10-04'),
(119, 'league_challenge_bratislava', 9, 27, 1, 703, 12, '2015-03-01'),
(120, 'gathering_ground_st_louis_mo', 14, 6, 8, 840, 48, '1999-04-24'),
(121, 'comic_company_atlanta_ga', 14, 6, 8, 840, 0, '1999-04-17'),
(122, 'comic_company_atlanta_ga', 14, 10, 8, 840, 14, '2000-10-14'),
(123, 'brain_snacks_downers_grove_il', 14, 10, 8, 840, 33, '2000-10-14'),
(124, 'dreamers_st_louis_park_mn', 14, 6, 8, 840, 0, '1999-06-16'),
(125, 'comic_world_kitchener_on', 14, 6, 8, 124, 0, '1999-05-30'),
(126, 'comic_world_kitchener_on', 14, 6, 8, 124, 0, '1999-06-06'),
(127, 'comic_world_kitchener_on', 14, 6, 8, 124, 0, '1999-06-13'),
(128, 'festival_des_jeux_2001_cannes', 2, 8, 8, 250, 136, '2001-02-17'),
(129, 'regional_2014_15_phoenix_az_day_2', 4, 28, 1, 840, 0, '2014-10-05'),
(130, 'the_game_academy_orlando_fl', 14, 27, 1, 840, 26, '2015-03-07'),
(131, 'third_planet_torrance_ca', 14, 6, 8, 840, 34, '1999-06-12'),
(132, 'extra_base_orlando_fl', 14, 7, 8, 840, 20, '1999-07-14'),
(133, 'hobby_world_san_jose_ca', 14, 7, 8, 840, 0, '1999-07-11'),
(134, 'the_game_room_little_rock_ar', 14, 7, 8, 840, 44, '1999-07-17'),
(135, 'ts_side_event_los_angeles', 16, 7, 1, 840, 0, '1999-06-27'),
(136, 'regional_2014_15_st_louis_mo_day_2', 4, 28, 1, 840, 0, '2015-02-15'),
(137, 'manchester_center_fresno_ca', 14, 7, 8, 840, 24, '1999-07-11'),
(138, 'game_chest_dallas_texas', 14, 6, 8, 840, 24, '1999-06-05'),
(139, 'golden_memories_long_island_ny', 14, 6, 8, 840, 25, '1999-06-05'),
(140, 'pojo_com_apprentice_league', 10, 6, 8, 840, 0, '1999-06-06'),
(141, 'gathering_ground_st_louis_mo', 14, 6, 8, 840, 28, '1999-05-29'),
(142, 'kgb_maryville_tennessee', 14, 6, 8, 840, 16, '1999-06-05'),
(143, 'pioneer_place_portland_or', 14, 7, 8, 840, 8, '1999-10-02'),
(144, 'altered_states_upstate_ny', 16, 8, 8, 840, 60, '1999-12-01'),
(145, 'rama_llama_comics_plano_texas', 14, 8, 8, 840, 11, '1999-11-14'),
(146, 'downtown_comics_indianapolis', 14, 8, 8, 840, 13, '1999-12-18'),
(147, 'new_year_comics_a_lot_richmond_va', 16, 8, 8, 840, 40, '1999-12-30'),
(148, 'deja_vu_games_kitchener_on', 14, 8, 8, 124, 20, '1999-12-11'),
(149, 'golden_memories_mastic_ny', 14, 8, 8, 840, 25, '1999-12-18'),
(150, 'ivory_and_steel_stillwater_ok', 14, 8, 8, 840, 32, '1999-12-26'),
(151, 'golden_memories_mastic_ny', 14, 8, 8, 840, 0, '1999-12-04'),
(152, 'games_galore_arlington_tx', 14, 8, 8, 840, 0, '2000-01-30'),
(153, 'battlezone_lenexa_ks', 14, 8, 8, 840, 17, '2000-01-16'),
(154, 'mirkwood_games_richfield_mn', 14, 8, 8, 840, 19, '1999-12-29'),
(155, 'sts_qualifier_dallas_texas', 13, 9, 2, 840, 32, '2000-06-17'),
(156, 'game_keeper_tysons_corner_va', 14, 9, 8, 840, 20, '2000-07-12'),
(157, 'toys_r_us_tysons_corner_va', 14, 9, 8, 840, 20, '2000-07-09'),
(158, 'winners_toys_r_us_tysons_corner_va', 16, 10, 8, 840, 18, '2000-09-18'),
(159, 'midway_mall_elyria_oh', 14, 10, 8, 840, 8, '2000-11-08'),
(160, 'game_emporium_albany_ny', 14, 10, 8, 840, 0, '2000-11-12'),
(161, 'regional_2014_15_st_louis_mo_day_1', 4, 27, 1, 840, 0, '2015-02-14'),
(162, 'state_2015_ozark_al', 5, 27, 1, 840, 0, '2015-03-21'),
(163, 'province_2015_vancouver_bc', 5, 27, 1, 124, 0, '2015-03-21'),
(164, 'state_2015_crestwood_mo_yeti_gaming', 5, 27, 1, 840, 0, '2015-03-21'),
(165, 'city_2014_15_springfield_illinois', 7, 27, 1, 840, 0, '2015-01-04'),
(166, 'state_2015_dallas_tx', 5, 27, 1, 840, 253, '2015-03-21'),
(167, 'state_2015_san_gabriel_ca_mtg_deals', 5, 27, 1, 840, 170, '2015-03-21'),
(168, 'state_2015_colorado_springs_co', 5, 27, 1, 840, 0, '2015-03-21'),
(169, 'state_2015_kalamazoo_mi', 5, 27, 1, 840, 0, '2015-03-21'),
(170, 'state_2015_las_vegas_nv', 5, 27, 1, 840, 0, '2015-03-28'),
(171, 'regional_2014_15_prague', 4, 27, 1, 203, 0, '2015-03-28'),
(172, 'regional_2014_15_bergen', 4, 27, 1, 578, 0, '2015-03-21'),
(173, 'state_2015_hot_springs_ar', 5, 27, 1, 840, 0, '2015-03-28'),
(174, 'devir_bookstore_sao_paulo', 14, 9, 1, 76, 16, '2001-01-06'),
(175, 'regional_2014_15_preganziol', 4, 27, 1, 380, 0, '2015-03-29'),
(176, 'state_2015_louisville_ky', 5, 27, 1, 840, 0, '2015-03-21'),
(177, 'state_2015_baraboo_wi', 5, 27, 1, 840, 0, '2015-03-29'),
(178, 'state_2015_fort_wayne_in', 5, 27, 1, 840, 0, '2015-03-28'),
(179, 'regional_2014_15_perth', 4, 27, 1, 36, 0, '2015-03-29'),
(180, 'regional_2014_15_genk', 4, 27, 1, 56, 0, '2015-03-29'),
(181, 'state_2015_boise_id', 5, 27, 1, 840, 0, '2015-03-21'),
(182, 'the_game_academy_orlando_fl', 14, 27, 1, 840, 0, '2015-03-14'),
(183, 'the_game_academy_orlando_fl', 14, 27, 1, 840, 0, '2015-03-21'),
(184, 'state_2015_pearl_ms', 5, 27, 1, 840, 0, '2015-03-28'),
(185, 'state_2015_west_chester_pa', 5, 27, 1, 840, 0, '2015-03-28'),
(186, 'state_2015_lincoln_ne', 5, 27, 1, 840, 0, '2015-03-28'),
(187, 'regional_2014_15_johannesburg', 4, 27, 1, 710, 0, '2015-03-28'),
(188, 'state_2015_west_bridgewater_ma', 5, 27, 1, 840, 0, '2015-03-21'),
(189, 'spe_aldershot', 16, 27, 1, 826, 42, '2015-04-04'),
(190, 'state_2015_raleigh_nc', 5, 27, 1, 840, 0, '2015-03-28'),
(191, 'state_2015_clive_ia', 5, 27, 1, 840, 0, '2015-04-04'),
(192, 'province_2015_toronto_on', 5, 27, 1, 124, 0, '2015-04-04'),
(193, 'state_2015_duluth_ga', 5, 27, 1, 840, 0, '2015-03-28'),
(194, 'state_2015_glen_burnie_md', 5, 27, 1, 840, 0, '2015-04-04'),
(195, 'regional_2014_15_antwerpen', 4, 27, 1, 56, 0, '2015-04-06'),
(196, 'the_game_academy_orlando_fl', 14, 27, 1, 840, 0, '2015-03-28'),
(197, 'regional_2014_15_munchen', 4, 27, 1, 276, 0, '2015-03-21'),
(198, 'big_league_cards_crownpoint_in', 14, 8, 8, 840, 12, '1999-11-06'),
(199, 'gandg_s_sports_cards_san_diego_ca', 14, 8, 8, 840, 0, '1999-11-20'),
(200, 'full_moon_schaumburg_il', 14, 8, 8, 840, 25, '1999-11-06'),
(201, 'comic_adventures_mansfield_oh', 14, 8, 8, 840, 16, '1999-11-26'),
(202, 'state_2015_wooster_oh', 5, 27, 1, 840, 0, '2015-04-11'),
(203, 'state_2015_oklahoma_city', 5, 27, 1, 840, 0, '2015-04-11'),
(204, 'state_2015_madison_tn', 5, 27, 1, 840, 0, '2015-04-11'),
(205, 'regional_2014_15_speyer', 4, 27, 1, 276, 0, '2015-04-11'),
(206, 'state_2015_culpeper_va', 5, 27, 1, 840, 0, '2015-04-11'),
(207, 'regional_2014_15_aldershot', 4, 27, 1, 826, 0, '2015-04-11'),
(208, 'regional_2014_15_dortmund', 4, 27, 1, 276, 0, '2015-04-11'),
(209, 'state_2015_praireville_la', 5, 27, 1, 840, 0, '2015-04-11'),
(210, 'state_2015_columbia_sc', 5, 27, 1, 840, 0, '2015-04-11'),
(211, 'state_2015_parsippany_nj', 5, 27, 1, 840, 0, '2015-04-11'),
(212, 'club_house_sports_cards_indio_ca', 14, 8, 8, 840, 0, '1999-11-28'),
(213, 'state_2015_melbourne_fl', 5, 27, 1, 840, 0, '2015-04-11'),
(214, 'state_2015_lenexa_ks', 5, 27, 1, 840, 0, '2015-04-11'),
(215, 'state_2015_albuquerque_nm', 5, 27, 1, 840, 0, '2015-04-11'),
(216, 'state_2015_phoenix_az', 5, 27, 1, 840, 0, '2015-03-28'),
(217, 'regional_2014_15_merville', 4, 27, 1, 250, 0, '2015-04-12'),
(218, 'regional_2014_15_koln', 4, 27, 1, 276, 0, '2015-03-28'),
(219, 'regional_2014_15_sydney', 4, 27, 1, 36, 0, '2015-04-19'),
(220, 'city_2014_15_dandenong', 7, 27, 1, 36, 45, '2015-02-28'),
(221, 'state_2015_portland_or', 5, 27, 1, 840, 0, '2015-04-11'),
(222, 'province_2015_quebec_qc', 5, 27, 1, 1242, 0, '2015-04-11'),
(223, 'regional_2014_15_adelaide', 4, 27, 1, 36, 0, '2015-04-11'),
(224, 'state_2015_nanuet_ny', 5, 27, 1, 840, 0, '2015-04-04'),
(225, 'state_2015_seattle_wa', 5, 27, 1, 840, 0, '2015-03-28'),
(226, 'regional_2014_15_vit&oacute;ria_es', 4, 27, 1, 76, 0, '2015-04-18'),
(227, 'switzerland_national_2015', 3, 27, 1, 756, 0, '2015-05-02'),
(228, 'regional_2014_15_wasserburg', 4, 27, 1, 276, 0, '2015-04-25'),
(229, 'germany_national_2015', 3, 27, 1, 276, 156, '2015-05-17'),
(230, 'austria_national_2015', 3, 27, 1, 40, 156, '2015-05-17'),
(231, 'belgium_national_2015', 3, 27, 1, 56, 49, '2015-05-24'),
(232, 'france_national_2015', 3, 27, 1, 250, 135, '2015-05-24'),
(233, 'uk_national_2015', 3, 27, 1, 826, 0, '2015-05-31'),
(234, 'norway_national_2015', 3, 27, 1, 578, 0, '2015-06-07'),
(235, 'czech_republic_national_2015', 3, 27, 1, 203, 0, '2015-06-07'),
(236, 'czech_republic_national_2015', 3, 27, 2, 203, 0, '2015-06-07'),
(237, 'south_africa_national_2015', 3, 27, 1, 710, 0, '2015-06-13'),
(238, 'portugal_national_2015', 3, 27, 1, 620, 0, '2015-06-13'),
(239, 'italy_national_2015', 3, 27, 1, 380, 0, '2015-06-14'),
(240, 'czech_republic_national_2015', 3, 27, 3, 203, 0, '2015-06-07'),
(241, 'regional_2014_15_madison_wi_day_1', 4, 27, 1, 840, 0, '2015-05-30'),
(242, 'regional_2014_15_madison_wi_day_2', 4, 28, 1, 840, 0, '2015-05-31'),
(243, 'regional_2014_15_sturbridge_ma_day_1', 4, 27, 2, 840, 0, '2015-05-16'),
(244, 'regional_2014_15_sturbridge_ma_day_2', 4, 28, 2, 840, 0, '2015-05-17'),
(245, 'regional_2014_15_edmonton_ab_day_1', 4, 27, 1, 840, 0, '2015-05-30'),
(246, 'regional_2014_15_edmonton_ab_day_2', 4, 28, 1, 840, 0, '2015-05-31'),
(247, 'usa_national_championships_2015', 3, 27, 1, 840, 0, '2015-07-05'),
(248, 'wcsc_san_diego', 2, 14, 2, 840, 0, '2002-06-08'),
(249, 'ecsc_secaucus', 2, 14, 2, 840, 98, '2002-03-16'),
(250, 'ecsc_secaucus', 2, 14, 3, 840, 0, '2002-03-16'),
(251, 'fanboy3_manchester', 15, 4, 8, 826, 14, '2015-08-15'),
(252, 'usa_national_championships_2015', 3, 27, 2, 840, 0, '2015-07-05'),
(253, 'world_championships_2015', 1, 27, 1, 840, 0, '2015-08-23'),
(254, 'usa_national_championships_2015', 3, 27, 3, 840, 0, '2015-07-05'),
(255, 'world_championships_2015', 1, 27, 2, 840, 0, '2015-08-23'),
(256, 'world_championships_2015', 1, 27, 3, 840, 0, '2015-08-23'),
(257, 'boston_open_2015', 2, 27, 1, 840, 0, '2015-08-22'),
(258, 'sts_san_diego_day_2', 2, 14, 3, 840, 91, '2001-12-02'),
(259, 'league_challenge_montclair', 9, 29, 1, 840, 0, '2015-09-06'),
(260, 'league_challenge_roseville_mn', 9, 29, 1, 840, 0, '2015-09-05'),
(261, 'arena_cup_2015_16_wurzburg', 6, 30, 1, 276, 110, '2015-09-05'),
(262, 'league_challenge_lieto', 9, 29, 1, 246, 0, '2015-09-06'),
(263, 'league_challenge_norwich', 9, 29, 1, 826, 0, '2015-09-04'),
(264, 'league_challenge_tulsa_ok', 9, 30, 1, 840, 14, '2015-09-12'),
(265, 'league_challenge_manhattan_ny', 9, 29, 1, 840, 0, '2015-09-12'),
(266, 'league_challenge_rock_hill', 9, 30, 1, 840, 0, '2015-09-12'),
(267, 'mtg_deals_san_gabriel_ca', 16, 30, 1, 840, 63, '2015-09-12'),
(268, 'the_meta_deck_open', 10, 29, 1, 840, 37, '2015-09-12'),
(269, 'stadium_challenge_arlington_tx', 5, 16, 1, 840, 53, '2004-07-10'),
(270, 'bailey_s_comics_lindenhurst_ny', 10, 7, 8, 840, 8, '2004-08-15'),
(271, 'last_chance_qualifier_2004', 1, 16, 1, 840, 118, '2004-08-20'),
(272, 'hobbytown_usa_brookfield_wi', 14, 17, 2, 840, 25, '2004-08-28'),
(273, 'lutte_contre_la_mucoviscidose_camon', 16, 30, 1, 250, 40, '2015-09-26'),
(274, 'poke-essonne_longjumeau', 10, 29, 1, 250, 21, '2015-09-27'),
(275, 'regionals_2015_16_houston_tx', 4, 30, 1, 840, 350, '2015-10-04'),
(276, 'league_challenge_stockholm', 9, 29, 1, 752, 0, '2015-10-04'),
(277, 'regionals_2015_16_houston_tx', 4, 30, 2, 840, 0, '2015-10-04'),
(278, 'regionals_2015_16_phoenix_az', 4, 30, 1, 840, 0, '2015-10-04'),
(279, 'regionals_2015_16_phoenix_az', 4, 30, 2, 840, 0, '2015-10-04'),
(280, 'league_challenge_lancaster_pa', 9, 29, 1, 840, 0, '2015-10-11'),
(281, 'league_challenge_houston', 9, 29, 1, 840, 0, '2015-10-11'),
(282, 'regionals_2015_16_lancaster_pa', 4, 30, 1, 840, 0, '2015-10-11'),
(283, 'regionals_2015_16_ft_wayne_in', 4, 30, 1, 840, 0, '2015-10-18'),
(284, 'fanboy3_manchester', 15, 4, 8, 826, 21, '2015-10-03'),
(285, 'arena_cup_2015_16_berlin', 6, 29, 1, 276, 108, '2015-11-28'),
(286, 'fanboy3_manchester', 15, 4, 8, 826, 30, '2015-12-06'),
(287, 'fanboy3_manchester', 15, 4, 8, 826, 11, '2016-01-23'),
(288, 'regional_2015_16_clackamas_or', 4, 30, 1, 840, 0, '2016-02-28'),
(289, 'regional_2015_16_verberie', 4, 29, 1, 250, 0, '2016-03-20'),
(290, 'european_challenge_cup_2016', 2, 29, 1, 528, 361, '2016-02-21'),
(291, 'arena_cup_2015_16_innsbruck', 6, 29, 1, 40, 60, '2016-03-19'),
(292, 'regional_2015_16_kissimmee_fl', 4, 30, 1, 840, 0, '2016-02-28'),
(293, 'regional_2015_16_clackamas_or', 4, 30, 2, 840, 0, '2016-02-28'),
(294, 'state_2016_duluth_ga', 5, 29, 1, 840, 0, '2016-03-19'),
(295, 'state_2016_chicago_il', 5, 29, 1, 840, 0, '2016-03-19'),
(296, 'state_2016_pearl_ms', 5, 29, 1, 840, 0, '2016-03-19'),
(297, 'state_2016_clackamas_or', 5, 29, 1, 840, 0, '2016-03-19'),
(298, 'state_2016_duluth_ga', 5, 29, 2, 840, 0, '2016-03-19'),
(299, 'state_2016_pearl_ms', 5, 29, 2, 840, 0, '2016-03-19'),
(300, 'state_2016_west_chester_pa', 5, 29, 2, 840, 0, '2016-03-19'),
(301, 'state_2016_west_chester_pa', 5, 29, 3, 840, 0, '2016-03-19'),
(302, 'state_2016_salt_lake_city_ut', 5, 29, 1, 840, 0, '2016-03-19'),
(303, 'fanboy3_manchester', 15, 4, 8, 826, 0, '2016-04-23'),
(304, 'regional_2015_16_villeneuve_d_ascq', 4, 29, 1, 250, 0, '2016-04-24'),
(305, 'regional_2015_16_anaheim_ca', 4, 30, 1, 840, 0, '2016-02-20'),
(306, 'regional_2015_16_lanaken', 4, 30, 1, 56, 0, '2016-04-24'),
(307, 'state_2016_helena_al', 5, 29, 1, 840, 0, '2016-04-10'),
(308, 'province_2015_16_vancouver_bc', 5, 29, 1, 124, 0, '2016-04-09'),
(309, 'state_2016_north_canton_oh', 5, 29, 1, 840, 0, '2016-04-09'),
(310, 'state_2016_north_canton_oh', 5, 29, 2, 840, 0, '2016-04-09'),
(311, 'province_2015_16_vancouver_bc', 5, 29, 3, 124, 0, '2016-04-09'),
(312, 'state_2016_san_gabriel_ca_mtg_deals', 5, 29, 3, 840, 0, '2016-04-09'),
(313, 'state_2016_louisville_ky', 5, 29, 3, 840, 0, '2016-04-09'),
(314, 'state_2016_bedford_nh', 5, 29, 1, 840, 0, '2016-03-26'),
(315, 'state_2016_coon_rapids_mn', 5, 29, 1, 840, 0, '2016-03-26'),
(316, 'state_2016_nanuet_ny_toy_wiz', 5, 29, 1, 840, 0, '2016-03-26'),
(317, 'regional_2015_16_dortmund', 4, 29, 1, 276, 0, '2016-04-30'),
(318, 'regional_2015_16_bratislava', 4, 29, 1, 703, 0, '2016-04-24'),
(319, 'regional_2015_16_speyer', 4, 29, 1, 276, 0, '2016-04-10'),
(320, 'regional_2015_16_berlin', 4, 29, 1, 276, 0, '2016-04-16'),
(321, 'regional_2015_16_ludwigsburg', 4, 29, 1, 276, 0, '2016-04-09'),
(322, 'state_2016_east_windsor_ct', 5, 29, 1, 840, 0, '2016-04-02'),
(323, 'regional_2015_16_wasserburg', 4, 29, 1, 276, 0, '2016-04-17'),
(324, 'regional_2015_16_apeldoorn', 4, 30, 1, 528, 0, '2016-04-10'),
(325, 'state_2016_east_windsor_ct', 5, 29, 2, 840, 0, '2016-04-02'),
(326, 'state_2016_seattle_wa', 5, 29, 1, 840, 0, '2016-04-02'),
(327, 'state_2016_seattle_wa', 5, 29, 2, 840, 0, '2016-04-02'),
(328, 'state_2016_seattle_wa', 5, 29, 3, 840, 0, '2016-04-02'),
(329, 'state_2016_boise_id', 5, 29, 1, 840, 0, '2016-04-02'),
(330, 'state_2016_boise_id', 5, 29, 2, 840, 0, '2016-04-02'),
(331, 'regional_2015_16_eindhoven', 4, 30, 1, 528, 0, '2016-03-20'),
(332, 'state_2016_mooresville_nc', 5, 29, 1, 840, 0, '2016-04-02'),
(333, 'state_2016_san_gabriel_ca_mtg_deals', 5, 29, 1, 840, 0, '2016-04-09'),
(334, 'city_2015_16_modling', 7, 29, 1, 40, 0, '2016-02-27'),
(335, 'city_2015_16_koblenz', 7, 29, 1, 276, 0, '2016-02-27'),
(336, 'state_2016_bedford_nh', 5, 29, 3, 840, 0, '2016-03-26'),
(337, 'state_2016_nanuet_ny_toy_wiz', 5, 29, 2, 840, 0, '2016-03-26'),
(338, 'state_2016_nanuet_ny_toy_wiz', 5, 29, 3, 840, 0, '2016-03-26'),
(339, 'regional_2015_16_leipzig', 4, 29, 1, 276, 0, '2016-05-08'),
(340, 'state_2016_louisville_ky', 5, 29, 1, 840, 0, '2016-04-09'),
(341, 'france_national_2016', 3, 29, 1, 250, 136, '2016-05-15'),
(342, 'belgium_national_2016', 3, 29, 1, 56, 0, '2016-05-15'),
(343, 'uk_national_2016', 3, 29, 1, 826, 0, '2016-05-15'),
(344, 'germany_national_2016', 3, 29, 1, 276, 0, '2016-05-22'),
(345, 'austria_national_2016', 3, 29, 1, 40, 0, '2016-06-26'),
(346, 'italy_national_2016', 3, 29, 1, 380, 0, '2016-06-12'),
(347, 'usa_national_championships', 3, 29, 1, 840, 1105, '2016-07-02'),
(348, 'norway_national_2016', 3, 29, 1, 578, 0, '2016-06-18'),
(349, 'world_championships_2016', 1, 29, 1, 840, 0, '2016-08-21'),
(350, 'world_championships_2016', 1, 29, 2, 840, 0, '2016-08-21'),
(351, 'world_championships_2016', 1, 29, 3, 840, 0, '2016-08-21'),
(352, 'international_challenge_london', 2, 1, 1, 826, 492, '2016-12-11'),
(353, 'treasure_box_salinas_ca', 14, 11, 8, 840, 18, '2001-01-27'),
(354, 'regional_2016_17_nagoya', 4, 31, 1, 392, 0, '2017-05-12'),
(355, 'regional_2016_17_roanoke_va', 4, 1, 1, 840, 660, '2017-05-07'),
(356, 'regional_2016_17_dortmund', 4, 1, 1, 276, 0, '2016-11-20'),
(357, 'regional_2016_17_roanoke_va', 4, 1, 2, 840, 0, '2017-05-07'),
(358, 'regional_2016_17_sheffield', 4, 1, 1, 826, 384, '2017-03-05'),
(359, 'regional_2016_17_malmo', 4, 1, 1, 752, 0, '2017-03-26'),
(360, 'league_cup_osceola_fl', 9, 1, 1, 840, 0, '2017-05-20');

INSERT INTO `events_categories` (`id`, `identifier`, `name`) VALUES
(1, 'master', 'Master 15+'),
(2, 'senior', 'Senior 11-14'),
(3, 'junior', 'Junior 10-'),
(4, 'junior_13', 'Junior 13-'),
(5, 'junior_14', 'Junior 14-'),
(6, 'senior_11_12', 'Senior 11-12'),
(7, 'senior_13_14', 'Senior 13-14'),
(8, 'all', 'All');

INSERT INTO `events_levels` (`id`, `identifier`, `name`) VALUES
(0, 'professor_cup', 'Professor Cup'),
(1, 'world_championships', 'World Championships'),
(2, 'major_event', 'Major Event'),
(3, 'national', 'National'),
(4, 'regional', 'Regional'),
(5, 'state', 'State'),
(6, 'arena_cup', 'Arena Cup'),
(7, 'city', 'City'),
(8, 'battle_road', 'Battle Road'),
(9, 'league_challenge', 'League Challenge'),
(10, 'other', 'Other'),
(11, 'tropical_mega_battle', 'Tropical Mega Battle'),
(12, 'trainer_showdown', 'Trainer Showdown'),
(13, 'qualifier_tour', 'Qualifier Tour'),
(14, 'regular', 'Regular'),
(15, 'local', 'Local'),
(16, 'spe', 'SPE');

INSERT INTO `events_names` (`event_id`, `local_language_id`, `name`, `description`) VALUES
(1, 2, 'World Championships 2002', ''),
(2, 2, 'World Championships 2002', ''),
(3, 2, 'STS Secaucus, New Jersey', ''),
(4, 2, 'STS Secaucus, New Jersey', ''),
(5, 2, 'STS Secaucus, New Jersey', ''),
(6, 2, 'Trainer Showdown - Los Angeles', ''),
(7, 2, 'Trainer Showdown - San Francisco', ''),
(8, 2, 'Trainer Showdown - Washington D.C.', ''),
(9, 2, 'Trainer Showdown - Atlanta', ''),
(10, 2, 'Trainer Showdown - Chicago', ''),
(11, 2, 'Trainer Showdown - Kansas City', ''),
(12, 2, 'Trainer Showdown - New York', ''),
(13, 2, 'Trainer Showdown - Houston', ''),
(14, 2, 'Trainer Showdown - Seattle', ''),
(15, 2, 'USA National Championships 1999', ''),
(16, 2, 'STS Qualifier - Cincinnati, Ohio - Day 1', ''),
(17, 2, 'Tropical Mega Battle 1999', ''),
(18, 2, 'Professor''s Cup 2002', ''),
(19, 2, 'Rama Llama Comics - Plano, Texas', ''),
(20, 0, 'Professor''s Cup 2003', ''),
(21, 2, 'Fan Appreciation - GenCon 2003', ''),
(22, 2, 'World Championships 2004', ''),
(23, 2, 'World Championships 2004', ''),
(24, 2, 'World Championships 2004', ''),
(25, 2, 'World Championships 2005', ''),
(26, 2, 'World Championships 2005', ''),
(27, 2, 'World Championships 2005', ''),
(28, 2, 'World Championships 2006', ''),
(29, 2, 'World Championships 2006', ''),
(30, 2, 'World Championships 2006', ''),
(31, 2, 'World Championships 2007', ''),
(32, 2, 'World Championships 2007', ''),
(33, 2, 'World Championships 2007', ''),
(34, 2, 'World Championships 2008', ''),
(35, 2, 'World Championships 2008', ''),
(36, 2, 'World Championships 2008', ''),
(37, 2, 'World Championships 2009', ''),
(38, 2, 'World Championships 2009', ''),
(39, 2, 'World Championships 2009', ''),
(40, 2, 'World Championships 2010', ''),
(41, 2, 'World Championships 2010', ''),
(42, 2, 'World Championships 2010', ''),
(43, 2, 'World Championships 2011', ''),
(44, 2, 'World Championships 2011', ''),
(45, 2, 'World Championships 2011', ''),
(46, 2, 'World Championships 2012', ''),
(47, 2, 'World Championships 2012', ''),
(48, 2, 'World Championships 2012', ''),
(49, 2, 'World Championships 2013', ''),
(50, 2, 'World Championships 2013', ''),
(51, 2, 'World Championships 2013', ''),
(52, 2, 'World Championships 2014', ''),
(53, 2, 'World Championships 2014', ''),
(54, 2, 'World Championships 2014', ''),
(55, 2, 'Arena Cup 2014/15 - Bremen', ''),
(56, 2, 'Arena Cup 2014/15 - Berlin', ''),
(57, 2, 'Regional 2014/15 - Fort Wayne - Day 2', ''),
(58, 2, 'City 2014/15 - Springfield, Missouri', ''),
(59, 2, 'City 2014/15 - South St. Louis, Missouri', ''),
(60, 2, 'League Challenge - Spiel 2014', ''),
(61, 2, 'European Challenge Cup 2015', ''),
(62, 2, 'STS Qualifier - Norcross, Georgia', ''),
(63, 2, 'STS Qualif. - San Benedetto del Tronto', ''),
(64, 2, 'STS San Diego - Day 1', ''),
(65, 2, 'STS San Diego - Day 2', ''),
(66, 2, 'France National Championships 2011', ''),
(67, 2, 'Regional 2013/14 - Doswell, Virginia', ''),
(68, 2, 'STS Qualifier - Torrance, California', ''),
(69, 2, 'STS Qualifier - Phoenix, Arizona - Day 1', ''),
(70, 2, 'STS Qualifier - Phoenix, Arizona - Day 2', ''),
(71, 2, 'STS Qualifier - West Dundee, Illinois', ''),
(72, 2, 'STS Qualifier - High Point, N. Carolina', ''),
(73, 2, 'STS Qualifier - King of Prussia, PA', ''),
(74, 2, 'STS Long Beach, California', ''),
(75, 2, 'STS Long Beach, California', ''),
(76, 2, 'STS Long Beach, California', ''),
(77, 2, 'Brisbane Online Games Center', ''),
(78, 2, 'Toys ''R'' Us - Spotsylvania, Virginia', ''),
(79, 2, 'Tropical Mega Battle 2000', ''),
(80, 2, 'Creative Gift Baskets - Planto, Texas', ''),
(81, 2, 'City 2014/15 - New Holland, PA', ''),
(82, 2, 'City 2014/15 - Blue Bell, PA', ''),
(83, 2, 'City 2014/15 - Culpeper, Virginia', ''),
(84, 2, 'City 2014/15 - York, PA', ''),
(85, 2, 'Regional 2014/15 - Shoreham-by-Sea', ''),
(86, 2, 'Regional 2013/14 - Mödling', ''),
(87, 2, 'European Challenge Cup 2015', ''),
(88, 2, 'Arena Cup 2014/15 - Salzburg', ''),
(89, 2, 'City 2014/15 - São José dos Campos', ''),
(90, 2, 'City 2014/15 - Pretoria', ''),
(91, 2, 'Colossal Comics - Marietta, GA', ''),
(92, 2, 'Fanboy3 - Manchester', ''),
(93, 2, 'Regional 2014/15 - Kissimmee, FL - Day 1', ''),
(94, 2, 'Regional 2014/15 - Kissimmee, FL - Day 2', ''),
(95, 2, 'GameMaster - Fairlawn, NJ', ''),
(96, 2, 'Regional 2014/15 - Doswell, VA - Day 1', ''),
(97, 2, 'City 2014/15 - Douglasville, GA', ''),
(98, 2, 'City 2014/15 - Alpharetta, GA', ''),
(99, 2, 'City 2014/15 - Buford, GA', ''),
(100, 2, 'City 2014/15 - Newnan, GA', ''),
(101, 2, 'City 2014/15 - Lawrenceville , GA', ''),
(102, 2, 'Toys ''R'' Us - Dublin, California', ''),
(103, 2, 'City 2004/05 - Garden City, MI', ''),
(104, 2, 'City 2004/05 - Plano, Texas', ''),
(105, 2, 'City 2014/15 - Verberie', ''),
(106, 2, 'City 2014/15 - Lyon', ''),
(107, 2, 'Logan''s Card Shop - North Vernon, IN', ''),
(108, 2, 'Hobbytown - Lincoln, NE', ''),
(109, 2, 'Collector''s Cache - Lenexa, Kansas', ''),
(110, 2, 'Games Galore - Arlington, TX', ''),
(111, 2, 'City 2014/15 - Trnava', ''),
(112, 2, 'City 2014/15 - Montpellier', ''),
(113, 2, 'City 2014/15 - Duluth, GA', ''),
(114, 2, 'USA National Championships 2014', ''),
(115, 2, 'USA National Championships 2014', ''),
(116, 2, 'USA National Championships 2014', ''),
(117, 2, 'Regional 2014/15 - Phoenix, AZ - Day 1', ''),
(118, 2, 'Regional 2014/15 - Philadelphia - Day 1', ''),
(119, 2, 'League Challenge - Bratislava', ''),
(120, 2, 'Gathering Ground - St. Louis, MO', ''),
(121, 2, 'Comic Company - Atlanta, GA', ''),
(122, 2, 'Comic Company - Atlanta, GA', ''),
(123, 2, 'Brain Snacks - Downers Grove, IL', ''),
(124, 2, 'Dreamers - St. Louis Park, MN', ''),
(125, 2, 'Comic World - Kitchener, ON', ''),
(126, 2, 'Comic World - Kitchener, ON', ''),
(127, 2, 'Comic World - Kitchener, ON', ''),
(128, 2, 'Festival des Jeux 2001 - Cannes', ''),
(129, 2, 'Regional 2014/15 - Phoenix, AZ - Day 2', ''),
(130, 2, 'The Game Academy - Orlando, FL', ''),
(131, 2, 'Third Planet - Torrance, CA', ''),
(132, 2, 'Extra Base - Orlando, FL', ''),
(133, 2, 'Hobby World - San Jose, CA', ''),
(134, 2, 'The Game Room - Little Rock, AR', ''),
(135, 2, 'TS Side Event - Los Angeles', ''),
(136, 2, 'Regional 2014/15 - St. Louis, MO - Day 2', ''),
(137, 2, 'Manchester Center - Fresno, CA', ''),
(138, 2, 'Game Chest - Dallas, Texas', ''),
(139, 2, 'Golden Memories - Long Island, NY', ''),
(140, 2, 'Pojo.com Apprentice League', ''),
(141, 2, 'Gathering Ground - St. Louis, MO', ''),
(142, 2, 'KGB - Maryville, Tennessee', ''),
(143, 2, 'Pioneer Place - Portland, OR', ''),
(144, 2, 'Altered States - Upstate NY', ''),
(145, 2, 'Rama Llama Comics - Plano, Texas', ''),
(146, 2, 'Downtown Comics - Indianapolis', ''),
(147, 2, 'New Year - Comics-a-Lot - Richmond, VA', ''),
(148, 2, 'Deja Vu Games - Kitchener, ON', ''),
(149, 2, 'Golden Memories - Mastic, NY', ''),
(150, 2, 'Ivory and Steel - Stillwater, OK', ''),
(151, 2, 'Golden Memories - Mastic, NY', ''),
(152, 2, 'Games Galore - Arlington, TX', ''),
(153, 2, 'Battlezone - Lenexa, KS', ''),
(154, 2, 'Mirkwood Games - Richfield, MN', ''),
(155, 2, 'STS Qualifier - Dallas, Texas', ''),
(156, 2, 'Game Keeper - Tysons Corner, VA', ''),
(157, 2, 'Toys ''R'' Us - Tysons Corner, VA', ''),
(158, 2, 'Winners - Toys ''R'' Us - Tysons Corner, VA', ''),
(159, 2, 'Midway Mall - Elyria, OH', ''),
(160, 2, 'Game Emporium - Albany, NY', ''),
(161, 2, 'Regional 2014/15 - St Louis, MO - Day 1', ''),
(162, 2, 'State 2015 - Ozark, AL', ''),
(163, 2, 'Province 2015 - Vancouver, BC', ''),
(164, 2, 'State 2015 - Crestwood, MO - Yeti Gaming', ''),
(165, 2, 'City 2014/15 - Springfield, Illinois', ''),
(166, 2, 'State 2015 - Dallas, TX', ''),
(167, 2, 'State 2015 - San Gabriel, CA - MTG Deals', ''),
(168, 2, 'State 2015 - Colorado Springs, CO', ''),
(169, 2, 'State 2015 - Kalamazoo, MI', ''),
(170, 2, 'State 2015 - Las Vegas, NV', ''),
(171, 2, 'Regional 2014/15 - Prague', ''),
(172, 2, 'Regional 2014/15 - Bergen', ''),
(173, 2, 'State 2015 - Hot Springs, AR', ''),
(174, 2, 'Devir Bookstore - São Paulo', ''),
(175, 2, 'Regional 2014/15 - Preganziol', ''),
(176, 2, 'State 2015 - Louisville, KY', ''),
(177, 2, 'State 2015 - Baraboo, WI', ''),
(178, 2, 'State 2015 - Fort Wayne, IN', ''),
(179, 2, 'Regional 2014/15 - Perth', ''),
(180, 2, 'Regional 2014/15 - Genk', ''),
(181, 2, 'State 2015 - Boise, ID', ''),
(182, 2, 'The Game Academy - Orlando FL', ''),
(183, 2, 'The Game Academy - Orlando FL', ''),
(184, 2, 'State 2015 - Pearl, MS', ''),
(185, 2, 'State 2015 - West Chester, PA', ''),
(186, 2, 'State 2015 - Lincoln, NE', ''),
(187, 2, 'Regional 2014/15 - Johannesburg', ''),
(188, 2, 'State 2015 - West Bridgewater, MA', ''),
(189, 2, 'SPE - Aldershot', ''),
(190, 2, 'State 2015 - Raleigh, NC', ''),
(191, 2, 'State 2015 - Clive, IA', ''),
(192, 2, 'Province 2015 - Toronto, ON', ''),
(193, 2, 'State 2015 - Duluth, GA', ''),
(194, 2, 'State 2015 - Glen Burnie, MD', ''),
(195, 2, 'Regional 2014/15 - Antwerpen', ''),
(196, 2, 'The Game Academy - Orlando FL', ''),
(197, 2, 'Regional 2014/15 - München', ''),
(198, 2, 'Big League Cards - Crownpoint, IN', ''),
(199, 2, 'G&amp;G''s Sports Cards - San Diego, CA', ''),
(200, 2, 'Full Moon - Schaumburg, IL', ''),
(201, 2, 'Comic Adventures - Mansfield, OH', ''),
(202, 2, 'State 2015 - Wooster, OH', ''),
(203, 2, 'State 2015 - Oklahoma City', ''),
(204, 2, 'State 2015 - Madison, TN', ''),
(205, 2, 'Regional 2014/15 - Speyer', ''),
(206, 2, 'State 2015 - Culpeper, VA', ''),
(207, 2, 'Regional 2014/15 - Aldershot', ''),
(208, 2, 'Regional 2014/15 - Dortmund', ''),
(209, 2, 'State 2015 - Praireville, LA', ''),
(210, 2, 'State 2015 - Columbia, SC', ''),
(211, 2, 'State 2015 - Parsippany, NJ', ''),
(212, 2, 'Club House Sports Cards - Indio, CA', ''),
(213, 2, 'State 2015 - Melbourne, FL', ''),
(214, 2, 'State 2015 - Lenexa, KS', ''),
(215, 2, 'State 2015 - Albuquerque, NM', ''),
(216, 2, 'State 2015 - Phoenix, AZ', ''),
(217, 2, 'Regional 2014/15 - Merville', ''),
(218, 2, 'Regional 2014/15 - Köln', ''),
(219, 2, 'Regional 2014/15 - Sydney', ''),
(220, 2, 'City 2014/15 - Dandenong', ''),
(221, 2, 'State 2015 - Portland, OR', ''),
(222, 2, 'Province 2015 - Québec, QC', ''),
(223, 2, 'Regional 2014/15 - Adelaide', ''),
(224, 2, 'State 2015 - Nanuet, NY', ''),
(225, 2, 'State 2015 - Seattle, WA', ''),
(226, 2, 'Regional 2014/15 - Vitória, ES', ''),
(227, 2, 'Switzerland National 2015', ''),
(228, 2, 'Regional 2014/15 - Wasserburg', ''),
(229, 2, 'Germany National 2015', ''),
(230, 2, 'Austria National 2015', ''),
(231, 2, 'Belgium National 2015', ''),
(232, 2, 'France National 2015', ''),
(233, 2, 'UK National 2015', ''),
(234, 2, 'Norway National 2015', ''),
(235, 2, 'Czech Republic National 2015', ''),
(236, 2, 'Czech Republic National 2015', ''),
(237, 2, 'South Africa National 2015', ''),
(238, 2, 'Portugal National 2015', ''),
(239, 2, 'Italy National 2015', ''),
(240, 2, 'Czech Republic National 2015', ''),
(241, 2, 'Regional 2014/15 - Madison, WI - Day 1', ''),
(242, 2, 'Regional 2014/15 - Madison, WI - Day 2', ''),
(243, 2, 'Regional 2014/15 - Sturbridge, MA - Day 1', ''),
(244, 2, 'Regional 2014/15 - Sturbridge, MA - Day 2', ''),
(245, 2, 'Regional 2014/15 - Edmonton, AB - Day 1', ''),
(246, 2, 'Regional 2014/15 - Edmonton, AB - Day 2', ''),
(247, 2, 'USA National Championships 2015', ''),
(248, 2, 'WCSC San Diego', ''),
(249, 2, 'ECSC Secaucus', ''),
(250, 2, 'ECSC Secaucus', ''),
(251, 2, 'Fanboy3 - Manchester', ''),
(252, 2, 'USA National Championships 2015', ''),
(253, 2, 'World Championships 2015', ''),
(254, 2, 'USA National Championships 2015', ''),
(255, 2, 'World Championships 2015', ''),
(256, 2, 'World Championships 2015', ''),
(257, 2, 'Boston Open 2015', ''),
(258, 2, 'STS San Diego - Day 2', ''),
(259, 2, 'League Challenge - Montclair', ''),
(260, 2, 'League Challenge - Roseville, MN', ''),
(261, 2, 'Arena Cup 2015/16 - Würzburg', ''),
(262, 2, 'League Challenge - Lieto', ''),
(263, 2, 'League Challenge - Norwich', ''),
(264, 2, 'League Challenge - Tulsa, OK', ''),
(265, 2, 'League Challenge - Manhattan, NY', ''),
(266, 2, 'League Challenge - Rock Hill', ''),
(267, 2, 'MTG Deals - San Gabriel, CA', ''),
(268, 2, 'The Meta Deck Open', ''),
(269, 2, 'Stadium Challenge - Arlington, TX', ''),
(270, 2, 'Bailey''s Comics - Lindenhurst, NY', ''),
(271, 2, 'Last Chance Qualifier 2004', ''),
(272, 2, 'Hobbytown USA - Brookfield, WI', ''),
(273, 2, 'Lutte contre la mucoviscidose - Camon', ''),
(274, 2, 'Poké-Essonne - Longjumeau', ''),
(275, 2, 'Regionals 2015/16 - Houston, TX', ''),
(276, 2, 'League Challenge - Stockholm', ''),
(277, 2, 'Regionals 2015/16 - Houston, TX', ''),
(278, 2, 'Regionals 2015/16 - Phoenix, AZ', ''),
(279, 2, 'Regionals 2015/16 - Phoenix, AZ', ''),
(280, 2, 'League Challenge - Lancaster, PA', ''),
(281, 2, 'League Challenge - Houston', ''),
(282, 2, 'Regionals 2015/16 - Lancaster, PA', ''),
(283, 2, 'Regionals 2015/16 - Ft Wayne, IN', ''),
(284, 2, 'Fanboy3 - Manchester', ''),
(285, 2, 'Arena Cup 2015/16 - Berlin', ''),
(286, 2, 'Fanboy3 - Manchester', ''),
(287, 2, 'Fanboy3 - Manchester', ''),
(288, 2, 'Regional 2015/16 - Clackamas, OR', ''),
(289, 2, 'Regional 2015/16 - Verberie', ''),
(290, 2, 'European Challenge Cup 2016', ''),
(291, 2, 'Arena Cup 2015/16 - Innsbruck', ''),
(292, 2, 'Regional 2015/16 - Kissimmee, FL', ''),
(293, 2, 'Regional 2015/16 - Clackamas, OR', ''),
(294, 2, 'State 2016 - Duluth, GA', ''),
(295, 2, 'State 2016 - Chicago, IL', ''),
(296, 2, 'State 2016 - Pearl, MS', ''),
(297, 2, 'State 2016 - Clackamas, OR', ''),
(298, 2, 'State 2016 - Duluth, GA', ''),
(299, 2, 'State 2016 - Pearl, MS', ''),
(300, 2, 'State 2016 - West Chester, PA', ''),
(301, 2, 'State 2016 - West Chester, PA', ''),
(302, 2, 'State 2016 - Salt Lake City, UT', ''),
(303, 2, 'Fanboy3 - Manchester', ''),
(304, 2, 'Regional 2015/16 - Villeneuve d''Ascq', ''),
(305, 2, 'Regional 2015/16 - Anaheim, CA', ''),
(306, 2, 'Regional 2015/16 - Lanaken', ''),
(307, 2, 'State 2016 - Helena, AL', ''),
(308, 2, 'Province 2015/16 - Vancouver, BC', ''),
(309, 2, 'State 2016 - North Canton, OH', ''),
(310, 2, 'State 2016 - North Canton, OH', ''),
(311, 2, 'Province 2015/16 - Vancouver, BC', ''),
(312, 2, 'State 2016 - San Gabriel, CA - MTG Deals', ''),
(313, 2, 'State 2016 - Louisville, KY', ''),
(314, 2, 'State 2016 - Bedford, NH', ''),
(315, 2, 'State 2016 - Coon Rapids, MN', ''),
(316, 2, 'State 2016 - Nanuet, NY - Toy Wiz', ''),
(317, 2, 'Regional 2015/16 - Dortmund', ''),
(318, 2, 'Regional 2015/16 - Bratislava', ''),
(319, 2, 'Regional 2015/16 - Speyer', ''),
(320, 2, 'Regional 2015/16 - Berlin', ''),
(321, 2, 'Regional 2015/16 - Ludwigsburg', ''),
(322, 2, 'State 2016 - East Windsor, CT', ''),
(323, 2, 'Regional 2015/16 - Wasserburg', ''),
(324, 2, 'Regional 2015/16 - Apeldoorn', ''),
(325, 2, 'State 2016 - East Windsor, CT', ''),
(326, 2, 'State 2016 - Seattle, WA', ''),
(327, 2, 'State 2016 - Seattle, WA', ''),
(328, 2, 'State 2016 - Seattle, WA', ''),
(329, 2, 'State 2016 - Boise, ID', ''),
(330, 2, 'State 2016 - Boise, ID', ''),
(331, 2, 'Regional 2015/16 - Eindhoven', ''),
(332, 2, 'State 2016 - Mooresville, NC', ''),
(333, 2, 'State 2016 - San Gabriel, CA - MTG Deals', ''),
(334, 2, 'City 2015/16 - Mödling', ''),
(335, 2, 'City 2015/16 - Koblenz', ''),
(336, 2, 'State 2016 - Bedford, NH', ''),
(337, 2, 'State 2016 - Nanuet, NY - Toy Wiz', ''),
(338, 2, 'State 2016 - Nanuet, NY - Toy Wiz', ''),
(339, 2, 'Regional 2015/16 - Leipzig', ''),
(340, 2, 'State 2016 - Louisville, KY', ''),
(341, 2, 'France National 2016', ''),
(342, 2, 'Belgium National 2016', ''),
(343, 2, 'UK National 2016', ''),
(344, 2, 'Germany National 2016', ''),
(345, 2, 'Austria National 2016', ''),
(346, 2, 'Italy National 2016', ''),
(347, 2, 'USA National Championships', ''),
(348, 2, 'Norway National 2016', ''),
(349, 2, 'World Championships 2016', ''),
(350, 2, 'World Championships 2016', ''),
(351, 2, 'World Championships 2016', ''),
(352, 2, 'International Challenge London', ''),
(353, 2, 'Treasure Box - Salinas, CA', ''),
(354, 2, 'Regional 2016/17 - Nagoya', ''),
(355, 2, 'Regional 2016/17 - Roanoke, VA', ''),
(356, 2, 'Regional 2016/17 - Dortmund', ''),
(357, 2, 'Regional 2016/17 - Roanoke, VA', ''),
(358, 2, 'Regional 2016/17 - Sheffield', ''),
(359, 2, 'Regional 2016/17 - Malmö', ''),
(360, 2, 'League Cup - Osceola, FL', '');

INSERT INTO `formats` (`id`, `identifier`) VALUES
(1, 'standard'),
(2, 'expanded'),
(3, 'unlimited'),
(4, 'unlimited_100'),
(5, 'special'),
(6, 'base'),
(7, 'base_jungle'),
(8, 'base_fossil'),
(9, 'base_rocket'),
(10, 'base_gym'),
(11, 'base_neo'),
(12, 'base_skyridge'),
(13, 'prop_15_3'),
(14, 'rocket_on'),
(15, 'neo_on'),
(16, 'expedition_on'),
(17, 'rs_on'),
(18, 'hl_on'),
(19, 'dx_on'),
(20, 'hp_on'),
(21, 'dp_on_08_09'),
(22, 'dp_on_09_10'),
(23, 'md_on'),
(24, 'hgss_on'),
(25, 'bw_on'),
(26, 'nxd_on'),
(27, 'bcr_on'),
(28, 'exp_bw_on_14_15'),
(29, 'xy_on'),
(30, 'exp_bw_on_15_16'),
(31, 'xy_on_16_17');

INSERT INTO `formats_names` (`format_id`, `local_language_id`, `name`, `season`) VALUES
(1, 2, 'Standard', 'Current'),
(1, 3, 'Standard', 'Current'),
(2, 2, 'Expanded', 'Current'),
(2, 3, 'Étendu', 'Current'),
(3, 2, 'Unlimited', ''),
(3, 3, 'Illimité', ''),
(4, 2, 'U100', ''),
(4, 3, 'U100', ''),
(5, 2, 'Special', ''),
(5, 3, 'Spécial', ''),
(6, 2, 'Base', '1999'),
(6, 3, 'Base', '1999'),
(7, 2, 'Base Jungle', '1999'),
(7, 3, 'Base Jungle', '1999'),
(8, 2, 'Base Fossil', '1999-2000'),
(8, 3, 'Base Fossile', '1999-2000'),
(9, 2, 'Base Rocket', '2000'),
(9, 3, 'Base Rocket', '2000'),
(10, 2, 'Base Gym', '2000'),
(10, 3, 'Base Gym', '2000'),
(11, 2, 'Base Neo', '2000-2002'),
(11, 3, 'Base Neo', '2000-2002'),
(12, 2, 'Base Skyridge', '2002-2003'),
(12, 3, 'Base Skyridge', '2002-2003'),
(13, 2, 'Prop 15/3', '2000-2001'),
(13, 3, 'Prop 15/3', '2000-2001'),
(14, 2, 'Rocket-on', '2001-2002'),
(14, 3, 'Rocket-on', '2001-2002'),
(15, 2, 'Neo-on', '2002-2003'),
(15, 3, 'Neo-on', '2002-2003'),
(16, 2, 'Exp-on', '2003-2004'),
(16, 3, 'Exp-on', '2003-2004'),
(17, 2, 'RS-on', '2004-2005'),
(17, 3, 'RS-on', '2004-2005'),
(18, 2, 'HL-on', '2005-2006'),
(18, 3, 'HL-on', '2005-2006'),
(19, 2, 'DX-on', '2006-2007'),
(19, 3, 'DX-on', '2006-2007'),
(20, 2, 'HP-on', '2007-2008'),
(20, 3, 'HP-on', '2007-2008'),
(21, 2, 'DP-on 08-09', '2008-2009'),
(21, 3, 'DP-on 08-09', '2008-2009'),
(22, 2, 'DP-on 09-10', '2009-2010'),
(22, 3, 'DP-on 09-10', '2009-2010'),
(23, 2, 'MD-on', '2010-2011'),
(23, 3, 'MD-on', '2010-2011'),
(24, 2, 'HGSS-on', '2011-2012'),
(24, 3, 'HGSS-on', '2011-2012'),
(25, 2, 'BW-on', '2012-2013'),
(25, 3, 'BW-on', '2012-2013'),
(26, 2, 'NxD-on', '2013-2014'),
(26, 3, 'NxD-on', '2013-2014'),
(27, 2, 'BCr-on', '2014-2015'),
(27, 3, 'BCr-on', '2014-2015'),
(28, 2, 'Exp BW 14-15', '2014-2015'),
(28, 3, 'Étn BW 14-15', '2014-2015'),
(29, 2, 'XY-on', '2015-2016'),
(29, 3, 'XY-on', '2015-2016'),
(30, 2, 'Exp BW 15-16', '2015-2016'),
(30, 3, 'Étn BW 15-16', '2015-2016'),
(31, 2, 'XY-on 16-17', '2016-2017'),
(31, 3, 'XY-on 16-17', '2016-2017');

INSERT INTO `format_sets` (`format_id`, `set_id`, `number_start`, `number_end`, `set_order`) VALUES
(1, 63, NULL, NULL, 18),
(1, 64, NULL, NULL, 19),
(1, 65, NULL, NULL, 20),
(1, 66, NULL, NULL, 21),
(1, 67, NULL, NULL, 22),
(1, 68, NULL, NULL, 23),
(1, 69, NULL, NULL, 24),
(1, 71, NULL, NULL, 26),
(1, 72, NULL, NULL, 27),
(1, 4006, NULL, NULL, 30),
(1, 5006, 36, 210, 29),
(2, 48, NULL, NULL, 1),
(2, 49, NULL, NULL, 2),
(2, 50, NULL, NULL, 3),
(2, 51, NULL, NULL, 4),
(2, 52, NULL, NULL, 5),
(2, 53, NULL, NULL, 6),
(2, 54, NULL, NULL, 8),
(2, 55, NULL, NULL, 9),
(2, 56, NULL, NULL, 10),
(2, 57, NULL, NULL, 11),
(2, 59, NULL, NULL, 14),
(2, 60, NULL, NULL, 15),
(2, 61, NULL, NULL, 16),
(2, 62, NULL, NULL, 17),
(2, 63, NULL, NULL, 18),
(2, 64, NULL, NULL, 19),
(2, 65, NULL, NULL, 20),
(2, 66, NULL, NULL, 21),
(2, 67, NULL, NULL, 22),
(2, 68, NULL, NULL, 23),
(2, 69, NULL, NULL, 24),
(2, 70, NULL, NULL, 25),
(2, 71, NULL, NULL, 26),
(2, 72, NULL, NULL, 27),
(2, 1005, NULL, NULL, 7),
(2, 1006, NULL, NULL, 28),
(2, 3001, NULL, NULL, 31),
(2, 3002, NULL, NULL, 32),
(2, 3003, NULL, NULL, 33),
(2, 3004, NULL, NULL, 34),
(2, 4005, NULL, NULL, 13),
(2, 4006, NULL, NULL, 30),
(2, 5005, NULL, NULL, 12),
(2, 5006, NULL, NULL, 29),
(6, 1, NULL, NULL, 1),
(7, 1, NULL, NULL, 1),
(7, 2, NULL, NULL, 2),
(7, 5001, 1, 1, 3),
(8, 1, NULL, NULL, 1),
(8, 2, NULL, NULL, 2),
(8, 3, NULL, NULL, 3),
(8, 5001, 1, 15, 4),
(9, 1, NULL, NULL, 1),
(9, 2, NULL, NULL, 2),
(9, 3, NULL, NULL, 3),
(9, 5, NULL, NULL, 4),
(9, 5001, 1, 18, 5),
(10, 1, NULL, NULL, 1),
(10, 2, NULL, NULL, 2),
(10, 3, NULL, NULL, 3),
(10, 5, NULL, NULL, 4),
(10, 6, NULL, NULL, 5),
(10, 7, NULL, NULL, 6),
(10, 5001, 1, 24, 7),
(11, 1, NULL, NULL, 1),
(11, 2, NULL, NULL, 2),
(11, 3, NULL, NULL, 3),
(11, 5, NULL, NULL, 4),
(11, 6, NULL, NULL, 5),
(11, 7, NULL, NULL, 6),
(11, 8, NULL, NULL, 7),
(11, 9, NULL, NULL, 8),
(11, 10, NULL, NULL, 9),
(11, 11, NULL, NULL, 10),
(11, 1001, NULL, NULL, 11),
(11, 1002, NULL, NULL, 12),
(11, 5001, 1, 48, 13),
(12, 1, NULL, NULL, 1),
(12, 2, NULL, NULL, 2),
(12, 3, NULL, NULL, 3),
(12, 5, NULL, NULL, 4),
(12, 6, NULL, NULL, 5),
(12, 7, NULL, NULL, 6),
(12, 8, NULL, NULL, 7),
(12, 9, NULL, NULL, 8),
(12, 10, NULL, NULL, 9),
(12, 11, NULL, NULL, 10),
(12, 13, NULL, NULL, 11),
(12, 14, NULL, NULL, 12),
(12, 15, NULL, NULL, 13),
(12, 1001, NULL, NULL, 14),
(12, 1002, NULL, NULL, 15),
(12, 5001, NULL, NULL, 17),
(12, 6004, NULL, NULL, 16),
(13, 1, NULL, NULL, 1),
(13, 2, NULL, NULL, 2),
(13, 3, NULL, NULL, 3),
(13, 5, NULL, NULL, 4),
(13, 6, NULL, NULL, 5),
(13, 7, NULL, NULL, 6),
(13, 5001, 1, 24, 7),
(14, 5, NULL, NULL, 1),
(14, 6, NULL, NULL, 2),
(14, 7, NULL, NULL, 3),
(14, 8, NULL, NULL, 4),
(14, 9, NULL, NULL, 5),
(14, 10, NULL, NULL, 6),
(14, 11, NULL, NULL, 7),
(14, 12, NULL, NULL, 8),
(14, 1001, NULL, NULL, 9),
(14, 5001, 1, 48, 10),
(15, 8, NULL, NULL, 1),
(15, 9, NULL, NULL, 2),
(15, 10, NULL, NULL, 3),
(15, 11, NULL, NULL, 4),
(15, 12, NULL, NULL, 5),
(15, 13, NULL, NULL, 6),
(15, 14, NULL, NULL, 7),
(15, 15, NULL, NULL, 8),
(15, 1001, NULL, NULL, 9),
(15, 5001, NULL, NULL, 11),
(15, 6004, NULL, NULL, 10),
(16, 13, NULL, NULL, 1),
(16, 14, NULL, NULL, 2),
(16, 15, NULL, NULL, 3),
(16, 16, NULL, NULL, 4),
(16, 17, NULL, NULL, 5),
(16, 18, NULL, NULL, 6),
(16, 19, NULL, NULL, 7),
(16, 20, NULL, NULL, 8),
(16, 4001, NULL, NULL, 10),
(16, 5002, 1, 26, 9),
(17, 16, NULL, NULL, 1),
(17, 17, NULL, NULL, 2),
(17, 18, NULL, NULL, 3),
(17, 19, NULL, NULL, 4),
(17, 20, NULL, NULL, 5),
(17, 21, NULL, NULL, 6),
(17, 22, NULL, NULL, 7),
(17, 23, NULL, NULL, 8),
(17, 24, NULL, NULL, 9),
(17, 2001, NULL, NULL, 10),
(17, 4001, NULL, NULL, 12),
(17, 4002, NULL, NULL, 13),
(17, 5002, 1, 30, 11),
(18, 20, NULL, NULL, 1),
(18, 21, NULL, NULL, 2),
(18, 22, NULL, NULL, 3),
(18, 23, NULL, NULL, 4),
(18, 24, NULL, NULL, 5),
(18, 25, NULL, NULL, 6),
(18, 26, NULL, NULL, 7),
(18, 27, NULL, NULL, 8),
(18, 28, NULL, NULL, 9),
(18, 2001, NULL, NULL, 10),
(18, 2002, NULL, NULL, 11),
(18, 2003, NULL, NULL, 12),
(18, 4001, NULL, NULL, 15),
(18, 4002, NULL, NULL, 16),
(18, 5002, 1, 36, 14),
(19, 23, NULL, NULL, 1),
(19, 24, NULL, NULL, 2),
(19, 25, NULL, NULL, 3),
(19, 26, NULL, NULL, 4),
(19, 27, NULL, NULL, 5),
(19, 28, NULL, NULL, 6),
(19, 29, NULL, NULL, 7),
(19, 30, NULL, NULL, 8),
(19, 31, NULL, NULL, 9),
(19, 32, NULL, NULL, 10),
(19, 2002, NULL, NULL, 11),
(19, 2003, NULL, NULL, 12),
(19, 2004, NULL, NULL, 13),
(19, 2005, NULL, NULL, 14),
(19, 4002, NULL, NULL, 17),
(19, 5002, 29, 40, 15),
(19, 5003, 1, 5, 16),
(19, 6005, 84, 84, 18),
(20, 28, NULL, NULL, 1),
(20, 29, NULL, NULL, 2),
(20, 30, NULL, NULL, 3),
(20, 31, NULL, NULL, 4),
(20, 32, NULL, NULL, 5),
(20, 33, NULL, NULL, 6),
(20, 34, NULL, NULL, 7),
(20, 35, NULL, NULL, 8),
(20, 36, NULL, NULL, 9),
(20, 2004, NULL, NULL, 10),
(20, 2005, NULL, NULL, 11),
(20, 2006, NULL, NULL, 12),
(20, 2007, NULL, NULL, 13),
(20, 4003, NULL, NULL, 16),
(20, 5002, 37, 40, 14),
(20, 5003, 1, 25, 15),
(20, 6005, 96, 96, 17),
(21, 32, NULL, NULL, 1),
(21, 33, NULL, NULL, 2),
(21, 34, NULL, NULL, 3),
(21, 35, NULL, NULL, 4),
(21, 36, NULL, NULL, 5),
(21, 37, NULL, NULL, 6),
(21, 38, NULL, NULL, 7),
(21, 39, NULL, NULL, 8),
(21, 40, NULL, NULL, 9),
(21, 2006, NULL, NULL, 10),
(21, 2007, NULL, NULL, 11),
(21, 2008, NULL, NULL, 12),
(21, 2009, NULL, NULL, 13),
(21, 4003, NULL, NULL, 15),
(21, 5003, 1, 48, 14),
(22, 32, NULL, NULL, 1),
(22, 33, NULL, NULL, 2),
(22, 34, NULL, NULL, 3),
(22, 35, NULL, NULL, 4),
(22, 36, NULL, NULL, 5),
(22, 37, NULL, NULL, 6),
(22, 38, NULL, NULL, 7),
(22, 39, NULL, NULL, 8),
(22, 40, NULL, NULL, 9),
(22, 41, NULL, NULL, 10),
(22, 42, NULL, NULL, 11),
(22, 43, NULL, NULL, 13),
(22, 44, NULL, NULL, 14),
(22, 1004, NULL, NULL, 12),
(22, 2006, NULL, NULL, 15),
(22, 2007, NULL, NULL, 16),
(22, 2008, NULL, NULL, 17),
(22, 2009, NULL, NULL, 18),
(22, 4003, NULL, NULL, 21),
(22, 4004, NULL, NULL, 22),
(22, 5003, NULL, NULL, 19),
(22, 5004, 1, 18, 20),
(23, 36, NULL, NULL, 1),
(23, 37, NULL, NULL, 2),
(23, 38, NULL, NULL, 3),
(23, 39, NULL, NULL, 4),
(23, 40, NULL, NULL, 5),
(23, 41, NULL, NULL, 6),
(23, 42, NULL, NULL, 8),
(23, 43, NULL, NULL, 9),
(23, 44, NULL, NULL, 10),
(23, 45, NULL, NULL, 11),
(23, 46, NULL, NULL, 12),
(23, 47, NULL, NULL, 13),
(23, 1004, NULL, NULL, 7),
(23, 4004, NULL, NULL, 16),
(23, 5003, 22, 56, 14),
(23, 5004, NULL, NULL, 15),
(24, 43, NULL, NULL, 1),
(24, 44, NULL, NULL, 2),
(24, 45, NULL, NULL, 3),
(24, 46, NULL, NULL, 4),
(24, 47, NULL, NULL, 5),
(24, 48, NULL, NULL, 6),
(24, 49, NULL, NULL, 7),
(24, 50, NULL, NULL, 8),
(24, 51, NULL, NULL, 9),
(24, 52, NULL, NULL, 10),
(24, 3001, NULL, NULL, 15),
(24, 3002, NULL, NULL, 16),
(24, 4004, NULL, NULL, 13),
(24, 4005, NULL, NULL, 14),
(24, 5004, NULL, NULL, 11),
(24, 5005, 1, 50, 12),
(25, 48, NULL, NULL, 1),
(25, 49, NULL, NULL, 2),
(25, 50, NULL, NULL, 3),
(25, 51, NULL, NULL, 4),
(25, 52, NULL, NULL, 5),
(25, 53, NULL, NULL, 6),
(25, 54, NULL, NULL, 8),
(25, 55, NULL, NULL, 9),
(25, 56, NULL, NULL, 10),
(25, 1005, NULL, NULL, 7),
(25, 3001, NULL, NULL, 13),
(25, 3002, NULL, NULL, 14),
(25, 3003, NULL, NULL, 15),
(25, 4005, NULL, NULL, 12),
(25, 5005, 1, 95, 11),
(26, 51, NULL, NULL, 1),
(26, 52, NULL, NULL, 2),
(26, 53, NULL, NULL, 3),
(26, 54, NULL, NULL, 4),
(26, 55, NULL, NULL, 5),
(26, 56, NULL, NULL, 6),
(26, 57, NULL, NULL, 7),
(26, 58, NULL, NULL, 8),
(26, 59, NULL, NULL, 9),
(26, 60, NULL, NULL, 10),
(26, 1006, NULL, NULL, 11),
(26, 3002, NULL, NULL, 15),
(26, 3004, NULL, NULL, 16),
(26, 4006, NULL, NULL, 14),
(26, 5005, 33, 101, 12),
(26, 5006, 1, 27, 13),
(27, 54, NULL, NULL, 1),
(27, 55, NULL, NULL, 2),
(27, 56, NULL, NULL, 3),
(27, 57, NULL, NULL, 4),
(27, 58, NULL, NULL, 5),
(27, 59, NULL, NULL, 6),
(27, 60, NULL, NULL, 7),
(27, 61, NULL, NULL, 8),
(27, 62, NULL, NULL, 9),
(27, 63, NULL, NULL, 10),
(27, 64, NULL, NULL, 11),
(27, 65, NULL, NULL, 12),
(27, 1006, NULL, NULL, 13),
(27, 3004, NULL, NULL, 17),
(27, 4006, NULL, NULL, 16),
(27, 5005, 51, 101, 14),
(27, 5006, NULL, NULL, 15),
(28, 48, NULL, NULL, 1),
(28, 49, NULL, NULL, 2),
(28, 50, NULL, NULL, 3),
(28, 51, NULL, NULL, 4),
(28, 52, NULL, NULL, 5),
(28, 53, NULL, NULL, 6),
(28, 54, NULL, NULL, 8),
(28, 55, NULL, NULL, 9),
(28, 56, NULL, NULL, 10),
(28, 57, NULL, NULL, 11),
(28, 58, NULL, NULL, 12),
(28, 59, NULL, NULL, 13),
(28, 60, NULL, NULL, 14),
(28, 61, NULL, NULL, 15),
(28, 62, NULL, NULL, 16),
(28, 63, NULL, NULL, 17),
(28, 64, NULL, NULL, 18),
(28, 65, NULL, NULL, 19),
(28, 1005, NULL, NULL, 7),
(28, 1006, NULL, NULL, 20),
(28, 3001, NULL, NULL, 25),
(28, 3002, NULL, NULL, 26),
(28, 3003, NULL, NULL, 27),
(28, 3004, NULL, NULL, 28),
(28, 4005, NULL, NULL, 23),
(28, 4006, NULL, NULL, 24),
(28, 5005, NULL, NULL, 21),
(28, 5006, NULL, NULL, 22),
(29, 59, NULL, NULL, 1),
(29, 60, NULL, NULL, 2),
(29, 61, NULL, NULL, 3),
(29, 62, NULL, NULL, 4),
(29, 63, NULL, NULL, 5),
(29, 64, NULL, NULL, 6),
(29, 65, NULL, NULL, 7),
(29, 66, NULL, NULL, 8),
(29, 67, NULL, NULL, 9),
(29, 68, NULL, NULL, 10),
(29, 69, NULL, NULL, 11),
(29, 70, NULL, NULL, 12),
(29, 1006, NULL, NULL, 13),
(29, 3004, NULL, NULL, 16),
(29, 4006, NULL, NULL, 15),
(29, 5006, NULL, NULL, 14),
(30, 48, NULL, NULL, 1),
(30, 49, NULL, NULL, 2),
(30, 50, NULL, NULL, 3),
(30, 51, NULL, NULL, 4),
(30, 52, NULL, NULL, 5),
(30, 53, NULL, NULL, 6),
(30, 54, NULL, NULL, 8),
(30, 55, NULL, NULL, 9),
(30, 56, NULL, NULL, 10),
(30, 57, NULL, NULL, 11),
(30, 58, NULL, NULL, 12),
(30, 59, NULL, NULL, 13),
(30, 60, NULL, NULL, 14),
(30, 61, NULL, NULL, 15),
(30, 62, NULL, NULL, 16),
(30, 63, NULL, NULL, 17),
(30, 64, NULL, NULL, 18),
(30, 65, NULL, NULL, 19),
(30, 66, NULL, NULL, 20),
(30, 67, NULL, NULL, 21),
(30, 68, NULL, NULL, 22),
(30, 69, NULL, NULL, 23),
(30, 70, NULL, NULL, 24),
(30, 1005, NULL, NULL, 7),
(30, 1006, NULL, NULL, 25),
(30, 3001, NULL, NULL, 30),
(30, 3002, NULL, NULL, 31),
(30, 3003, NULL, NULL, 32),
(30, 3004, NULL, NULL, 33),
(30, 4005, NULL, NULL, 28),
(30, 4006, NULL, NULL, 29),
(30, 5005, NULL, NULL, 26),
(30, 5006, NULL, NULL, 27),
(31, 59, NULL, NULL, 1),
(31, 60, NULL, NULL, 2),
(31, 61, NULL, NULL, 3),
(31, 62, NULL, NULL, 4),
(31, 63, NULL, NULL, 5),
(31, 64, NULL, NULL, 6),
(31, 65, NULL, NULL, 7),
(31, 66, NULL, NULL, 8),
(31, 67, NULL, NULL, 9),
(31, 68, NULL, NULL, 10),
(31, 69, NULL, NULL, 11),
(31, 70, NULL, NULL, 12),
(31, 71, NULL, NULL, 13),
(31, 72, NULL, NULL, 14),
(31, 73, NULL, NULL, 15),
(31, 74, NULL, NULL, 16),
(31, 1006, NULL, NULL, 17),
(31, 3004, NULL, NULL, 21),
(31, 4006, NULL, NULL, 20),
(31, 5006, NULL, NULL, 18),
(31, 5007, NULL, NULL, 19);

INSERT INTO `languages` (`id`, `iso639`, `iso3166`, `identifier`) VALUES
(0, 'ja', 'jp', 'roomaji'),
(1, 'ja', 'jp', 'japanese'),
(2, 'en', 'us', 'english'),
(3, 'fr', 'fr', 'french'),
(4, 'it', 'it', 'italian'),
(5, 'de', 'de', 'german'),
(7, 'es', 'es', 'spanish'),
(8, 'ko', 'kr', 'korean'),
(9, 'zh', 'cn', 'chinese'),
(10, 'cs', 'cz', 'czech');

INSERT INTO `languages_names` (`language_id`, `local_language_id`, `name`) VALUES
(1, 1, '日本語'),
(1, 2, 'Japanese'),
(1, 3, 'Japonais'),
(1, 10, 'Japonština'),
(2, 1, '英語'),
(2, 2, 'English'),
(2, 3, 'Anglais'),
(2, 10, 'Angličtina'),
(3, 1, 'フランス語'),
(3, 2, 'French'),
(3, 3, 'Français'),
(3, 10, 'Francouzština'),
(4, 1, '伊語'),
(4, 2, 'Italian'),
(4, 3, 'Italien'),
(4, 10, 'Italština'),
(5, 1, 'ドイツ語'),
(5, 2, 'German'),
(5, 3, 'Allemand'),
(5, 10, 'Němčina'),
(7, 1, '西語'),
(7, 2, 'Spanish'),
(7, 3, 'Espagnol'),
(7, 10, 'Španělština'),
(8, 1, '韓国語'),
(8, 2, 'Korean'),
(8, 3, 'Koréen'),
(8, 10, 'Korejština'),
(9, 1, '中国語'),
(9, 2, 'Chinese'),
(9, 3, 'Chinois'),
(9, 10, 'Čínština'),
(10, 1, 'チェコ語'),
(10, 2, 'Czech'),
(10, 3, 'Tchèque'),
(10, 10, 'Čeština');

INSERT INTO `owners` (`id`, `local_language_id`, `name`, `format_id`) VALUES
(1, 2, 'Brock', 3),
(2, 2, 'Misty', 3),
(3, 2, 'Lt. Surge', 3),
(4, 2, 'Erika', 3),
(5, 2, 'Koga', 3),
(6, 2, 'Sabrina', 3),
(7, 2, 'Blaine', 3),
(8, 2, 'Giovanni', 3),
(9, 2, 'Rocket', 3),
(10, 2, 'Falkner', 3),
(11, 2, 'Bugsy', 3),
(12, 2, 'Whitney', 3),
(13, 2, 'Morty', 3),
(14, 2, 'Chuck', 3),
(15, 2, 'Jasmine', 3),
(16, 2, 'Pryce', 3),
(17, 2, 'Clair', 3),
(18, 2, 'Will', 3),
(19, 2, 'Bruno', 3),
(20, 2, 'Karen', 3),
(21, 2, 'Lance', 3),
(22, 2, 'Janine', 3),
(23, 2, 'Imakuni', 3),
(24, 2, 'Team Aqua', 3),
(25, 2, 'Team Magma', 3),
(26, 2, 'Holon', 3);

INSERT INTO `primal_traits` (`id`, `local_language_id`, `name`) VALUES
(1, 2, 'α Growth'),
(2, 2, 'α Recovery'),
(3, 2, 'Ω Barrage'),
(4, 2, 'Ω Barrier'),
(5, 2, 'Δ Evolution'),
(6, 2, 'Δ Plus'),
(7, 2, 'Δ Wild'),
(8, 2, 'θ Double'),
(9, 2, 'θ Max'),
(10, 2, 'θ Stop');

INSERT INTO `rarity` (`id`, `identifier`, `symbol`) VALUES
(0, 'none', '{-}'),
(1, 'common', '{c}'),
(2, 'uncommon', '{u}'),
(3, 'rare', '{r}'),
(4, 'rare_holo', '{rh}'),
(5, 'ultra_rare', '{ur}'),
(6, 'shining', '{sh}'),
(7, 'promo', '{p}'),
(8, 'fixed', '{f}');

INSERT INTO `rarity_names` (`rarity_id`, `local_language_id`, `name`) VALUES
(0, 2, 'No rarity'),
(0, 3, 'Aucune rareté'),
(1, 2, 'Common'),
(2, 2, 'Uncommon'),
(2, 3, 'Peu Commune'),
(3, 2, 'Rare'),
(3, 3, 'Rare'),
(4, 2, 'Rare Holo'),
(4, 3, 'Rare Holo'),
(5, 2, 'Ultra Rare'),
(5, 3, 'Ultra Rare'),
(6, 2, 'Shining'),
(6, 3, 'Chromatique'),
(7, 2, 'Promo'),
(7, 3, 'Promo'),
(8, 2, 'Fixed'),
(8, 3, 'Fixée');

INSERT INTO `sets` (`id`, `identifier`, `card_total`, `released`, `set_order`) VALUES
(1, 'base_set', 102, '1999-01-08 23:00:00', 1),
(2, 'jungle', 64, '1999-06-15 22:00:00', 2),
(3, 'fossil', 62, '1999-10-09 22:00:00', 3),
(4, 'base_set_2', 130, '2000-02-23 23:00:00', 4),
(5, 'team_rocket', 83, '2000-04-23 22:00:00', 5),
(6, 'gym_heroes', 132, '2000-08-13 22:00:00', 6),
(7, 'gym_challenge', 132, '2000-10-15 22:00:00', 7),
(8, 'neo_genesis', 111, '2000-12-15 23:00:00', 8),
(9, 'neo_discovery', 75, '2001-05-31 22:00:00', 9),
(10, 'neo_revelation', 66, '2001-09-20 22:00:00', 10),
(11, 'neo_destiny', 113, '2002-02-27 23:00:00', 11),
(12, 'legendary_collection', 110, '2002-05-23 22:00:00', 12),
(13, 'expedition', 165, '2002-09-14 22:00:00', 13),
(14, 'aquapolis', 186, '2003-01-14 23:00:00', 14),
(15, 'skyridge', 150, '2003-05-11 22:00:00', 15),
(16, 'ex_ruby_sapphire', 109, '2003-06-17 22:00:00', 25),
(17, 'ex_sandstorm', 100, '2003-09-16 22:00:00', 26),
(18, 'ex_dragon', 100, '2003-11-23 23:00:00', 27),
(19, 'ex_tmta', 97, '2004-03-14 23:00:00', 28),
(20, 'ex_hidden_legends', 102, '2004-06-13 22:00:00', 29),
(21, 'ex_frlg', 116, '2004-08-29 22:00:00', 30),
(22, 'ex_tr_returns', 111, '2004-11-07 23:00:00', 31),
(23, 'ex_deoxys', 108, '2005-02-13 23:00:00', 32),
(24, 'ex_emerald', 107, '2005-05-08 22:00:00', 33),
(25, 'ex_unseen_forces', 145, '2005-08-21 22:00:00', 34),
(26, 'ex_delta_species', 114, '2005-10-30 23:00:00', 35),
(27, 'ex_legend_maker', 93, '2006-02-12 23:00:00', 36),
(28, 'ex_holon_phantoms', 111, '2006-05-02 22:00:00', 37),
(29, 'ex_crystal_guardians', 100, '2006-08-29 22:00:00', 38),
(30, 'ex_dragon_frontiers', 101, '2006-11-07 23:00:00', 39),
(31, 'ex_power_keepers', 108, '2007-02-13 23:00:00', 40),
(32, 'diamond_pearl', 130, '2007-05-22 22:00:00', 54),
(33, 'mysterious_treasures', 124, '2007-08-21 22:00:00', 55),
(34, 'secret_wonders', 132, '2007-11-06 23:00:00', 56),
(35, 'great_encounters', 106, '2008-02-12 23:00:00', 57),
(36, 'majestic_dawn', 100, '2008-05-20 22:00:00', 58),
(37, 'legends_awakened', 146, '2008-08-19 22:00:00', 59),
(38, 'stormfront', 106, '2008-11-04 23:00:00', 60),
(39, 'platinum', 133, '2009-02-10 23:00:00', 61),
(40, 'rising_rivals', 120, '2009-05-19 22:00:00', 62),
(41, 'supreme_victors', 153, '2009-08-18 22:00:00', 63),
(42, 'arceus', 111, '2009-11-03 23:00:00', 64),
(43, 'hgss', 124, '2010-02-09 23:00:00', 68),
(44, 'unleashed', 96, '2010-05-11 22:00:00', 69),
(45, 'undaunted', 91, '2010-08-17 22:00:00', 70),
(46, 'triumphant', 103, '2010-11-02 23:00:00', 71),
(47, 'call_of_legends', 106, '2011-02-08 23:00:00', 72),
(48, 'black_white', 115, '2011-04-24 22:00:00', 75),
(49, 'emerging_powers', 98, '2011-08-30 22:00:00', 76),
(50, 'noble_victories', 102, '2011-11-15 23:00:00', 77),
(51, 'next_destinies', 103, '2012-02-07 23:00:00', 78),
(52, 'dark_explorers', 111, '2012-05-08 22:00:00', 79),
(53, 'dragons_exalted', 128, '2012-08-14 22:00:00', 80),
(54, 'boundaries_crossed', 153, '2012-11-06 23:00:00', 82),
(55, 'plasma_storm', 138, '2013-02-05 23:00:00', 83),
(56, 'plasma_freeze', 122, '2013-05-07 22:00:00', 84),
(57, 'plasma_blast', 105, '2013-08-13 22:00:00', 85),
(58, 'legendary_treasures', 140, '2013-11-07 23:00:00', 86),
(59, 'xy', 146, '2014-02-04 23:00:00', 90),
(60, 'flashfire', 109, '2014-05-06 22:00:00', 91),
(61, 'furious_fists', 113, '2014-07-15 22:00:00', 92),
(62, 'phantom_forces', 122, '2014-10-24 22:00:00', 93),
(63, 'primal_clash', 164, '2015-02-03 23:00:00', 94),
(64, 'double_crisis', 34, '2015-03-22 23:00:00', 95),
(65, 'roaring_skies', 110, '2015-05-05 22:00:00', 96),
(66, 'ancient_origins', 100, '2015-08-11 22:00:00', 97),
(67, 'breakthrough', 164, '2015-11-03 23:00:00', 98),
(68, 'breakpoint', 123, '2016-02-02 23:00:00', 99),
(69, 'generations', 115, '2016-02-21 23:00:00', 100),
(70, 'fates_collide', 125, '2016-05-01 22:00:00', 101),
(71, 'steam_siege', 116, '2016-08-02 22:00:00', 102),
(72, 'evolutions', 113, '2016-11-01 23:00:00', 103),
(73, 'sun_moon', 172, '2017-01-31 23:00:00', 109),
(74, 'guardians_rising', 169, '2017-05-04 22:00:00', 110),
(1000, 'sample', 10, '2002-08-02 22:00:00', 24),
(1001, 'southern_islands', 18, '2001-07-30 22:00:00', 18),
(1002, 'vs', 23, '2001-08-21 22:00:00', 23),
(1003, 'pokecard_creator', 5, '2004-07-08 22:00:00', 42),
(1004, 'rumble', 16, '2009-12-01 23:00:00', 65),
(1005, 'dragon_vault', 21, '2012-10-04 22:00:00', 81),
(1006, 'kalos_starter', 39, '2013-11-07 23:00:00', 89),
(2001, 'pop_1', 17, '2004-08-31 22:00:00', 45),
(2002, 'pop_2', 17, '2005-08-18 22:00:00', 46),
(2003, 'pop_3', 17, '2006-04-04 22:00:00', 47),
(2004, 'pop_4', 17, '2006-08-17 22:00:00', 48),
(2005, 'pop_5', 17, '2007-03-02 23:00:00', 49),
(2006, 'pop_6', 17, '2007-08-31 22:00:00', 50),
(2007, 'pop_7', 17, '2008-02-29 23:00:00', 51),
(2008, 'pop_8', 17, '2008-09-02 22:00:00', 52),
(2009, 'pop_9', 17, '2009-03-03 23:00:00', 53),
(3001, 'mc_donalds_2011', 12, '2011-06-16 22:00:00', 1001),
(3002, 'mc_donalds_2012', 12, '2012-06-14 22:00:00', 1002),
(3003, 'mc_donalds_2013', 12, '2013-10-15 22:00:00', 1003),
(3004, 'mc_donalds_2014', 12, '2014-04-01 22:00:00', 1004),
(4001, 'ex_trainer_kit_1', 18, '2004-06-01 22:00:00', 43),
(4002, 'ex_trainer_kit_2', 21, '2005-03-14 23:00:00', 44),
(4003, 'dp_trainer_kit', 21, '2007-09-06 22:00:00', 67),
(4004, 'hgss_trainer_kit', 21, '2010-05-04 22:00:00', 73),
(4005, 'bw_trainer_kit', 23, '2010-09-07 22:00:00', 88),
(4006, 'xy_trainer_kit', 22, '2014-03-11 23:00:00', 105),
(5001, 'black_star_wizards', 53, '1999-07-02 22:00:00', 16),
(5002, 'black_star_ex', 40, '2003-09-30 22:00:00', 41),
(5003, 'black_star_dp', 56, '2007-05-27 22:00:00', 66),
(5004, 'black_star_hgss', 25, '2010-02-23 23:00:00', 74),
(5005, 'black_star_bw', 101, '2011-03-08 23:00:00', 87),
(5006, 'black_star_xy', 210, '2013-10-11 22:00:00', 104),
(5007, 'black_star_sm', 29, '2016-11-17 23:00:00', 501),
(6001, 'wizards_unnumbered', 15, '1999-05-12 22:00:00', 22),
(6003, 'wizards_w', 7, '1999-08-31 22:00:00', 21),
(6004, 'wizards_best', 9, '2002-07-02 22:00:00', 20),
(6005, 'tpci_unnumbered', 116, '2003-11-23 23:00:00', 5003),
(6006, 'prerelease', 41, '1999-08-06 22:00:00', 5001),
(6007, 'winner', 20, '2002-12-03 23:00:00', 5002),
(10001, 'vending_machine', 125, '1998-11-23 23:00:00', 17);

INSERT INTO `sets_names` (`id`, `local_language_id`, `name`) VALUES
(1, 2, 'Base Set'),
(1, 3, 'Set de Base'),
(2, 2, 'Jungle'),
(2, 3, 'Jungle'),
(3, 2, 'Fossil'),
(3, 3, 'Fossile'),
(4, 2, 'Base Set 2'),
(4, 3, 'Base Set 2'),
(5, 2, 'Team Rocket'),
(5, 3, 'Team Rocket'),
(6, 2, 'Gym Heroes'),
(6, 3, 'Gym Heroes'),
(7, 2, 'Gym Challenge'),
(7, 3, 'Gym Challenge'),
(8, 2, 'Neo Genesis'),
(8, 3, 'Neo Genesis'),
(9, 2, 'Neo Discovery'),
(9, 3, 'Neo Discovery'),
(10, 2, 'Neo Revelation'),
(10, 3, 'Neo Revelation'),
(11, 2, 'Neo Destiny'),
(11, 3, 'Neo Destiny'),
(12, 2, 'Legendary Collection'),
(12, 3, 'Legendary Collection'),
(13, 2, 'Expedition'),
(13, 3, 'Expedition'),
(14, 2, 'Aquapolis'),
(14, 3, 'Aquapolis'),
(15, 2, 'Skyridge'),
(15, 3, 'Skyridge'),
(16, 2, 'ex Ruby Sapphire'),
(16, 3, 'ex Rubis Saphir'),
(17, 2, 'ex Sandstorm'),
(17, 3, 'ex Tempête de Sable'),
(18, 2, 'ex Dragon'),
(18, 3, 'ex Dragon'),
(19, 2, 'ex Team Magma vs Aqua'),
(19, 3, 'ex Team Magma vs Aqua'),
(20, 2, 'ex Hidden Legends'),
(20, 3, 'ex Légendes Oubliées'),
(21, 2, 'ex Fire Red - Leaf Green'),
(21, 3, 'ex Rouge Feu - Vert Feuille'),
(22, 2, 'ex Team Rocket Returns'),
(22, 3, 'ex Team Rocket Returns'),
(23, 2, 'ex Deoxys'),
(23, 3, 'ex Deoxys'),
(24, 2, 'ex Emerald'),
(24, 3, 'ex Émeraude'),
(25, 2, 'ex Unseen Forces'),
(25, 3, 'ex Forces Cachées'),
(26, 2, 'ex Delta Species'),
(26, 3, 'ex Espèces Delta'),
(27, 2, 'ex Legend Maker'),
(27, 3, 'ex Créateurs de Légendes'),
(28, 2, 'ex Holon Phantoms'),
(28, 3, 'ex Fantômes Holon'),
(29, 2, 'ex Crystal Guardians'),
(29, 3, 'ex Gardiens de Cristal'),
(30, 2, 'ex Dragon Frontiers'),
(30, 3, 'ex Île des Dragons'),
(31, 2, 'ex Power Keepers'),
(31, 3, 'ex Gardiens du Pouvoir'),
(32, 2, 'Diamond and Pearl'),
(32, 3, 'Diamant et Perle'),
(33, 2, 'Mysterious Treasures'),
(33, 3, 'Trésors Mystérieux'),
(34, 2, 'Secret Wonders'),
(34, 3, 'Merveilles Secrètes'),
(35, 2, 'Great Encounters'),
(35, 3, 'Duels au Sommet'),
(36, 2, 'Majestic Dawn'),
(36, 3, 'Aube Majestueuse'),
(37, 2, 'Legends Awakened'),
(37, 3, 'Éveil des Légendes'),
(38, 2, 'Stormfront'),
(38, 3, 'Tempête'),
(39, 2, 'Platinum'),
(39, 3, 'Platine'),
(40, 2, 'Rising Rivals'),
(40, 3, 'Rivaux Emergeants'),
(41, 2, 'Supreme Victors'),
(41, 3, 'Vainqueurs Suprêmes'),
(42, 2, 'Arceus'),
(42, 3, 'Arceus'),
(43, 2, 'HeartGold - SoulSilver'),
(43, 3, 'HeartGold - SoulSilver'),
(44, 2, 'Unleashed'),
(44, 3, 'Déchainé'),
(45, 2, 'Undaunted'),
(45, 3, 'Indomptable'),
(46, 2, 'Triumphant'),
(46, 3, 'Triomphant'),
(47, 2, 'Call of Legends'),
(47, 3, 'Appel des Légendes'),
(48, 2, 'Black and White'),
(48, 3, 'Noir et Blanc'),
(49, 2, 'Emerging Powers'),
(49, 3, 'Pouvoirs Émergents'),
(50, 2, 'Noble Victories'),
(51, 2, 'Next Destinies'),
(52, 2, 'Dark Explorers'),
(53, 2, 'Dragons Exalted'),
(54, 2, 'Boundaries Crossed'),
(55, 2, 'Plasma Storm'),
(56, 2, 'Plasma Freeze'),
(57, 2, 'Plasma Blast'),
(58, 2, 'Legendary Treasures'),
(59, 2, 'XY'),
(59, 3, 'XY'),
(60, 2, 'Flashfire'),
(60, 3, 'Étincelles'),
(61, 2, 'Furious Fists'),
(61, 3, 'Poings Furieux'),
(62, 2, 'Phantom Forces'),
(62, 3, 'Vigueur Spectrale'),
(63, 2, 'Primal Clash'),
(63, 3, 'Primo Choc'),
(64, 2, 'Double Crisis'),
(64, 3, 'Double Crisis'),
(65, 2, 'Roaring Skies'),
(65, 3, 'Roaring Skies'),
(66, 2, 'Ancient Origins'),
(66, 3, 'Ancient Origins'),
(67, 2, 'BREAKthrough'),
(67, 3, 'Impulsion TURBO'),
(68, 2, 'BREAKpoint'),
(68, 3, 'Rupture TURBO'),
(69, 2, 'Generations'),
(69, 3, 'Générations'),
(70, 2, 'Fates Collide'),
(70, 3, 'Impact des Destins'),
(71, 2, 'Steam Siege'),
(71, 3, 'Offensive Vapeur'),
(72, 2, 'Evolutions'),
(72, 3, 'Évolutions'),
(73, 2, 'Sun and Moon'),
(73, 3, 'Soleil et Lune'),
(74, 2, 'Guardians Rising'),
(74, 3, 'Gardiens Ascendants'),
(1000, 2, 'Sample e-Reader'),
(1000, 3, 'Sample e-Reader'),
(1001, 2, 'Southern Islands'),
(1001, 3, 'Southern Islands'),
(1002, 2, 'VS (International)'),
(1002, 3, 'VS (International)'),
(1003, 2, 'Pokécard Creator'),
(1003, 3, 'Pokécard Creator'),
(1004, 2, 'Rumble'),
(1004, 3, 'Rumble'),
(1005, 2, 'Dragon Vault'),
(1006, 2, 'Kalos Starter'),
(2001, 2, 'POP Series 1'),
(2001, 3, 'POP Series 1'),
(2002, 2, 'POP Series 2'),
(2002, 3, 'POP Series 2'),
(2003, 2, 'POP Series 3'),
(2003, 3, 'POP Series 3'),
(2004, 2, 'POP Series 4'),
(2004, 3, 'POP Series 4'),
(2005, 2, 'POP Series 5'),
(2005, 3, 'POP Series 5'),
(2006, 2, 'POP Series 6'),
(2006, 3, 'POP Series 6'),
(2007, 2, 'POP Series 7'),
(2007, 3, 'POP Series 7'),
(2008, 2, 'POP Series 8'),
(2008, 3, 'POP Series 8'),
(2009, 2, 'POP Series 9'),
(2009, 3, 'POP Series 9'),
(3001, 2, 'McDonald''s 2011'),
(3001, 3, 'McDonald''s 2011'),
(3002, 2, 'McDonald''s 2012'),
(3002, 3, 'McDonald''s 2012'),
(3003, 2, 'McDonald''s 2013'),
(3003, 3, 'McDonald''s 2013'),
(3004, 2, 'McDonald''s 2014'),
(3004, 3, 'McDonald''s 2014'),
(4001, 2, 'ex Trainer Kit 1'),
(4001, 3, 'ex Kit du Dresseur 1'),
(4002, 2, 'ex Trainer Kit 2'),
(4002, 3, 'ex Kit du Dresseur 2'),
(4003, 2, 'DP Trainer Kit'),
(4003, 3, 'DP Kit du Dresseur'),
(4004, 2, 'HGSS Trainer Kit'),
(4004, 3, 'HGSS Kit du Dresseur'),
(4005, 2, 'BW Trainer Kit'),
(4005, 3, 'NB Kit du Dresseur'),
(4006, 2, 'XY Trainer Kit'),
(4006, 3, 'XY Kit du Dresseur'),
(5001, 2, 'Black Star Promos (Wizards)'),
(5001, 3, 'Promos Black Star (Wizards)'),
(5002, 2, 'ex Promos'),
(5002, 3, 'Promos ex'),
(5003, 2, 'DP Promos'),
(5003, 3, 'Promos DP'),
(5004, 2, 'HGSS Promos'),
(5004, 3, 'Promos HGSS'),
(5005, 2, 'BW Promos'),
(5005, 3, 'Promos Noir et Blanc'),
(5006, 2, 'XY Promos'),
(5006, 3, 'Promos XY'),
(5007, 2, 'SM Promos'),
(5007, 3, 'Promos Soleil et Lune'),
(6001, 2, 'Special Issues (Wizards)'),
(6001, 3, 'Hors-Séries (Wizards)'),
(6003, 2, '« W » Promos'),
(6003, 3, 'Promos « W »'),
(6004, 2, 'Best of Game'),
(6004, 3, 'Best of Game'),
(6005, 2, 'Special Issues (TPCI)'),
(6005, 3, 'Hors-Séries (TPCI)'),
(6006, 2, 'Prerelease'),
(6006, 3, 'Prerelease'),
(6007, 2, 'Winner cards'),
(6007, 3, 'Cartes Winner'),
(10001, 2, 'Vending Machine'),
(10001, 3, 'Vending Machine');

INSERT INTO `types` (`id`, `identifier`, `symbol`) VALUES
(0, 'none', '-'),
(1, 'fighting', 'f'),
(2, 'fire', 'r'),
(3, 'grass', 'g'),
(4, 'lightning', 'l'),
(5, 'psychic', 'p'),
(6, 'water', 'w'),
(7, 'dark', 'd'),
(8, 'metal', 'm'),
(9, 'colorless', 'c'),
(10, 'dragon', 'n'),
(11, 'fairy', 'y');

INSERT INTO `types_names` (`type_id`, `local_language_id`, `name`) VALUES
(0, 2, 'Typeless'),
(0, 3, 'Aucun Type'),
(1, 2, 'Fighting'),
(1, 3, 'Combat'),
(2, 2, 'Fire'),
(2, 3, 'Feu'),
(3, 2, 'Grass'),
(3, 3, 'Plante'),
(4, 2, 'Lightning'),
(4, 3, 'Électrique'),
(5, 2, 'Psychic'),
(5, 3, 'Psy'),
(6, 2, 'Water'),
(6, 3, 'Eau'),
(7, 2, 'Darkness'),
(7, 3, 'Ténèbres'),
(8, 2, 'Metal'),
(8, 3, 'Métal'),
(9, 2, 'Colorless'),
(9, 3, 'Incolore'),
(10, 2, 'Dragon'),
(10, 3, 'Dragon'),
(11, 2, 'Fairy'),
(11, 3, 'Fée');

INSERT INTO `variable_damage` (`id`, `group_id`, `local_language_id`, `name`, `variable_damage_order`, `format_id`) VALUES
(1, 1, 2, 'Ignore Ability / Power', 1, 3),
(2, 1, 2, 'Ignore Resistance', 2, 3),
(3, 1, 2, 'Ignore Weakness', 3, 3),
(4, 1, 2, 'Unaffected by effects', 4, 3),
(5, 2, 2, 'More dmg vs Basic Pkmn', 6, 3),
(6, 2, 2, 'More dmg vs Evolved Pkmn', 7, 3),
(7, 2, 2, 'More dmg vs Dark', 8, 1),
(8, 2, 2, 'More dmg vs EX / ex / GX', 9, 3),
(9, 2, 2, 'More dmg vs Team Plasma', 10, 3),
(10, 2, 2, 'More dmg vs [Type]', 11, 3),
(11, 2, 2, 'More dmg vs Ability / Power', 12, 3),
(12, 2, 2, 'More dmg vs Spc. Energy', 14, 3),
(13, 7, 2, 'More dmg w/ foe''s Retreat Cost', 25, 3),
(14, 3, 2, 'More dmg w/ all Pkmn', 26, 3),
(15, 3, 2, 'More dmg w/ own Pkmn', 27, 3),
(16, 3, 2, 'More dmg w/ foe''s Pkmn', 28, 3),
(17, 3, 2, 'More dmg w/ Pkmn in discard', 30, 3),
(18, 3, 2, 'More dmg if less Pkmn than foe', 31, 3),
(19, 3, 2, 'More dmg if played this turn', 32, 3),
(20, 3, 2, 'More dmg if evolved this turn', 33, 3),
(21, 4, 2, 'More dmg w/o Supporter', 36, 3),
(22, 4, 2, 'More dmg w/ Stadium', 38, 3),
(23, 4, 2, 'More dmg w/ all Tools', 39, 3),
(24, 4, 2, 'More dmg w/ own Tools', 40, 3),
(25, 4, 2, 'More dmg w/ foe''s Tools', 41, 3),
(26, 4, 2, 'More dmg w/ Tools in discard', 42, 3),
(27, 4, 2, 'More dmg by discarding Tools', 46, 3),
(28, 5, 2, 'More dmg w/ all Energies', 47, 3),
(29, 5, 2, 'More dmg w/ own Energies', 48, 3),
(30, 5, 2, 'More dmg w/ foe''s Energies', 49, 3),
(31, 5, 2, 'More dmg w/ # of Energy types', 50, 3),
(32, 5, 2, 'More dmg w/ specific Energy', 51, 3),
(33, 5, 2, 'More dmg w/ Energies in discard', 52, 3),
(34, 5, 2, 'More dmg by discarding Energy', 53, 3),
(35, 5, 2, 'More dmg if same # of Energy', 54, 3),
(36, 6, 2, 'More dmg w/ own dmg counters', 15, 3),
(37, 6, 2, 'More dmg w/ foe''s dmg counters', 16, 3),
(38, 6, 2, 'More dmg if own Pkmn at full HP', 17, 3),
(39, 6, 2, 'More dmg if foe''s Pkmn at full HP', 18, 3),
(40, 6, 2, 'More dmg if more HP than foe', 19, 3),
(41, 6, 2, 'More dmg if less HP than foe', 20, 3),
(42, 6, 2, 'More dmg by damaging itself', 21, 3),
(43, 7, 2, 'More dmg w/ own Status', 22, 3),
(44, 7, 2, 'More dmg w/ foe''s Status', 23, 3),
(45, 8, 2, 'More dmg w/ cards in own hand', 55, 3),
(46, 8, 2, 'More dmg w/ cards in foe''s hand', 56, 3),
(47, 8, 2, 'More dmg w/ Trainers in foe''s hand', 57, 3),
(48, 8, 2, 'More dmg by discarding from hand', 59, 3),
(49, 8, 2, 'More dmg if same # of cards', 60, 3),
(50, 9, 2, 'More dmg w/ coin flip', 67, 3),
(51, 2, 2, 'More dmg vs Resistance', 13, 3),
(52, 4, 2, 'More dmg by discarding Stadium', 45, 3),
(53, 7, 2, 'More dmg after K.O. by foe', 24, 3),
(54, 9, 2, 'More dmg during next turn', 66, 3),
(55, 9, 2, 'Reduce foe''s HP to 10', 61, 3),
(56, 9, 2, 'Reduce foe''s HP by 50%', 62, 3),
(57, 9, 2, 'More dmg by milling own deck', 65, 3),
(58, 4, 2, 'More dmg by discarding Fossils', 43, 3),
(59, 9, 2, 'More dmg if behind in Prizes', 63, 3),
(60, 3, 2, 'More dmg w/ specific Pkmn', 29, 3),
(61, 1, 2, 'Apply Weakness to the Bench', 5, 3),
(62, 8, 2, 'More dmg w/ Energy in foe''s hand', 58, 3),
(63, 4, 2, 'More dmg by discarding Items', 44, 3),
(64, 9, 2, 'More dmg if it was on Bench', 64, 3),
(65, 4, 2, 'More dmg w/ Supporter', 35, 3),
(66, 4, 2, 'More dmg w/ foe''s Items in discard', 34, 3),
(67, 4, 2, 'More dmg w/ Supporters in discard', 37, 3);

INSERT INTO `variable_damage_groups` (`id`, `local_language_id`, `name`) VALUES
(1, 2, 'Ignore damage modifiers'),
(2, 2, 'vs Specific Pokémon'),
(3, 2, 'Pokémon in play / in discard'),
(4, 2, 'Trainers in play / in discard'),
(5, 2, 'Energies in play / in discard'),
(6, 2, 'Damage counters'),
(7, 2, 'Status / K.O. / Retreat Cost'),
(8, 2, 'Cards in hand'),
(9, 2, 'Miscellaneous');
