-- Généré le :  Mar 14 Avril 2015 à 14:40

SET SQL_MODE = "NO_AUTO_VALUE_ON_ZERO";
SET time_zone = "+00:00";

/*!40101 SET NAMES utf8 */;

--
-- Base de données :  `cardex`
--

--
-- Contenu de la table `categories`
--

INSERT INTO `categories` (`id`, `identifier`) VALUES
(1, 'pkmn_basic'),
(2, 'pkmn_level_1'),
(3, 'pkmn_level_2'),
(4, 'pkmn_level_x'),
(5, 'pkmn_legend'),
(6, 'pkmn_mega'),
(7, 'pkmn_restored'),
(101, 'trainer_item'),
(102, 'trainer_supporter'),
(103, 'trainer_stadium'),
(104, 'trainer_tool'),
(105, 'trainer_tm'),
(201, 'nrj_basic'),
(202, 'nrj_special');

--
-- Contenu de la table `categories_names`
--

INSERT INTO `categories_names` (`category_id`, `local_language_id`, `name`) VALUES
(1, 2, 'Basic Pkmn'),
(1, 3, 'Pkmn de Base'),
(2, 2, 'Stage 1 Pkmn'),
(2, 3, 'Pkmn Niveau 1'),
(3, 2, 'Stage 2 Pkmn'),
(3, 3, 'Pkmn Niveau 2'),
(4, 2, 'Level X Pkmn'),
(4, 3, 'Pkmn Niveau X'),
(5, 2, 'Legend Pkmn'),
(5, 3, 'Pkmn Légende'),
(6, 2, 'Mega Evolution'),
(6, 3, 'Méga Évolution'),
(7, 2, 'Restored Pkmn'),
(7, 3, 'Pkmn Restauré'),
(101, 2, 'Item'),
(101, 3, 'Objet'),
(102, 2, 'Supporter'),
(102, 3, 'Supporter'),
(103, 2, 'Stadium'),
(103, 3, 'Stadium'),
(104, 2, 'Tool'),
(104, 3, 'Outil'),
(105, 2, 'Technical Machine'),
(105, 3, 'Capsule Technique'),
(201, 2, 'Basic Energy'),
(201, 3, 'Énergie de Base'),
(202, 2, 'Special Energy'),
(202, 3, 'Énergie Spéciale');

--
-- Contenu de la table `country`
--

INSERT INTO `country` (`id`, `alpha3`, `name`) VALUES
(20, 'AND', 'Andorra'),
(32, 'ARG', 'Argentina'),
(36, 'AUS', 'Australia'),
(40, 'AUT', 'Austria'),
(56, 'BEL', 'Belgium'),
(76, 'BRA', 'Brazil'),
(124, 'CAN', 'Canada'),
(152, 'CHL', 'Chile'),
(158, 'TWN', 'Taiwan'),
(170, 'COL', 'Colombia'),
(188, 'CRI', 'Costa Rica'),
(203, 'CZE', 'Czech Republic'),
(208, 'DNK', 'Denmark'),
(246, 'FIN', 'Finland'),
(250, 'FRA', 'France'),
(276, 'DEU', 'Germany'),
(344, 'HKG', 'Hong Kong'),
(360, 'IDN', 'Indonesia'),
(372, 'IRL', 'Ireland'),
(380, 'ITA', 'Italy'),
(392, 'JPN', 'Japan'),
(410, 'KOR', 'South Korea'),
(458, 'MYS', 'Malaysia'),
(484, 'MEX', 'Mexico'),
(528, 'NLD', 'Netherlands'),
(578, 'NOR', 'Norway'),
(616, 'POL', 'Poland'),
(620, 'PRT', 'Portugal'),
(702, 'SGP', 'Singapore'),
(703, 'SVK', 'Slovakia'),
(710, 'ZAF', 'South Africa'),
(724, 'ESP', 'Spain'),
(752, 'SWE', 'Sweden'),
(756, 'CHE', 'Switzerland'),
(826, 'GBR', 'United Kingdom'),
(840, 'USA', 'United States'),
(858, 'URY', 'Uruguay');

--
-- Contenu de la table `criterias`
--

INSERT INTO `criterias` (`id`, `group_id`, `local_language_id`, `name`, `criterias_order`, `format_id`) VALUES
(1, 1, 2, 'Baby', 1, 1),
(2, 1, 2, 'Dark', 2, 1),
(3, 1, 2, 'Delta', 3, 1),
(4, 1, 2, 'EX', 4, 3),
(5, 1, 2, 'ex', 5, 1),
(6, 1, 2, 'Fossil', 6, 3),
(7, 1, 2, 'Light', 7, 1),
(8, 1, 2, 'SP', 8, 1),
(9, 1, 2, 'Plasma', 9, 3),
(10, 1, 2, 'Ace Spec', 10, 3),
(11, 1, 2, 'Rocket''s Secret Machine', 11, 1),
(12, 1, 2, 'Team Galactic''s Invention', 13, 1),
(13, 2, 2, 'Pokémon Power', 14, 1),
(14, 2, 2, 'Poké-Body', 15, 1),
(15, 2, 2, 'Poké-Power', 16, 1),
(16, 2, 2, 'Held Item', 17, 1),
(17, 2, 2, 'Ability', 18, 3),
(18, 3, 2, 'Burn', 19, 3),
(19, 3, 2, 'Confusion', 20, 3),
(20, 3, 2, 'Paralysis', 21, 3),
(21, 3, 2, 'Poison', 22, 3),
(22, 3, 2, 'Sleep', 23, 3),
(23, 3, 2, 'Burn own Pkmn', 24, 3),
(24, 3, 2, 'Confuse own Pkmn', 25, 3),
(25, 3, 2, 'Paralyze own Pkmn', 26, 3),
(26, 3, 2, 'Poison own Pkmn', 27, 3),
(27, 3, 2, 'Sleep own Pkmn', 28, 3),
(28, 3, 2, 'Prevent status', 29, 3),
(29, 3, 2, 'Heal status', 30, 3),
(30, 3, 2, 'Worsen status', 31, 3),
(31, 3, 2, 'Guaranteed status', 32, 3),
(32, 3, 2, 'Special markers', 33, 1),
(33, 4, 2, 'Dmg counters on foe''s Pkmn', 34, 3),
(34, 4, 2, 'Dmg counters on own Pkmn', 35, 3),
(35, 4, 2, 'Move own damage counters', 36, 3),
(36, 4, 2, 'Move foe''s damage counters', 37, 3),
(37, 4, 2, 'Move own dmg to foe''s Pkmn', 38, 3),
(38, 4, 2, 'Reduce damage you receive', 39, 3),
(39, 4, 2, 'Reduce damage you deal', 40, 3),
(40, 4, 2, 'Protect Bench', 41, 3),
(41, 4, 2, 'Damage foe''s Bench', 42, 3),
(42, 4, 2, 'Damage own Bench', 43, 3),
(43, 4, 2, 'Prevent damage', 44, 3),
(44, 4, 2, 'Heal damage', 45, 3),
(45, 4, 2, 'Increase damage', 46, 3),
(46, 4, 2, 'Damage itself', 47, 3),
(47, 4, 2, 'Strikes back', 48, 3),
(48, 5, 2, 'Prevent K.O.', 49, 3),
(49, 5, 2, 'Activate in Discard Pile', 53, 3),
(50, 5, 2, 'One-Hit K.O.', 50, 3),
(51, 5, 2, 'K.O. itself', 51, 3),
(52, 5, 2, 'Revenge after K.O.', 52, 3),
(53, 6, 2, 'Prevent from Basics', 54, 3),
(54, 6, 2, 'Prevent from Evolutions', 55, 3),
(55, 6, 2, 'Prevent from Dark', 56, 1),
(56, 6, 2, 'Prevent from EX / ex', 57, 3),
(57, 6, 2, 'Prevent from Level X', 58, 1),
(58, 6, 2, 'Prevent from SP', 59, 1),
(59, 6, 2, 'Prevent from Team Plasma', 60, 3),
(60, 6, 2, 'Prevent from Power / Ability', 61, 3),
(61, 6, 2, 'Prevent from Spc. Energy', 62, 3),
(62, 6, 2, 'Prevent from Pkmn w/ Status', 63, 3),
(63, 7, 2, 'Block Attacks', 64, 3),
(64, 7, 2, 'Block Powers / Abilities', 65, 3),
(65, 7, 2, 'Block Evolution', 66, 3),
(66, 7, 2, 'Block Retreat', 67, 3),
(67, 7, 2, 'Block Bench', 68, 3),
(68, 7, 2, 'Block Items', 69, 3),
(69, 7, 2, 'Block Supporters', 70, 3),
(70, 7, 2, 'Block Stadiums', 71, 3),
(71, 7, 2, 'Block Tools', 72, 3),
(72, 7, 2, 'Block ACE SPEC', 73, 3),
(73, 7, 2, 'Block Basic Energies', 74, 3),
(74, 7, 2, 'Block Special Energies', 75, 3),
(75, 7, 2, 'Block Healing', 76, 3),
(76, 7, 2, 'Block Draw', 77, 3),
(77, 7, 2, 'Block Discard Pile', 78, 3),
(78, 8, 2, 'Change own Type', 79, 3),
(79, 8, 2, 'Decrease HP', 80, 3),
(80, 8, 2, 'Decrease Retreat Cost', 81, 3),
(81, 8, 2, 'Decrease Weakness', 82, 3),
(82, 8, 2, 'Decrease Resistance', 83, 3),
(83, 8, 2, 'Change foe''s Type', 84, 3),
(84, 8, 2, 'Increase HP', 85, 3),
(85, 8, 2, 'Increase Retreat Cost', 86, 3),
(86, 8, 2, 'Increase Weakness', 87, 3),
(87, 8, 2, 'Increase Resistance', 88, 3),
(88, 8, 2, 'Change class / owner', 89, 3),
(89, 8, 2, 'Morph into foe''s Pkmn', 90, 3),
(90, 8, 2, 'Morph into own other Pkmn', 91, 3),
(91, 8, 2, 'Change Weakness', 92, 3),
(92, 8, 2, 'Change Resistance', 93, 3),
(93, 9, 2, 'Drag Pokémon from Bench', 94, 3),
(94, 9, 2, 'Evolve own Pokémon', 95, 3),
(95, 9, 2, 'Put Basic on own Bench', 96, 3),
(96, 9, 2, 'Put Evolution on own Bench', 97, 3),
(97, 9, 2, 'Put Restored on own Bench', 98, 3),
(98, 9, 2, 'Foe switches his Pokémon', 99, 3),
(99, 9, 2, 'Devolve foe''s Pokémon', 100, 3),
(100, 9, 2, 'Send foe''s Pkmn in hand', 101, 3),
(101, 9, 2, 'Send foe''s Pkmn in Deck', 102, 3),
(102, 9, 2, 'Send foe''s Pkmn in Lost Zone', 103, 1),
(103, 9, 2, 'You switch your Pokémon', 104, 3),
(104, 9, 2, 'Devolve own Pokémon', 105, 3),
(105, 9, 2, 'Send own Pkmn in hand', 106, 3),
(106, 9, 2, 'Send own Pkmn in Deck', 107, 3),
(107, 9, 2, 'Send own Pkmn in Lost Zone', 108, 1),
(108, 9, 2, 'Flee to the Bench if attacked', 109, 1),
(109, 9, 2, 'Reaction to Evolution', 110, 3),
(110, 9, 2, 'Comes into play effect', 111, 3),
(111, 9, 2, 'Reduce Bench size', 112, 3),
(112, 9, 2, 'Put Pkmn on foe''s Bench', 113, 3),
(113, 10, 2, 'Discard foe''s Tools / TMs', 114, 3),
(114, 10, 2, 'Discard own Tools / TMs', 115, 3),
(115, 10, 2, 'Send own Tools / TMs in hand', 116, 3),
(116, 10, 2, 'Discard Stadium', 117, 3),
(117, 10, 2, 'Send Stadium in hand', 118, 3),
(118, 11, 2, 'Discard foe''s Energies', 124, 3),
(119, 11, 2, 'Return foe''s Energies to hand', 125, 3),
(120, 11, 2, 'Move foe''s Energies', 126, 3),
(121, 11, 2, 'Increase foe''s Energy cost', 127, 3),
(122, 11, 2, 'Change foe''s Energy color', 128, 3),
(123, 11, 2, 'Discard own Energies', 129, 3),
(124, 11, 2, 'Return own Energies to hand', 130, 3),
(125, 11, 2, 'Move own Energies', 131, 3),
(126, 11, 2, 'Decrease own Energy cost', 132, 3),
(127, 11, 2, 'Change own Energy color', 133, 3),
(128, 11, 2, 'Hinder Special Energies', 134, 3),
(129, 11, 2, 'Protect Energies', 135, 3),
(130, 11, 2, 'Increase Energy output', 136, 3),
(131, 11, 2, 'Provides ≥ 2 Energies', 137, 3),
(132, 11, 2, 'Provides several colors', 138, 3),
(133, 11, 2, 'Attach Energy from hand', 139, 3),
(134, 11, 2, 'Attach Energy from Deck', 140, 3),
(135, 11, 2, 'Attach Energy from Discard', 141, 3),
(136, 11, 2, 'Attach Energy to foe''s Pkmn', 142, 3),
(137, 11, 2, 'Pokémon becomes an Energy', 143, 3),
(138, 12, 2, 'Copy foe''s Attacks', 144, 3),
(139, 12, 2, 'Copy own Attacks', 145, 3),
(140, 12, 2, 'Pre-Evolution Attacks', 146, 3),
(141, 12, 2, 'Attacks from the Bench', 147, 3),
(142, 12, 2, 'Lost Zone', 148, 1),
(143, 13, 2, 'Coin Flip Attack', 149, 3),
(144, 13, 2, 'Alter Coin Flip', 150, 3),
(145, 13, 2, 'Rock Paper Scissors', 151, 3),
(146, 13, 2, 'Guess Prize / top Deck', 152, 3),
(147, 13, 2, 'Quiz', 153, 3),
(148, 14, 2, 'Draw your Prize cards', 154, 3),
(149, 14, 2, 'Look at your Prize cards', 155, 3),
(150, 14, 2, 'Modify your Prize cards', 156, 3),
(151, 14, 2, 'Earn more Prize cards on K.O.', 157, 3),
(152, 14, 2, 'Works when behind in Prizes', 158, 3),
(153, 14, 2, 'Foe draws Prize cards', 159, 3),
(154, 14, 2, 'Look at foe''s Prize cards', 160, 3),
(155, 14, 2, 'Modify foe''s Prize cards', 161, 3),
(156, 14, 2, 'Deny Prize card on K.O.', 162, 3),
(157, 14, 2, 'Put additional Prize cards', 163, 3),
(158, 15, 2, 'Discard from foe''s hand', 164, 3),
(159, 15, 2, 'Shuffle cards from foe''s hand', 165, 3),
(160, 15, 2, 'Shuffle foe''s entire hand', 166, 3),
(161, 15, 2, 'Reorder foe''s Deck', 167, 3),
(162, 15, 2, 'Mill foe''s Deck', 168, 3),
(163, 15, 2, 'Discard from own hand', 169, 3),
(164, 15, 2, 'Shuffle cards from own hand', 170, 3),
(165, 15, 2, 'Shuffle own entire hand', 171, 3),
(166, 15, 2, 'Reorder own Deck', 172, 3),
(167, 15, 2, 'Mill own Deck', 173, 3),
(168, 15, 2, 'Discard/Shuffle foe''s Trainers', 174, 3),
(169, 15, 2, 'Look at foe''s hand', 175, 3),
(170, 15, 2, 'Force your foe to play a card', 176, 3),
(171, 15, 2, 'Put card on top of own deck', 177, 3),
(172, 15, 2, 'Discard from own Deck', 178, 3),
(173, 16, 2, 'You draw cards', 179, 3),
(174, 16, 2, 'Foe draws cards', 180, 3),
(175, 10, 2, 'Play more Supporters', 120, 3),
(176, 10, 2, 'Use foe''s Supporters', 121, 3),
(177, 10, 2, 'Can hold several Tools', 119, 3),
(178, 10, 2, 'Play Stadium from Deck', 122, 3),
(179, 10, 2, 'Play Stadium from Discard', 123, 3),
(180, 1, 2, 'Team Flare Hyper Gear', 12, 3);

--
-- Contenu de la table `criterias_groups`
--

INSERT INTO `criterias_groups` (`id`, `local_language_id`, `name`) VALUES
(1, 2, 'Card class'),
(2, 2, 'Powers / Abilities'),
(3, 2, 'Status'),
(4, 2, 'Damage'),
(5, 2, 'K.O. / Discard Pile'),
(6, 2, 'Prevent status & damage from'),
(7, 2, 'Blocking'),
(8, 2, 'Change Pokémon attributes'),
(9, 2, 'Effect on Pokémon in play'),
(10, 2, 'Effect on Trainers in play'),
(11, 2, 'Effect on Energies in play'),
(12, 2, 'Copy Attacks / Lost Zone'),
(13, 2, '« Luck »'),
(14, 2, 'Prizes'),
(15, 2, 'Manipulate hand and deck'),
(16, 2, 'Draw, Search & Retrieval');

--
-- Contenu de la table `decks_archetypes`
--

INSERT INTO `decks_archetypes` (`id`, `identifier`, `name`) VALUES
(1, 'haymaker', 'Haymaker'),
(2, 'rain_dance', 'Rain Dance'),
(3, 'buzzap', 'Buzzap'),
(4, 'energy_trans', 'Energy Trans'),
(5, 'damage_swap', 'Damage Swap'),
(6, 'sponge', 'Sponge'),
(7, 'do_the_wave', 'Do the Wave'),
(8, 'trainer_lock', 'Trainer Lock'),
(9, 'mass_explosion', 'Mass Explosion'),
(10, 'zap_trap', 'Zap Trap'),
(11, 'shapeshift', 'Shapeshift'),
(12, 'special_decks', 'Special decks'),
(13, 'erika_victreebel', 'Erika''s Victreebel'),
(14, 'arithmetic', 'Arithmetic'),
(15, 'metal_chansey', 'Metal Chansey'),
(16, 'metal_rk9', 'Metal RK9'),
(17, 'typhlo_blaine_rk9', 'Typhlo / Blaine''s RK9'),
(18, 'sneasel_slowking', 'Sneasel / Slowking'),
(19, 'riptide', 'Riptide'),
(20, 'babyporter', 'Babyporter'),
(21, 'wild_growth', 'Wild Growth'),
(22, 'kingdra_heal', 'Kingdra Heal'),
(23, 'dark_feraligatr', 'Dark Feraligatr'),
(24, 'dark_blastoise', 'Dark Blastoise'),
(25, 'espeon_umbreon', 'Espeon Umbreon'),
(26, 'dark_gengar', 'Dark Gengar'),
(27, 'enteicargo', 'EnteiCargo'),
(28, 'chaos_crobat', 'Chaos Crobat'),
(29, 'kabulix', 'Kabulix'),
(30, 'conductivity', 'Conductivity'),
(31, 'riptide_parasect', 'Riptide / Parasect'),
(32, 'smf', 'SMF'),
(33, 'tsunami', 'Tsunami'),
(34, 'beedrill_devo', 'Beedrill Devo'),
(35, 'metal_zapdos', 'Metal Zapdos'),
(36, 'noclock', 'NocLock'),
(37, 'total_lockdown', 'Total Lockdown'),
(38, 'blaziken_delcatty', 'Blaziken / Delcatty'),
(39, 'niniken', 'Niniken'),
(40, 'swampert_ex', 'Swampert ex'),
(41, 'gardevoir_delcatty', 'Gardevoir / Delcatty'),
(42, 'shiftry_hl', 'Shiftry HL'),
(43, 'team_magma', 'Team Magma'),
(44, 'metagross_hl', 'Metagross HL'),
(45, 'walrein_milotic', 'Walrein / Milotic'),
(46, '4_corners', '4 Corners'),
(47, 'bombtar', 'BombTar'),
(48, 'darktar', 'DarkTar'),
(49, 'dragtrode', 'DragTrode'),
(50, 'ludicargo', 'LudiCargo'),
(51, 'rocklock', 'RockLock'),
(52, 'powcham', 'PowCham'),
(53, 'zre', 'ZRE'),
(54, 'bls', 'BLS'),
(55, 'eeveelutions', 'Eeveelutions'),
(56, 'lunarock', 'LunaRock'),
(57, 'metanite', 'Metanite'),
(58, 'mewtrick', 'Mewtrick'),
(59, 'queendom', 'Queendom'),
(60, 'raieggs', 'Raieggs'),
(61, 'absolutions', 'Absolutions'),
(62, 'bandoom', 'BanDoom'),
(63, 'banette_lunarock', 'Banette LunaRock'),
(64, 'flariados', 'Flariados'),
(65, 'flyvees', 'Flyvees'),
(66, 'metanite', 'Metanite'),
(67, '-', '-'),
(68, 'empoleon_dp', 'Empoleon DP'),
(69, 'banbliss', 'BanBliss'),
(70, 'bliss_control', 'Bliss Control'),
(71, 'empotech', 'EmpoTech'),
(72, 'infercatty', 'Infercatty'),
(73, 'magdol', 'MagDol'),
(74, 'quicketune', 'Quicketune'),
(75, 'scizorcroak', 'ScizorCroak'),
(76, 'skittles', 'Skittles'),
(77, 'speedkrow', 'Speedkrow'),
(78, 'speedrill', 'Speedrill'),
(79, 'torterra_sceptile', 'Torterra / Sceptile'),
(80, 'amphytrick', 'AmphyTrick'),
(81, 'amu', 'AMU'),
(82, 'blazeray', 'BlazeRay'),
(83, 'blastcatty', 'BlastCatty'),
(84, 'cursegar', 'CurseGar'),
(85, 'dark_flygon', 'Dark Flygon'),
(86, 'flychamp', 'FlyChamp'),
(87, 'plox', 'PLOX'),
(88, 'gliscor_lock', 'Gliscor Lock'),
(89, 'jumpluff', 'Jumpluff'),
(90, 'kingdra_la', 'Kingdra LA'),
(91, 'leafeon_magmortar', 'Leafeon / Magmortar'),
(92, 'luxape', 'LuxApe'),
(93, 'sp_toolbox', 'SP Toolbox'),
(94, 'mother_flygon', 'Mother Flygon'),
(95, 'mother_gengar', 'Mother Gengar'),
(96, 'scizor_cherrim', 'Scizor / Cherrim'),
(97, 'shuppet_donk', 'Shuppet Donk'),
(98, 'toxitank', 'ToxiTank'),
(99, 'arceus', 'Arceus'),
(100, 'dialgachomp', 'DialgaChomp'),
(101, 'donphan_prime', 'Donphan Prime'),
(102, 'gyarados_sf', 'Gyarados SF'),
(103, 'lostgar', 'LostGar'),
(104, 'luxchomp', 'LuxChomp'),
(105, 'machamp_sf', 'Machamp SF'),
(106, 'magnerock', 'MagneRock'),
(107, 'mewperior', 'MewPerior'),
(108, 'palkia_lock', 'Palkia Lock'),
(109, 'regigigas', 'Regigigas'),
(110, 'sabledonk', 'SableDonk'),
(111, 'sablelock', 'Sablelock'),
(112, 'shaymin_lvx', 'Shaymin LV.X'),
(113, 'turbozone', 'TurboZone'),
(114, 'vilegar', 'VileGar'),
(115, 'cake', 'CaKE'),
(116, 'cmt', 'CMT'),
(117, 'darkrai_ex', 'Darkrai-EX'),
(118, 'donphan_dragons', 'Donphan & Dragons'),
(119, 'durant_mill', 'Durant Mill'),
(120, 'eeltwo', 'EelTwo'),
(121, 'eelzone', 'EelZone'),
(122, 'gothitelle_bw', 'Gothitelle BW'),
(123, 'kingdra_yanmega', 'Kingdra / Yanmega'),
(124, 'klinklang_exs', 'Klinklang / EXs'),
(125, 'magneboar', 'MagneBoar'),
(126, 'megazone', 'MegaZone'),
(127, 'mew_vanilluxe', 'Mew Vanilluxe'),
(128, 'mewtwo_terrakion', 'Mewtwo / Terrakion'),
(129, 'quad_entei', 'Quad Entei'),
(130, 'quad_terrakion', 'Quad Terrakion'),
(131, 'reshiboar', 'ReshiBoar'),
(132, 'reshiphlosion', 'Reshiphlosion'),
(133, '6_corners', '6 Corners'),
(134, 'the_truth', 'The Truth'),
(135, 'vvv', 'VVV'),
(136, 'zekeels', 'ZekEels'),
(137, 'zpst', 'ZPST'),
(138, 'empoleon_accelgor', 'Empoleon / Accelgor'),
(139, 'garchomp_altaria', 'Garchomp / Altaria'),
(140, 'hydreigon_darkrai_ex', 'Hydreigon / Darkrai-EX'),
(141, 'ho_oh_ex', 'Ho-Oh-EX'),
(142, 'mew_accelgor', 'Mew / Accelgor'),
(143, 'plasmaklang_cobalion', 'Plasmaklang / Cobalion'),
(144, 'plasma_tdk', 'Plasma TDK'),
(145, 'plasma_yeti', 'Plasma Yeti'),
(146, 'quad_sigilyph', 'Quad Sigilyph'),
(147, 'rayeels', 'RayEels'),
(148, 'white_tea', 'White Tea'),
(149, 'darkrai_ex_garbodor', 'Darkrai-EX / Garbodor'),
(150, 'fairy_toolbox', 'Fairy Toolbox'),
(151, 'donphan_pls', 'Donphan PLS'),
(152, 'pyroar_flf', 'Pyroar FLF'),
(153, 'plasma_lugia', 'Plasma Lugia'),
(154, 'virgen', 'VirGen'),
(155, 'night_march', 'Night March'),
(156, 'pyroar_seismitoad_ex', 'Pyroar / Seismitoad-EX'),
(157, 'seismitoad_ex_garbodor', 'Seismitoad-EX / Garbodor'),
(158, 'yveltal_ex', 'Yveltal-EX'),
(159, 'empoleon_miltank', 'Empoleon / Miltank'),
(160, 'sneasel_r_zapdos', 'Sneasel / R''s Zapdos'),
(161, 'm_manectric_ex_landorus_ex', 'M Manectric-EX / Landorus-EX'),
(162, 'm_manectric_ex_virgen', 'M Manectric-EX / VirGen'),
(163, 'm_manectric_ex_kyurem', 'M Manectric EX / Kyurem'),
(164, 'insanity', 'InSaNiTy'),
(165, 'dark_corridor', 'Dark Corridor'),
(166, 'landorus_ex_fighting', 'Landorus-EX & Fightings'),
(167, 'minifight', 'MiniFight'),
(168, 'landorus_ex_croat', 'Landorus-EX / Crobat'),
(169, 'ex_toolbox', 'EX Toolbox'),
(170, 'scizor_ex', 'Scizor ex'),
(171, 'darkrai_ex_shaymin_dark_patch', 'Darkrai-EX / Shaymin / Dark Patch'),
(172, 'doom_buzz_muk', 'Doom Buzz Muk'),
(173, 'crobyss', 'CroByss'),
(174, 'gorepluff', 'GorePluff'),
(175, 'goredevoir', 'Goredevoir'),
(176, 'zapturndos', 'ZapTurnDos'),
(178, 'luxdrill', 'LuxDrill'),
(179, 'active_stall', 'Active Stall'),
(180, 'potpourri', 'Potpourri'),
(181, 'scizor_sneasel', 'Scizor / Sneasel'),
(182, 'tool_drop', 'Tool Drop'),
(183, 'xerneas_m_gardevoir_ex', 'Xerneas / M Gardevoir-EX'),
(184, 'huntail_ho_oh_ex', 'Huntail / Ho-Oh-EX'),
(185, 'metal_links', 'Metal Links'),
(186, 'dusknoir_trevenant', 'Dusknoir / Trevenant'),
(187, 'defensive_fairy', 'Defensive Fairy'),
(188, 'seismitoad_ex_slurpuff', 'Seismitoad-EX / Slurpuff'),
(189, 'flareon_plf', 'Flareon PLF'),
(190, 'primal_groudon_ex', 'Primal Groudon-EX'),
(191, 'quad_lucario', 'Quad Lucario'),
(192, 'landorus_ex_raichu_garbodor', 'Landorus-EX / Raichu / Garbodor'),
(193, 'blastoise_archie', 'Blastoise / Archie'),
(194, 'primal_kyogre_ex', 'Primal Kyogre-EX'),
(195, 'manectric_ex_ats', 'Manectric-EX / Bats'),
(196, 'm_gardevoir_ex_aromatisse', 'M Gardevoir-EX / Aromatisse'),
(197, 'seismitoad_ex_fairy_toolbox', 'Seismitoad-EX / Fairy Toolbox'),
(198, 'virizion_ex_toad_ex_mewtwo_ex', 'Virizion-EX / Toad-EX / Mewtwo-EX'),
(199, 'gengar_ex_trevenant', 'Gengar-EX / Trevenant'),
(200, 'seismitoad_ex_bats', 'Seismitoad-EX / Bats'),
(201, 'omega_barrage_medicham', 'Ω Barrage Medicham'),
(202, 'empoleon_swampert', 'Empoleon / Swampert'),
(203, 'exeggutor_lock', 'Exeggutor Lock');

--
-- Contenu de la table `decks_lists`
--

INSERT INTO `decks_lists` (`deck_id`, `set_id`, `card_number`, `quantity`, `card_order`) VALUES
(1, 7, 15, 3, 1),
(1, 1, 20, 2, 2),
(1, 1, 7, 3, 3),
(1, 2, 10, 3, 4),
(1, 2, 1, 3, 5),
(1, 1, 5, 3, 6),
(1, 3, 3, 1, 7),
(1, 1, 3, 2, 8),
(1, 1, 88, 3, 9),
(1, 1, 71, 3, 10),
(1, 1, 74, 2, 11),
(1, 5, 77, 1, 12),
(1, 1, 79, 2, 13),
(1, 1, 93, 3, 14),
(1, 6, 124, 1, 15),
(1, 1, 96, 3, 16),
(1, 1, 100, 11, 17),
(1, 1, 97, 11, 18),
(2, 1, 7, 3, 1),
(2, 3, 39, 3, 2),
(2, 2, 10, 3, 3),
(2, 2, 1, 3, 4),
(2, 1, 5, 3, 5),
(2, 3, 3, 2, 6),
(2, 1, 88, 3, 7),
(2, 1, 71, 2, 8),
(2, 1, 74, 2, 9),
(2, 5, 77, 1, 10),
(2, 1, 79, 3, 11),
(2, 1, 93, 2, 12),
(2, 1, 85, 2, 13),
(2, 1, 96, 3, 14),
(2, 5, 81, 3, 15),
(2, 1, 97, 11, 16),
(2, 1, 98, 11, 17),
(3, 2, 16, 3, 1),
(3, 2, 54, 3, 2),
(3, 7, 15, 3, 3),
(3, 1, 20, 3, 4),
(3, 5001, 3, 2, 5),
(3, 2, 6, 3, 6),
(3, 2, 1, 2, 7),
(3, 1, 5, 3, 8),
(3, 1, 88, 3, 9),
(3, 1, 91, 1, 10),
(3, 5, 74, 1, 11),
(3, 1, 71, 3, 12),
(3, 1, 74, 1, 13),
(3, 5, 77, 1, 14),
(3, 1, 93, 3, 15),
(3, 1, 92, 2, 16),
(3, 1, 96, 3, 17),
(3, 1, 101, 10, 18),
(3, 1, 100, 10, 19),
(4, 7, 15, 3, 1),
(4, 1, 20, 3, 2),
(4, 6, 6, 1, 3),
(4, 1, 7, 3, 4),
(4, 7, 65, 3, 5),
(4, 6, 41, 2, 6),
(4, 2, 10, 3, 7),
(4, 1, 88, 2, 8),
(4, 6, 114, 1, 9),
(4, 1, 71, 3, 10),
(4, 1, 74, 1, 11),
(4, 1, 79, 3, 12),
(4, 1, 92, 1, 13),
(4, 1, 93, 2, 14),
(4, 1, 78, 1, 15),
(4, 6, 124, 1, 16),
(4, 1, 96, 3, 17),
(4, 5, 81, 3, 18),
(4, 5, 82, 1, 19),
(4, 1, 100, 12, 20),
(4, 1, 97, 8, 21),
(5, 2, 16, 3, 1),
(5, 2, 54, 3, 2),
(5, 7, 15, 2, 3),
(5, 1, 20, 3, 4),
(5, 6, 22, 1, 5),
(5, 5001, 3, 3, 6),
(5, 2, 1, 2, 7),
(5, 1, 5, 3, 8),
(5, 2, 10, 1, 9),
(5, 2, 6, 1, 10),
(5, 1, 88, 3, 11),
(5, 1, 71, 3, 12),
(5, 1, 74, 1, 13),
(5, 5, 77, 1, 14),
(5, 1, 79, 2, 15),
(5, 1, 93, 3, 16),
(5, 1, 84, 2, 17),
(5, 1, 96, 3, 18),
(5, 5, 81, 2, 19),
(5, 1, 100, 9, 20),
(5, 1, 101, 9, 21),
(6, 7, 15, 3, 1),
(6, 1, 20, 3, 2),
(6, 1, 7, 3, 3),
(6, 2, 10, 3, 4),
(6, 3, 3, 3, 5),
(6, 1, 3, 2, 6),
(6, 3, 1, 3, 7),
(6, 3, 62, 3, 8),
(6, 1, 88, 3, 9),
(6, 6, 114, 2, 10),
(6, 1, 71, 3, 11),
(6, 1, 74, 1, 12),
(6, 1, 93, 3, 13),
(6, 1, 96, 3, 14),
(6, 1, 100, 13, 15),
(6, 1, 97, 9, 16),
(7, 1, 15, 3, 1),
(7, 1, 30, 3, 2),
(7, 1, 44, 3, 3),
(7, 2, 10, 3, 4),
(7, 3, 3, 3, 5),
(7, 1, 3, 3, 6),
(7, 2, 5, 3, 7),
(7, 6, 42, 2, 8),
(7, 1, 76, 2, 9),
(7, 1, 88, 3, 10),
(7, 1, 71, 3, 11),
(7, 1, 78, 3, 12),
(7, 1, 85, 3, 13),
(7, 6, 103, 1, 14),
(7, 1, 96, 3, 15),
(7, 1, 99, 19, 16),
(8, 2, 16, 3, 1),
(8, 2, 54, 3, 2),
(8, 1, 20, 3, 3),
(8, 3, 39, 3, 4),
(8, 2, 10, 3, 5),
(8, 3, 3, 3, 6),
(8, 1, 3, 3, 7),
(8, 1, 88, 3, 8),
(8, 1, 71, 2, 9),
(8, 1, 74, 3, 10),
(8, 5, 77, 1, 11),
(8, 5, 16, 2, 12),
(8, 1, 93, 2, 13),
(8, 1, 78, 2, 14),
(8, 1, 96, 3, 15),
(8, 5, 81, 3, 16),
(8, 5, 82, 2, 17),
(8, 1, 100, 7, 18),
(8, 1, 98, 9, 19),
(9, 2, 16, 3, 1),
(9, 2, 54, 3, 2),
(9, 7, 15, 3, 3),
(9, 1, 20, 3, 4),
(9, 2, 10, 3, 5),
(9, 1, 3, 2, 6),
(9, 1, 88, 3, 7),
(9, 6, 114, 3, 8),
(9, 6, 118, 3, 9),
(9, 1, 71, 3, 10),
(9, 7, 102, 3, 11),
(9, 1, 96, 3, 12),
(9, 5, 81, 3, 13),
(9, 5, 82, 3, 14),
(9, 1, 100, 19, 15),
(10, 2, 16, 3, 1),
(10, 2, 54, 3, 2),
(10, 7, 15, 3, 3),
(10, 1, 20, 3, 4),
(10, 1, 7, 3, 5),
(10, 2, 10, 2, 6),
(10, 1, 3, 2, 7),
(10, 6, 42, 1, 8),
(10, 1, 88, 3, 9),
(10, 1, 91, 3, 10),
(10, 1, 71, 3, 11),
(10, 5, 16, 3, 12),
(10, 7, 102, 3, 13),
(10, 1, 96, 3, 14),
(10, 5, 81, 3, 15),
(10, 5, 82, 3, 16),
(10, 1, 100, 9, 17),
(10, 1, 97, 7, 18),
(11, 1, 7, 2, 1),
(11, 6, 11, 2, 2),
(11, 3, 39, 3, 3),
(11, 6, 12, 1, 4),
(11, 7, 36, 2, 5),
(11, 6, 72, 3, 6),
(11, 2, 1, 2, 7),
(11, 1, 5, 2, 8),
(11, 2, 10, 2, 9),
(11, 3, 3, 1, 10),
(11, 1, 3, 2, 11),
(11, 1, 88, 3, 12),
(11, 1, 71, 3, 13),
(11, 1, 79, 2, 14),
(11, 1, 92, 3, 15),
(11, 1, 93, 2, 16),
(11, 6, 115, 2, 17),
(11, 1, 96, 3, 18),
(11, 1, 97, 11, 19),
(11, 1, 98, 9, 20),
(12, 7, 15, 2, 1),
(12, 1, 20, 3, 2),
(12, 1, 7, 3, 3),
(12, 1, 52, 2, 4),
(12, 3, 3, 3, 5),
(12, 2, 10, 1, 6),
(12, 2, 34, 3, 7),
(12, 1, 48, 3, 8),
(12, 1, 88, 3, 9),
(12, 6, 114, 2, 10),
(12, 1, 71, 3, 11),
(12, 1, 74, 1, 12),
(12, 5, 77, 1, 13),
(12, 1, 79, 3, 14),
(12, 1, 93, 2, 15),
(12, 1, 96, 3, 16),
(12, 5, 81, 3, 17),
(12, 1, 100, 10, 18),
(12, 1, 97, 9, 19),
(13, 2, 16, 3, 1),
(13, 2, 54, 3, 2),
(13, 7, 15, 2, 3),
(13, 1, 20, 2, 4),
(13, 3, 39, 3, 5),
(13, 6, 22, 1, 6),
(13, 2, 10, 3, 7),
(13, 1, 3, 2, 8),
(13, 1, 88, 3, 9),
(13, 1, 71, 3, 10),
(13, 1, 74, 2, 11),
(13, 5, 77, 1, 12),
(13, 1, 84, 3, 13),
(13, 1, 93, 1, 14),
(13, 1, 78, 1, 15),
(13, 6, 103, 1, 16),
(13, 1, 96, 3, 17),
(13, 5, 81, 2, 18),
(13, 1, 100, 11, 19),
(13, 1, 98, 10, 20),
(14, 1, 2, 3, 1),
(14, 1, 42, 1, 2),
(14, 5, 68, 3, 3),
(14, 2, 16, 3, 4),
(14, 2, 54, 3, 5),
(14, 3, 2, 3, 6),
(14, 3, 10, 1, 7),
(14, 3, 3, 2, 8),
(14, 1, 3, 1, 9),
(14, 1, 76, 2, 10),
(14, 1, 88, 3, 11),
(14, 1, 71, 2, 12),
(14, 1, 74, 2, 13),
(14, 1, 84, 3, 14),
(14, 1, 93, 2, 15),
(14, 5, 16, 1, 16),
(14, 1, 96, 3, 17),
(14, 5, 81, 1, 18),
(14, 1, 102, 21, 19),
(15, 7, 15, 2, 1),
(15, 1, 20, 3, 2),
(15, 1, 23, 3, 3),
(15, 1, 28, 3, 4),
(15, 3, 39, 3, 5),
(15, 5, 59, 2, 6),
(15, 2, 10, 2, 7),
(15, 1, 88, 3, 8),
(15, 1, 71, 3, 9),
(15, 5, 77, 1, 10),
(15, 1, 79, 1, 11),
(15, 1, 93, 3, 12),
(15, 1, 80, 2, 13),
(15, 6, 124, 2, 14),
(15, 1, 96, 3, 15),
(15, 1, 100, 10, 16),
(15, 1, 98, 14, 17),
(16, 2, 16, 3, 1),
(16, 2, 54, 3, 2),
(16, 1, 20, 3, 3),
(16, 6, 13, 2, 4),
(16, 2, 10, 2, 5),
(16, 2, 34, 2, 6),
(16, 1, 48, 2, 7),
(16, 1, 88, 3, 8),
(16, 1, 71, 3, 9),
(16, 1, 74, 3, 10),
(16, 5, 77, 1, 11),
(16, 1, 84, 3, 12),
(16, 1, 93, 2, 13),
(16, 1, 96, 3, 14),
(16, 5, 81, 3, 15),
(16, 1, 100, 9, 16),
(16, 1, 99, 13, 17),
(17, 1, 2, 3, 1),
(17, 1, 63, 3, 2),
(17, 3, 2, 3, 3),
(17, 3, 10, 3, 4),
(17, 2, 38, 3, 5),
(17, 1, 76, 3, 6),
(17, 1, 88, 3, 7),
(17, 6, 114, 3, 8),
(17, 1, 71, 3, 9),
(17, 5, 77, 3, 10),
(17, 5, 81, 2, 11),
(17, 1, 102, 28, 12),
(18, 1, 7, 3, 1),
(18, 3, 39, 3, 2),
(18, 2, 10, 3, 3),
(18, 3, 3, 3, 4),
(18, 1, 3, 1, 5),
(18, 2, 5, 3, 6),
(18, 1, 88, 2, 7),
(18, 1, 91, 2, 8),
(18, 1, 71, 2, 9),
(18, 1, 79, 3, 10),
(18, 1, 92, 3, 11),
(18, 1, 84, 3, 12),
(18, 1, 96, 3, 13),
(18, 1, 97, 13, 14),
(18, 1, 98, 13, 15),
(19, 1, 2, 3, 1),
(19, 5, 3, 1, 2),
(19, 1, 63, 3, 3),
(19, 3, 2, 3, 4),
(19, 3, 10, 3, 5),
(19, 1, 3, 1, 6),
(19, 6, 42, 2, 7),
(19, 1, 76, 3, 8),
(19, 1, 88, 3, 9),
(19, 6, 16, 3, 10),
(19, 1, 91, 3, 11),
(19, 1, 71, 3, 12),
(19, 1, 102, 29, 13),
(20, 2, 16, 3, 1),
(20, 2, 54, 3, 2),
(20, 2, 1, 2, 3),
(20, 1, 5, 2, 4),
(20, 3, 39, 3, 5),
(20, 5001, 3, 3, 6),
(20, 2, 10, 3, 7),
(20, 3, 3, 1, 8),
(20, 1, 88, 3, 9),
(20, 1, 91, 2, 10),
(20, 1, 71, 2, 11),
(20, 5, 77, 2, 12),
(20, 1, 84, 2, 13),
(20, 1, 93, 2, 14),
(20, 1, 78, 2, 15),
(20, 1, 96, 3, 16),
(20, 5, 81, 3, 17),
(20, 1, 98, 9, 18),
(20, 1, 101, 10, 19),
(21, 2, 16, 3, 1),
(21, 2, 54, 3, 2),
(21, 7, 15, 3, 3),
(21, 1, 20, 3, 4),
(21, 2, 10, 3, 5),
(21, 1, 3, 3, 6),
(21, 1, 88, 3, 7),
(21, 1, 71, 2, 8),
(21, 1, 74, 3, 9),
(21, 5, 77, 1, 10),
(21, 1, 84, 3, 11),
(21, 1, 93, 1, 12),
(21, 1, 78, 2, 13),
(21, 1, 96, 3, 14),
(21, 5, 81, 2, 15),
(21, 5, 82, 2, 16),
(21, 1, 100, 20, 17),
(22, 2, 16, 2, 1),
(22, 2, 54, 2, 2),
(22, 7, 15, 1, 3),
(22, 1, 20, 3, 4),
(22, 1, 7, 3, 5),
(22, 2, 10, 3, 6),
(22, 3, 3, 2, 7),
(22, 2, 38, 2, 8),
(22, 1, 88, 3, 9),
(22, 1, 71, 3, 10),
(22, 1, 74, 2, 11),
(22, 1, 84, 3, 12),
(22, 1, 93, 2, 13),
(22, 6, 19, 2, 14),
(22, 1, 96, 3, 15),
(22, 1, 100, 13, 16),
(22, 1, 97, 11, 17),
(23, 2, 16, 3, 1),
(23, 2, 54, 3, 2),
(23, 7, 15, 2, 3),
(23, 1, 20, 2, 4),
(23, 5001, 3, 2, 5),
(23, 2, 6, 2, 6),
(23, 2, 10, 2, 7),
(23, 2, 34, 3, 8),
(23, 1, 48, 3, 9),
(23, 1, 88, 3, 10),
(23, 1, 77, 2, 11),
(23, 1, 71, 1, 12),
(23, 1, 74, 1, 13),
(23, 1, 79, 2, 14),
(23, 1, 84, 1, 15),
(23, 1, 93, 3, 16),
(23, 1, 78, 2, 17),
(23, 1, 96, 3, 18),
(23, 5, 81, 3, 19),
(23, 1, 100, 8, 20),
(23, 1, 97, 9, 21),
(24, 7, 15, 3, 1),
(24, 1, 20, 3, 2),
(24, 1, 7, 3, 3),
(24, 2, 10, 3, 4),
(24, 3, 3, 2, 5),
(24, 6, 42, 2, 6),
(24, 1, 88, 3, 7),
(24, 1, 71, 3, 8),
(24, 1, 74, 2, 9),
(24, 1, 93, 2, 10),
(24, 5, 78, 2, 11),
(24, 1, 78, 2, 12),
(24, 6, 103, 1, 13),
(24, 1, 96, 3, 14),
(24, 5, 81, 2, 15),
(24, 1, 100, 13, 16),
(24, 1, 97, 11, 17),
(25, 1, 2, 4, 1),
(25, 1, 42, 4, 2),
(25, 1, 63, 4, 3),
(25, 2, 1, 1, 4),
(25, 1, 5, 1, 5),
(25, 1, 88, 3, 6),
(25, 1, 91, 4, 7),
(25, 1, 71, 3, 8),
(25, 1, 79, 2, 9),
(25, 1, 92, 4, 10),
(25, 1, 93, 4, 11),
(25, 4, 117, 3, 12),
(25, 1, 81, 2, 13),
(25, 1, 96, 2, 14),
(25, 1, 102, 19, 15),
(26, 8, 14, 4, 1),
(26, 8, 73, 4, 2),
(26, 11, 5, 3, 3),
(26, 11, 32, 4, 4),
(26, 8, 81, 4, 5),
(26, 10, 27, 1, 6),
(26, 8, 20, 4, 7),
(26, 8, 96, 4, 8),
(26, 8, 91, 4, 9),
(26, 12, 103, 4, 10),
(26, 12, 105, 1, 11),
(26, 8, 90, 1, 12),
(26, 8, 100, 2, 13),
(26, 8, 93, 3, 14),
(26, 10, 60, 2, 15),
(26, 8, 89, 1, 16),
(26, 10, 63, 1, 17),
(26, 8, 111, 13, 18),
(27, 8, 14, 4, 1),
(27, 12, 93, 4, 2),
(27, 8, 21, 3, 3),
(27, 11, 76, 4, 4),
(27, 9, 66, 2, 5),
(27, 8, 20, 3, 6),
(27, 8, 96, 4, 7),
(27, 12, 108, 4, 8),
(27, 8, 91, 2, 9),
(27, 8, 87, 2, 10),
(27, 12, 103, 4, 11),
(27, 8, 100, 3, 12),
(27, 11, 101, 2, 13),
(27, 10, 60, 3, 14),
(27, 8, 86, 3, 15),
(27, 5001, 40, 1, 16),
(27, 8, 106, 12, 17),
(28, 8, 14, 4, 1),
(28, 8, 73, 4, 2),
(28, 11, 5, 3, 3),
(28, 11, 32, 3, 4),
(28, 8, 81, 4, 5),
(28, 8, 22, 1, 6),
(28, 8, 20, 3, 7),
(28, 8, 96, 4, 8),
(28, 12, 108, 4, 9),
(28, 8, 91, 3, 10),
(28, 12, 106, 2, 11),
(28, 12, 103, 3, 12),
(28, 8, 90, 1, 13),
(28, 8, 100, 3, 14),
(28, 10, 60, 3, 15),
(28, 8, 86, 3, 16),
(28, 10, 63, 2, 17),
(28, 8, 111, 10, 18),
(29, 10, 19, 4, 1),
(29, 8, 48, 4, 2),
(29, 8, 62, 4, 3),
(29, 8, 15, 2, 4),
(29, 1001, 3, 2, 5),
(29, 8, 12, 2, 6),
(29, 9, 66, 1, 7),
(29, 8, 20, 3, 8),
(29, 8, 96, 4, 9),
(29, 12, 108, 4, 10),
(29, 12, 103, 4, 11),
(29, 8, 100, 3, 12),
(29, 8, 93, 2, 13),
(29, 5001, 40, 2, 14),
(29, 8, 86, 3, 15),
(29, 11, 99, 1, 16),
(29, 8, 19, 4, 17),
(29, 8, 105, 4, 18),
(29, 12, 100, 2, 19),
(29, 8, 111, 5, 20),
(30, 10, 33, 4, 1),
(30, 10, 53, 4, 2),
(30, 10, 6, 3, 3),
(30, 8, 22, 2, 4),
(30, 9, 66, 1, 5),
(30, 8, 20, 2, 6),
(30, 8, 96, 4, 7),
(30, 12, 103, 2, 8),
(30, 8, 90, 3, 9),
(30, 8, 100, 4, 10),
(30, 12, 104, 1, 11),
(30, 8, 93, 2, 12),
(30, 8, 86, 4, 13),
(30, 11, 99, 2, 14),
(30, 8, 107, 22, 15),
(31, 10, 19, 3, 1),
(31, 8, 48, 3, 2),
(31, 8, 62, 3, 3),
(31, 8, 15, 2, 4),
(31, 1001, 3, 2, 5),
(31, 8, 12, 1, 6),
(31, 9, 40, 1, 7),
(31, 8, 20, 3, 8),
(31, 8, 96, 4, 9),
(31, 12, 108, 4, 10),
(31, 12, 103, 4, 11),
(31, 8, 90, 1, 12),
(31, 8, 100, 4, 13),
(31, 8, 93, 4, 14),
(31, 8, 86, 4, 15),
(31, 11, 99, 2, 16),
(31, 8, 19, 4, 17),
(31, 8, 105, 4, 18),
(31, 12, 100, 2, 19),
(31, 8, 111, 5, 20),
(32, 8, 14, 4, 1),
(32, 8, 73, 4, 2),
(32, 9, 1, 3, 3),
(32, 9, 13, 2, 4),
(32, 5001, 11, 4, 5),
(32, 8, 20, 3, 6),
(32, 8, 96, 4, 7),
(32, 12, 108, 4, 8),
(32, 8, 91, 3, 9),
(32, 12, 103, 3, 10),
(32, 8, 90, 1, 11),
(32, 8, 100, 2, 12),
(32, 10, 60, 3, 13),
(32, 8, 93, 3, 14),
(32, 8, 86, 3, 15),
(32, 8, 104, 4, 16),
(32, 8, 105, 1, 17),
(32, 8, 110, 9, 18),
(33, 8, 14, 4, 1),
(33, 8, 73, 4, 2),
(33, 11, 5, 3, 3),
(33, 11, 32, 3, 4),
(33, 8, 81, 4, 5),
(33, 8, 24, 2, 6),
(33, 8, 20, 3, 7),
(33, 8, 96, 4, 8),
(33, 12, 108, 4, 9),
(33, 12, 103, 4, 10),
(33, 12, 105, 1, 11),
(33, 8, 90, 1, 12),
(33, 8, 100, 2, 13),
(33, 8, 93, 3, 14),
(33, 10, 60, 2, 15),
(33, 10, 63, 1, 16),
(33, 8, 104, 3, 17),
(33, 8, 111, 12, 18),
(34, 8, 25, 2, 1),
(34, 8, 14, 4, 2),
(34, 8, 73, 4, 3),
(34, 8, 24, 2, 4),
(34, 9, 66, 2, 5),
(34, 8, 20, 3, 6),
(34, 1, 88, 4, 7),
(34, 8, 96, 2, 8),
(34, 1, 71, 4, 9),
(34, 1, 74, 3, 10),
(34, 8, 85, 2, 11),
(34, 5, 77, 1, 12),
(34, 1, 79, 3, 13),
(34, 1, 93, 2, 14),
(34, 1, 95, 2, 15),
(34, 8, 86, 3, 16),
(34, 1, 75, 3, 17),
(34, 8, 97, 2, 18),
(34, 8, 104, 4, 19),
(34, 5, 17, 4, 20),
(34, 8, 105, 4, 21),
(35, 1, 3, 2, 1),
(35, 9, 50, 2, 2),
(35, 2, 10, 2, 3),
(35, 3, 3, 1, 4),
(35, 9, 66, 2, 5),
(35, 9, 40, 3, 6),
(35, 8, 20, 4, 7),
(35, 1, 88, 2, 8),
(35, 8, 96, 2, 9),
(35, 1, 71, 4, 10),
(35, 1, 74, 3, 11),
(35, 8, 85, 2, 12),
(35, 5, 77, 1, 13),
(35, 1, 79, 3, 14),
(35, 1, 92, 3, 15),
(35, 1, 93, 2, 16),
(35, 8, 100, 1, 17),
(35, 1, 78, 1, 18),
(35, 8, 93, 2, 19),
(35, 1, 75, 3, 20),
(35, 10, 61, 2, 21),
(35, 1, 96, 4, 22),
(35, 8, 19, 4, 23),
(35, 8, 105, 4, 24),
(35, 1, 99, 1, 25),
(36, 1, 20, 4, 1),
(36, 5001, 3, 3, 2),
(36, 5001, 9, 1, 3),
(36, 3, 3, 2, 4),
(36, 1, 88, 4, 5),
(36, 1, 91, 4, 6),
(36, 3, 60, 1, 7),
(36, 1, 71, 3, 8),
(36, 1, 74, 3, 9),
(36, 1, 81, 2, 10),
(36, 1, 79, 2, 11),
(36, 1, 92, 4, 12),
(36, 1, 93, 3, 13),
(36, 1, 84, 3, 14),
(36, 1, 78, 3, 15),
(36, 3, 58, 1, 16),
(36, 1, 96, 3, 17),
(36, 1, 100, 7, 18),
(36, 1, 101, 7, 19),
(37, 14, 32, 3, 1),
(37, 5001, 45, 3, 2),
(37, 14, 48, 2, 3),
(37, 9, 63, 2, 4),
(37, 12, 16, 2, 5),
(37, 12, 78, 2, 6),
(37, 10, 27, 1, 7),
(37, 11, 74, 1, 8),
(37, 8, 20, 3, 9),
(37, 8, 96, 4, 10),
(37, 13, 138, 2, 11),
(37, 15, 138, 2, 12),
(37, 12, 108, 4, 13),
(37, 14, 130, 2, 14),
(37, 12, 103, 3, 15),
(37, 14, 136, 1, 16),
(37, 8, 100, 4, 17),
(37, 13, 157, 2, 18),
(37, 8, 93, 4, 19),
(37, 8, 19, 4, 20),
(37, 14, 144, 4, 21),
(37, 8, 108, 2, 22),
(37, 8, 111, 3, 23),
(38, 55, 72, 3, 1),
(38, 55, 71, 3, 2),
(38, 52, 11, 3, 3),
(38, 57, 7, 3, 4),
(38, 61, 63, 3, 5),
(38, 56, 116, 4, 6),
(38, 50, 101, 4, 7),
(38, 61, 111, 4, 8),
(38, 62, 109, 3, 9),
(38, 55, 117, 2, 10),
(38, 54, 137, 1, 11),
(38, 51, 89, 2, 12),
(38, 52, 102, 1, 13),
(38, 62, 102, 4, 14),
(38, 60, 104, 2, 15),
(38, 59, 121, 3, 16),
(38, 57, 88, 1, 17),
(38, 48, 104, 1, 18),
(38, 61, 90, 3, 19),
(38, 51, 92, 4, 20),
(38, 61, 104, 4, 21),
(38, 48, 110, 2, 22),
(39, 62, 120, 2, 1),
(39, 62, 113, 2, 2),
(39, 54, 144, 3, 3),
(39, 61, 107, 1, 4),
(39, 61, 63, 1, 5),
(39, 50, 99, 1, 6),
(39, 56, 116, 4, 7),
(39, 50, 101, 4, 8),
(39, 61, 111, 4, 9),
(39, 62, 109, 3, 10),
(39, 55, 117, 2, 11),
(39, 54, 137, 1, 12),
(39, 52, 102, 3, 13),
(39, 59, 123, 1, 14),
(39, 62, 92, 1, 15),
(39, 60, 104, 3, 16),
(39, 59, 121, 3, 17),
(39, 62, 100, 2, 18),
(39, 53, 116, 1, 19),
(39, 55, 120, 1, 20),
(39, 48, 104, 2, 21),
(39, 61, 90, 3, 22),
(39, 61, 104, 4, 23),
(39, 48, 110, 5, 24),
(39, 48, 108, 3, 25),
(40, 62, 120, 2, 1),
(40, 62, 113, 2, 2),
(40, 57, 97, 3, 3),
(40, 57, 96, 2, 4),
(40, 53, 52, 1, 5),
(40, 56, 47, 1, 6),
(40, 57, 98, 1, 7),
(40, 56, 116, 4, 8),
(40, 50, 101, 4, 9),
(40, 55, 135, 1, 10),
(40, 62, 109, 2, 11),
(40, 52, 102, 3, 12),
(40, 59, 123, 1, 13),
(40, 62, 92, 1, 14),
(40, 54, 149, 2, 15),
(40, 56, 102, 1, 16),
(40, 62, 118, 1, 17),
(40, 54, 136, 1, 18),
(40, 48, 94, 2, 19),
(40, 55, 119, 1, 20),
(40, 57, 92, 1, 21),
(40, 62, 100, 3, 22),
(40, 59, 121, 1, 23),
(40, 53, 116, 2, 24),
(40, 55, 120, 2, 25),
(40, 51, 91, 1, 26),
(40, 55, 127, 4, 27),
(40, 48, 105, 7, 28),
(40, 48, 108, 3, 29),
(41, 52, 29, 4, 1),
(41, 58, 34, 2, 2),
(41, 52, 28, 1, 3),
(41, 52, 27, 4, 4),
(41, 60, 83, 2, 5),
(41, 54, 63, 2, 6),
(41, 60, 38, 2, 7),
(41, 61, 34, 1, 8),
(41, 56, 47, 1, 9),
(41, 56, 4, 1, 10),
(41, 57, 98, 1, 11),
(41, 56, 116, 2, 12),
(41, 50, 101, 4, 13),
(41, 55, 135, 1, 14),
(41, 62, 109, 2, 15),
(41, 55, 128, 1, 16),
(41, 50, 95, 1, 17),
(41, 51, 89, 4, 18),
(41, 48, 99, 2, 19),
(41, 59, 123, 1, 20),
(41, 54, 149, 3, 21),
(41, 60, 104, 1, 22),
(41, 52, 100, 3, 23),
(41, 59, 121, 1, 24),
(41, 57, 88, 1, 25),
(41, 60, 97, 1, 26),
(41, 55, 120, 1, 27),
(41, 48, 104, 1, 28),
(41, 5005, 28, 3, 29),
(41, 48, 107, 6, 30),
(42, 55, 72, 3, 1),
(42, 55, 71, 4, 2),
(42, 53, 52, 1, 3),
(42, 56, 47, 1, 4),
(42, 55, 73, 1, 5),
(42, 56, 116, 4, 6),
(42, 50, 101, 4, 7),
(42, 55, 135, 3, 8),
(42, 61, 111, 4, 9),
(42, 62, 109, 2, 10),
(42, 54, 137, 1, 11),
(42, 51, 89, 1, 12),
(42, 62, 118, 1, 13),
(42, 62, 102, 4, 14),
(42, 60, 104, 2, 15),
(42, 52, 94, 4, 16),
(42, 49, 92, 1, 17),
(42, 59, 121, 3, 18),
(42, 56, 99, 2, 19),
(42, 57, 88, 1, 20),
(42, 48, 104, 2, 21),
(42, 61, 90, 2, 22),
(42, 51, 92, 3, 23),
(42, 61, 104, 4, 24),
(42, 48, 110, 2, 25),
(43, 62, 120, 3, 1),
(43, 62, 113, 3, 2),
(43, 55, 95, 1, 3),
(43, 50, 34, 1, 4),
(43, 56, 31, 1, 5),
(43, 51, 98, 1, 6),
(43, 54, 142, 1, 7),
(43, 50, 40, 1, 8),
(43, 50, 38, 1, 9),
(43, 57, 98, 1, 10),
(43, 56, 116, 4, 11),
(43, 50, 101, 4, 12),
(43, 55, 135, 2, 13),
(43, 62, 109, 4, 14),
(43, 54, 137, 1, 15),
(43, 52, 102, 4, 16),
(43, 59, 123, 1, 17),
(43, 62, 92, 2, 18),
(43, 62, 118, 1, 19),
(43, 60, 104, 2, 20),
(43, 53, 116, 1, 21),
(43, 62, 100, 3, 22),
(43, 59, 121, 2, 23),
(43, 56, 99, 2, 24),
(43, 48, 104, 1, 25),
(43, 51, 92, 2, 26),
(43, 48, 108, 5, 27),
(43, 48, 107, 5, 28),
(44, 56, 110, 2, 1),
(44, 56, 111, 4, 2),
(44, 56, 31, 3, 3),
(44, 56, 67, 1, 4),
(44, 56, 116, 4, 5),
(44, 50, 101, 4, 6),
(44, 55, 135, 2, 7),
(44, 62, 109, 3, 8),
(44, 54, 149, 2, 9),
(44, 56, 105, 2, 10),
(44, 52, 102, 1, 11),
(44, 55, 119, 3, 12),
(44, 60, 104, 2, 13),
(44, 60, 105, 1, 14),
(44, 62, 97, 2, 15),
(44, 59, 121, 3, 16),
(44, 56, 99, 1, 17),
(44, 55, 129, 1, 18),
(44, 48, 104, 2, 19),
(44, 55, 123, 3, 20),
(44, 55, 126, 1, 21),
(44, 55, 127, 4, 22),
(44, 53, 118, 4, 23),
(44, 51, 93, 4, 24),
(44, 48, 108, 1, 25),
(45, 55, 72, 4, 1),
(45, 55, 71, 4, 2),
(45, 61, 63, 1, 3),
(45, 61, 34, 1, 4),
(45, 53, 52, 1, 5),
(45, 56, 47, 1, 6),
(45, 56, 33, 1, 7),
(45, 59, 44, 1, 8),
(45, 56, 116, 3, 9),
(45, 50, 101, 4, 10),
(45, 61, 111, 3, 11),
(45, 62, 109, 2, 12),
(45, 54, 137, 1, 13),
(45, 51, 89, 2, 14),
(45, 59, 123, 1, 15),
(45, 62, 118, 1, 16),
(45, 62, 102, 4, 17),
(45, 60, 104, 2, 18),
(45, 52, 94, 1, 19),
(45, 59, 121, 3, 20),
(45, 57, 88, 1, 21),
(45, 56, 99, 1, 22),
(45, 53, 116, 1, 23),
(45, 48, 104, 2, 24),
(45, 61, 90, 3, 25),
(45, 51, 92, 4, 26),
(45, 61, 104, 4, 27),
(45, 48, 110, 3, 28),
(46, 59, 144, 3, 1),
(46, 59, 78, 2, 2),
(46, 53, 54, 2, 3),
(46, 53, 53, 2, 4),
(46, 52, 107, 2, 5),
(46, 61, 106, 1, 6),
(46, 57, 98, 1, 7),
(46, 56, 116, 4, 8),
(46, 50, 101, 4, 9),
(46, 55, 135, 3, 10),
(46, 55, 128, 1, 11),
(46, 52, 102, 4, 12),
(46, 52, 93, 3, 13),
(46, 60, 104, 3, 14),
(46, 59, 121, 3, 15),
(46, 56, 99, 2, 16),
(46, 55, 120, 1, 17),
(46, 48, 104, 1, 18),
(46, 55, 123, 4, 19),
(46, 55, 126, 2, 20),
(46, 51, 92, 4, 21),
(46, 48, 111, 8, 22),
(47, 57, 97, 3, 1),
(47, 57, 96, 4, 2),
(47, 59, 43, 2, 3),
(47, 59, 42, 2, 4),
(47, 57, 98, 1, 5),
(47, 56, 116, 4, 6),
(47, 50, 101, 4, 7),
(47, 55, 135, 1, 8),
(47, 50, 95, 1, 9),
(47, 52, 102, 3, 10),
(47, 59, 123, 1, 11),
(47, 54, 149, 4, 12),
(47, 56, 102, 2, 13),
(47, 48, 94, 3, 14),
(47, 52, 94, 2, 15),
(47, 57, 92, 1, 16),
(47, 59, 121, 3, 17),
(47, 53, 116, 2, 18),
(47, 51, 91, 3, 19),
(47, 55, 127, 4, 20),
(47, 48, 105, 10, 21),
(48, 59, 144, 3, 1),
(48, 53, 54, 2, 2),
(48, 53, 53, 2, 3),
(48, 52, 107, 1, 4),
(48, 61, 106, 2, 5),
(48, 52, 62, 1, 6),
(48, 56, 116, 4, 7),
(48, 50, 101, 4, 8),
(48, 55, 135, 3, 9),
(48, 55, 128, 1, 10),
(48, 50, 95, 1, 11),
(48, 52, 102, 3, 12),
(48, 59, 123, 1, 13),
(48, 54, 149, 2, 14),
(48, 52, 93, 3, 15),
(48, 60, 104, 1, 16),
(48, 52, 94, 1, 17),
(48, 59, 121, 3, 18),
(48, 56, 99, 3, 19),
(48, 53, 116, 1, 20),
(48, 48, 104, 1, 21),
(48, 55, 123, 3, 22),
(48, 55, 126, 2, 23),
(48, 51, 92, 4, 24),
(48, 48, 111, 8, 25),
(49, 55, 72, 4, 1),
(49, 55, 71, 4, 2),
(49, 48, 113, 1, 3),
(49, 48, 114, 1, 4),
(49, 50, 34, 1, 5),
(49, 54, 144, 1, 6),
(49, 61, 63, 1, 7),
(49, 51, 98, 1, 8),
(49, 61, 34, 1, 9),
(49, 53, 52, 1, 10),
(49, 56, 116, 4, 11),
(49, 50, 101, 4, 12),
(49, 55, 135, 2, 13),
(49, 61, 111, 3, 14),
(49, 54, 137, 1, 15),
(49, 51, 89, 1, 16),
(49, 52, 102, 2, 17),
(49, 55, 117, 1, 18),
(49, 60, 104, 3, 19),
(49, 59, 121, 3, 20),
(49, 57, 88, 1, 21),
(49, 56, 99, 3, 22),
(49, 55, 120, 2, 23),
(49, 61, 90, 3, 24),
(49, 51, 92, 3, 25),
(49, 61, 104, 4, 26),
(49, 48, 110, 4, 27),
(50, 52, 29, 4, 1),
(50, 58, 34, 3, 2),
(50, 52, 27, 4, 3),
(50, 56, 93, 3, 4),
(50, 54, 63, 2, 5),
(50, 60, 38, 2, 6),
(50, 61, 34, 1, 7),
(50, 56, 47, 1, 8),
(50, 56, 4, 1, 9),
(50, 56, 116, 4, 10),
(50, 50, 101, 4, 11),
(50, 55, 135, 2, 12),
(50, 55, 128, 1, 13),
(50, 50, 95, 1, 14),
(50, 51, 89, 3, 15),
(50, 52, 102, 2, 16),
(50, 54, 149, 2, 17),
(50, 52, 100, 3, 18),
(50, 60, 104, 1, 19),
(50, 59, 121, 2, 20),
(50, 57, 88, 1, 21),
(50, 60, 97, 1, 22),
(50, 55, 120, 1, 23),
(50, 48, 104, 1, 24),
(50, 5005, 28, 3, 25),
(50, 48, 107, 7, 26),
(51, 55, 134, 3, 1),
(51, 56, 110, 2, 2),
(51, 56, 111, 4, 3),
(51, 56, 31, 2, 4),
(51, 57, 97, 1, 5),
(51, 57, 96, 1, 6),
(51, 56, 116, 4, 7),
(51, 50, 101, 2, 8),
(51, 55, 135, 2, 9),
(51, 55, 128, 1, 10),
(51, 56, 105, 4, 11),
(51, 54, 149, 4, 12),
(51, 56, 102, 1, 13),
(51, 55, 119, 3, 14),
(51, 60, 104, 1, 15),
(51, 59, 121, 4, 16),
(51, 60, 97, 2, 17),
(51, 48, 104, 3, 18),
(51, 59, 126, 2, 19),
(51, 55, 127, 4, 20),
(51, 51, 92, 4, 21),
(51, 51, 93, 4, 22),
(51, 59, 131, 2, 23),
(52, 61, 106, 4, 1),
(52, 56, 119, 2, 2),
(52, 58, 67, 2, 3),
(52, 60, 12, 1, 4),
(52, 56, 116, 4, 5),
(52, 5005, 100, 4, 6),
(52, 62, 109, 3, 7),
(52, 54, 137, 1, 8),
(52, 56, 122, 3, 9),
(52, 55, 117, 4, 10),
(52, 62, 118, 1, 11),
(52, 60, 104, 1, 12),
(52, 59, 129, 1, 13),
(52, 58, 111, 4, 14),
(52, 62, 94, 2, 15),
(52, 62, 97, 2, 16),
(52, 59, 121, 3, 17),
(52, 56, 99, 2, 18),
(52, 56, 121, 1, 19),
(52, 48, 104, 2, 20),
(52, 55, 123, 4, 21),
(52, 55, 126, 2, 22),
(52, 58, 113, 4, 23),
(52, 59, 134, 3, 24),
(53, 59, 144, 3, 1),
(53, 59, 78, 2, 2),
(53, 53, 54, 2, 3),
(53, 53, 53, 2, 4),
(53, 52, 107, 1, 5),
(53, 61, 106, 1, 6),
(53, 56, 116, 4, 7),
(53, 50, 101, 4, 8),
(53, 55, 135, 2, 9),
(53, 54, 147, 2, 10),
(53, 55, 128, 1, 11),
(53, 52, 102, 4, 12),
(53, 59, 123, 1, 13),
(53, 55, 117, 1, 14),
(53, 52, 93, 3, 15),
(53, 60, 104, 2, 16),
(53, 59, 121, 3, 17),
(53, 56, 99, 3, 18),
(53, 55, 120, 1, 19),
(53, 55, 123, 4, 20),
(53, 55, 126, 2, 21),
(53, 51, 92, 4, 22),
(53, 48, 111, 8, 23),
(54, 59, 144, 3, 1),
(54, 59, 78, 2, 2),
(54, 53, 54, 2, 3),
(54, 53, 53, 2, 4),
(54, 52, 107, 1, 5),
(54, 61, 106, 2, 6),
(54, 57, 98, 1, 7),
(54, 56, 116, 4, 8),
(54, 50, 101, 4, 9),
(54, 54, 147, 1, 10),
(54, 55, 128, 1, 11),
(54, 52, 102, 4, 12),
(54, 55, 117, 3, 13),
(54, 52, 93, 3, 14),
(54, 60, 104, 2, 15),
(54, 59, 121, 4, 16),
(54, 56, 99, 2, 17),
(54, 48, 104, 1, 18),
(54, 55, 123, 4, 19),
(54, 55, 126, 2, 20),
(54, 51, 92, 4, 21),
(54, 48, 111, 8, 22),
(55, 55, 134, 3, 1),
(55, 56, 110, 2, 2),
(55, 56, 111, 4, 3),
(55, 56, 31, 1, 4),
(55, 56, 23, 2, 5),
(55, 61, 80, 2, 6),
(55, 56, 116, 3, 7),
(55, 50, 101, 2, 8),
(55, 55, 135, 3, 9),
(55, 59, 127, 1, 10),
(55, 55, 128, 1, 11),
(55, 56, 105, 1, 12),
(55, 52, 102, 2, 13),
(55, 59, 123, 1, 14),
(55, 54, 149, 2, 15),
(55, 56, 102, 1, 16),
(55, 55, 119, 3, 17),
(55, 60, 104, 2, 18),
(55, 59, 121, 3, 19),
(55, 60, 97, 2, 20),
(55, 55, 120, 2, 21),
(55, 5005, 28, 2, 22),
(55, 55, 127, 4, 23),
(55, 51, 92, 4, 24),
(55, 51, 93, 2, 25),
(55, 59, 131, 2, 26),
(55, 48, 108, 1, 27),
(55, 48, 107, 2, 28),
(56, 60, 20, 4, 1),
(56, 60, 18, 4, 2),
(56, 61, 106, 2, 3),
(56, 51, 98, 2, 4),
(56, 56, 116, 4, 5),
(56, 50, 101, 2, 6),
(56, 54, 137, 1, 7),
(56, 50, 95, 1, 8),
(56, 51, 89, 2, 9),
(56, 52, 102, 4, 10),
(56, 59, 125, 4, 11),
(56, 55, 117, 3, 12),
(56, 60, 88, 3, 13),
(56, 60, 104, 2, 14),
(56, 1006, 36, 4, 15),
(56, 59, 121, 3, 16),
(56, 48, 104, 3, 17),
(56, 51, 92, 4, 18),
(56, 48, 106, 8, 19),
(57, 55, 134, 2, 1),
(57, 56, 110, 3, 2),
(57, 56, 111, 4, 3),
(57, 56, 67, 1, 4),
(57, 56, 116, 4, 5),
(57, 50, 101, 1, 6),
(57, 55, 135, 2, 7),
(57, 55, 128, 1, 8),
(57, 60, 92, 1, 9),
(57, 56, 105, 2, 10),
(57, 52, 102, 2, 11),
(57, 52, 99, 2, 12),
(57, 59, 125, 2, 13),
(57, 55, 117, 4, 14),
(57, 55, 119, 4, 15),
(57, 60, 104, 1, 16),
(57, 59, 121, 3, 17),
(57, 53, 116, 2, 18),
(57, 55, 120, 1, 19),
(57, 48, 104, 2, 20),
(57, 51, 90, 2, 21),
(57, 55, 127, 4, 22),
(57, 51, 92, 4, 23),
(57, 51, 93, 4, 24),
(57, 48, 108, 2, 25),
(58, 57, 97, 3, 1),
(58, 57, 96, 3, 2),
(58, 51, 94, 1, 3),
(58, 53, 51, 1, 4),
(58, 53, 50, 1, 5),
(58, 56, 47, 1, 6),
(58, 57, 98, 1, 7),
(58, 56, 116, 4, 8),
(58, 50, 101, 4, 9),
(58, 50, 95, 1, 10),
(58, 52, 102, 4, 11),
(58, 59, 123, 1, 12),
(58, 54, 149, 4, 13),
(58, 56, 102, 2, 14),
(58, 48, 94, 3, 15),
(58, 55, 119, 1, 16),
(58, 52, 94, 2, 17),
(58, 57, 92, 1, 18),
(58, 59, 121, 3, 19),
(58, 53, 116, 2, 20),
(58, 55, 120, 2, 21),
(58, 51, 91, 2, 22),
(58, 55, 127, 4, 23),
(58, 48, 105, 9, 24),
(59, 54, 144, 2, 1),
(59, 61, 58, 1, 2),
(59, 61, 113, 2, 3),
(59, 61, 107, 2, 4),
(59, 61, 63, 3, 5),
(59, 56, 47, 1, 6),
(59, 56, 33, 1, 7),
(59, 59, 44, 1, 8),
(59, 56, 116, 4, 9),
(59, 50, 101, 4, 10),
(59, 55, 135, 1, 11),
(59, 61, 111, 4, 12),
(59, 54, 137, 1, 13),
(59, 51, 89, 1, 14),
(59, 52, 102, 2, 15),
(59, 59, 123, 1, 16),
(59, 48, 94, 2, 17),
(59, 60, 104, 3, 18),
(59, 59, 121, 3, 19),
(59, 61, 91, 4, 20),
(59, 55, 120, 1, 21),
(59, 48, 104, 1, 22),
(59, 61, 90, 3, 23),
(59, 61, 104, 4, 24),
(59, 48, 110, 8, 25),
(60, 61, 106, 4, 1),
(60, 56, 119, 2, 2),
(60, 58, 67, 2, 3),
(60, 56, 116, 4, 4),
(60, 5005, 100, 4, 5),
(60, 62, 118, 1, 6),
(60, 59, 129, 1, 7),
(60, 60, 104, 1, 8),
(60, 59, 115, 1, 9),
(60, 62, 109, 3, 10),
(60, 54, 137, 1, 11),
(60, 56, 122, 3, 12),
(60, 55, 117, 4, 13),
(60, 58, 111, 4, 14),
(60, 62, 94, 2, 15),
(60, 62, 97, 2, 16),
(60, 59, 121, 3, 17),
(60, 56, 99, 2, 18),
(60, 56, 121, 1, 19),
(60, 61, 100, 3, 20),
(60, 54, 135, 2, 21),
(60, 55, 123, 4, 22),
(60, 55, 126, 2, 23),
(60, 58, 113, 4, 24),
(61, 57, 97, 4, 1),
(61, 57, 96, 4, 2),
(61, 56, 47, 1, 3),
(61, 57, 98, 1, 4),
(61, 56, 116, 4, 5),
(61, 52, 96, 4, 6),
(61, 55, 135, 1, 7),
(61, 52, 102, 4, 8),
(61, 59, 123, 1, 9),
(61, 54, 136, 1, 10),
(61, 1005, 20, 1, 11),
(61, 54, 149, 4, 12),
(61, 56, 102, 2, 13),
(61, 58, 112, 3, 14),
(61, 55, 119, 1, 15),
(61, 52, 94, 2, 16),
(61, 53, 116, 2, 17),
(61, 57, 92, 1, 18),
(61, 59, 121, 3, 19),
(61, 51, 91, 3, 20),
(61, 55, 127, 4, 21),
(61, 59, 132, 9, 22),
(62, 57, 97, 3, 1),
(62, 57, 96, 3, 2),
(62, 58, 136, 1, 3),
(62, 53, 51, 1, 4),
(62, 53, 50, 1, 5),
(62, 56, 116, 4, 6),
(62, 52, 96, 4, 7),
(62, 52, 102, 4, 8),
(62, 59, 123, 1, 9),
(62, 55, 117, 3, 10),
(62, 54, 149, 4, 11),
(62, 56, 102, 2, 12),
(62, 58, 112, 3, 13),
(62, 55, 119, 3, 14),
(62, 52, 94, 2, 15),
(62, 53, 116, 1, 16),
(62, 57, 92, 1, 17),
(62, 59, 121, 3, 18),
(62, 55, 120, 1, 19),
(62, 51, 91, 2, 20),
(62, 55, 127, 4, 21),
(62, 59, 132, 9, 22),
(63, 59, 93, 2, 1),
(63, 59, 92, 3, 2),
(63, 59, 96, 1, 3),
(63, 59, 146, 1, 4),
(63, 60, 109, 2, 5),
(63, 60, 103, 2, 6),
(63, 51, 98, 2, 8),
(63, 57, 20, 1, 9),
(63, 54, 142, 1, 10),
(63, 56, 116, 3, 11),
(63, 52, 96, 4, 12),
(63, 55, 135, 3, 13),
(63, 59, 127, 1, 14),
(63, 54, 147, 1, 15),
(63, 55, 128, 1, 16),
(63, 51, 89, 2, 17),
(63, 51, 88, 1, 18),
(63, 52, 102, 2, 19),
(63, 1005, 20, 1, 20),
(63, 60, 104, 2, 21),
(63, 56, 121, 3, 22),
(63, 59, 121, 3, 23),
(63, 53, 116, 2, 24),
(63, 60, 97, 1, 25),
(63, 59, 117, 4, 26),
(63, 51, 92, 2, 27),
(63, 59, 131, 1, 28),
(63, 59, 140, 7, 29),
(63, 59, 134, 1, 30),
(64, 57, 97, 3, 1),
(64, 57, 96, 3, 2),
(64, 53, 51, 1, 3),
(64, 53, 50, 1, 4),
(64, 56, 116, 4, 5),
(64, 52, 96, 4, 6),
(64, 52, 102, 4, 7),
(64, 59, 123, 1, 8),
(64, 55, 117, 4, 9),
(64, 54, 149, 4, 10),
(64, 56, 102, 2, 11),
(64, 58, 112, 3, 12),
(64, 55, 119, 3, 13),
(64, 52, 94, 2, 14),
(64, 55, 120, 1, 15),
(64, 53, 116, 1, 16),
(64, 57, 92, 1, 17),
(64, 59, 121, 3, 18),
(64, 51, 91, 2, 19),
(64, 55, 127, 4, 20),
(64, 59, 132, 9, 21),
(65, 53, 120, 2, 1),
(65, 52, 11, 3, 2),
(65, 57, 7, 3, 3),
(65, 59, 55, 3, 4),
(65, 59, 54, 4, 5),
(65, 54, 63, 2, 6),
(65, 60, 39, 2, 7),
(65, 60, 38, 2, 8),
(65, 56, 116, 4, 9),
(65, 52, 96, 4, 10),
(65, 55, 135, 1, 11),
(65, 54, 137, 1, 12),
(65, 51, 89, 4, 13),
(65, 52, 102, 2, 14),
(65, 59, 116, 3, 15),
(65, 60, 96, 1, 16),
(65, 54, 136, 1, 17),
(65, 54, 149, 2, 18),
(65, 1006, 36, 2, 19),
(65, 60, 97, 2, 20),
(65, 59, 121, 2, 21),
(65, 56, 99, 4, 22),
(65, 5005, 28, 2, 23),
(65, 51, 92, 4, 24),
(66, 54, 31, 3, 1),
(66, 54, 30, 1, 2),
(66, 54, 29, 4, 3),
(66, 54, 142, 3, 4),
(66, 55, 95, 3, 5),
(66, 56, 33, 1, 6),
(66, 59, 44, 1, 7),
(66, 56, 116, 4, 8),
(66, 52, 96, 3, 9),
(66, 55, 135, 2, 10),
(66, 55, 128, 1, 11),
(66, 52, 102, 4, 12),
(66, 51, 89, 2, 13),
(66, 59, 123, 1, 14),
(66, 56, 103, 3, 15),
(66, 54, 149, 3, 16),
(66, 52, 100, 4, 17),
(66, 1006, 36, 1, 18),
(66, 56, 121, 1, 19),
(66, 60, 97, 2, 20),
(66, 5005, 28, 3, 21),
(66, 59, 134, 8, 22),
(66, 59, 135, 2, 23),
(67, 54, 144, 3, 1),
(67, 55, 133, 2, 2),
(67, 60, 102, 2, 3),
(67, 51, 98, 2, 4),
(67, 57, 96, 1, 5),
(67, 58, 137, 1, 6),
(67, 60, 70, 1, 7),
(67, 56, 116, 4, 8),
(67, 52, 96, 4, 9),
(67, 55, 135, 3, 10),
(67, 54, 137, 1, 11),
(67, 52, 102, 3, 12),
(67, 52, 99, 2, 13),
(67, 56, 121, 4, 14),
(67, 54, 135, 4, 15),
(67, 59, 121, 4, 16),
(67, 55, 123, 4, 17),
(67, 55, 126, 3, 18),
(67, 51, 92, 4, 19),
(67, 51, 93, 4, 20),
(67, 59, 131, 2, 21),
(67, 59, 137, 2, 22),
(68, 59, 144, 3, 1),
(68, 59, 78, 1, 2),
(68, 53, 54, 2, 3),
(68, 53, 53, 2, 4),
(68, 52, 107, 1, 5),
(68, 56, 67, 1, 6),
(68, 5005, 61, 1, 7),
(68, 52, 62, 1, 8),
(68, 57, 98, 1, 9),
(68, 56, 116, 4, 10),
(68, 52, 96, 4, 11),
(68, 55, 135, 1, 12),
(68, 54, 137, 1, 13),
(68, 52, 102, 4, 14),
(68, 59, 123, 1, 15),
(68, 55, 117, 2, 16),
(68, 52, 93, 4, 17),
(68, 60, 104, 1, 18),
(68, 1006, 36, 1, 19),
(68, 54, 135, 1, 20),
(68, 59, 121, 3, 21),
(68, 56, 99, 3, 22),
(68, 55, 123, 4, 23),
(68, 55, 126, 2, 24),
(68, 51, 92, 3, 25),
(68, 59, 138, 8, 26),
(69, 56, 110, 2, 1),
(69, 56, 111, 4, 2),
(69, 56, 31, 3, 3),
(69, 56, 112, 2, 4),
(69, 56, 116, 4, 5),
(69, 52, 96, 4, 6),
(69, 55, 135, 2, 7),
(69, 56, 105, 2, 8),
(69, 52, 102, 2, 9),
(69, 54, 149, 3, 10),
(69, 55, 119, 3, 11),
(69, 60, 104, 2, 12),
(69, 56, 121, 1, 13),
(69, 55, 129, 1, 14),
(69, 54, 135, 3, 15),
(69, 60, 97, 1, 16),
(69, 59, 121, 4, 17),
(69, 55, 123, 2, 18),
(69, 55, 126, 1, 19),
(69, 5005, 28, 1, 20),
(69, 55, 127, 4, 21),
(69, 51, 93, 4, 22),
(69, 59, 131, 4, 23),
(69, 53, 118, 1, 24),
(70, 59, 144, 2, 1),
(70, 53, 54, 3, 2),
(70, 53, 53, 3, 3),
(70, 52, 107, 2, 4),
(70, 51, 98, 3, 5),
(70, 56, 116, 4, 6),
(70, 52, 96, 2, 7),
(70, 55, 135, 2, 8),
(70, 59, 127, 2, 9),
(70, 54, 147, 2, 10),
(70, 54, 137, 1, 11),
(70, 52, 102, 3, 12),
(70, 54, 149, 2, 13),
(70, 52, 93, 2, 14),
(70, 60, 104, 2, 15),
(70, 53, 116, 2, 16),
(70, 59, 121, 3, 17),
(70, 59, 119, 2, 18),
(70, 56, 99, 3, 19),
(70, 55, 123, 2, 20),
(70, 55, 126, 1, 21),
(70, 51, 92, 4, 22),
(70, 59, 138, 8, 23),
(71, 59, 93, 2, 1),
(71, 59, 92, 2, 2),
(71, 56, 110, 2, 3),
(71, 56, 111, 3, 4),
(71, 56, 31, 2, 5),
(71, 56, 67, 1, 6),
(71, 57, 97, 1, 7),
(71, 57, 96, 1, 8),
(71, 54, 144, 1, 9),
(71, 55, 133, 1, 10),
(71, 53, 124, 1, 11),
(71, 56, 116, 4, 12),
(71, 52, 96, 4, 13),
(71, 55, 135, 2, 14),
(71, 59, 127, 2, 15),
(71, 52, 102, 3, 16),
(71, 1005, 20, 1, 17),
(71, 54, 149, 1, 18),
(71, 55, 119, 2, 19),
(71, 60, 104, 1, 20),
(71, 57, 95, 1, 21),
(71, 56, 121, 2, 22),
(71, 53, 116, 3, 23),
(71, 59, 121, 3, 24),
(71, 59, 117, 2, 25),
(71, 55, 127, 4, 26),
(71, 51, 93, 4, 27),
(71, 59, 131, 4, 28),
(72, 59, 144, 2, 1),
(72, 59, 78, 2, 2),
(72, 53, 54, 2, 3),
(72, 53, 53, 3, 4),
(72, 52, 107, 2, 5),
(72, 56, 67, 1, 6),
(72, 53, 110, 1, 7),
(72, 52, 62, 1, 8),
(72, 56, 116, 4, 9),
(72, 52, 96, 4, 10),
(72, 55, 135, 2, 11),
(72, 59, 127, 2, 12),
(72, 52, 102, 3, 13),
(72, 52, 93, 3, 14),
(72, 60, 104, 2, 15),
(72, 52, 94, 2, 16),
(72, 56, 121, 1, 17),
(72, 55, 129, 1, 18),
(72, 55, 120, 1, 19),
(72, 59, 121, 3, 20),
(72, 56, 99, 3, 21),
(72, 55, 123, 3, 22),
(72, 55, 126, 1, 23),
(72, 51, 92, 3, 24),
(72, 59, 138, 8, 25),
(73, 32, 4, 4, 1),
(73, 32, 58, 3, 2),
(73, 32, 93, 4, 3),
(73, 32, 5, 1, 4),
(73, 32, 76, 1, 5),
(73, 25, 37, 2, 6),
(73, 26, 21, 2, 7),
(73, 29, 72, 2, 8),
(73, 29, 73, 3, 9),
(73, 28, 85, 1, 10),
(73, 26, 91, 1, 11),
(73, 26, 93, 3, 12),
(73, 26, 97, 2, 13),
(73, 26, 98, 4, 14),
(73, 31, 83, 1, 15),
(73, 24, 83, 3, 16),
(73, 2002, 8, 1, 17),
(73, 29, 74, 3, 18),
(73, 27, 72, 4, 19),
(73, 23, 95, 3, 20),
(73, 24, 87, 1, 21),
(73, 24, 103, 11, 22),
(74, 30, 92, 3, 1),
(74, 28, 7, 2, 2),
(74, 30, 42, 2, 3),
(74, 28, 84, 4, 4),
(74, 26, 109, 2, 5),
(74, 26, 110, 1, 6),
(74, 26, 68, 3, 7),
(74, 31, 92, 1, 8),
(74, 29, 18, 1, 9),
(74, 29, 61, 1, 10),
(74, 32, 43, 1, 11),
(74, 28, 44, 4, 12),
(74, 26, 71, 1, 13),
(74, 28, 85, 2, 14),
(74, 26, 93, 2, 15),
(74, 26, 95, 1, 16),
(74, 26, 97, 1, 17),
(74, 26, 98, 4, 18),
(74, 30, 73, 2, 19),
(74, 27, 73, 1, 20),
(74, 25, 89, 2, 21),
(74, 24, 83, 4, 22),
(74, 29, 85, 2, 23),
(74, 25, 93, 1, 24),
(74, 23, 85, 1, 25),
(74, 27, 76, 1, 26),
(74, 24, 105, 6, 27),
(74, 24, 104, 4, 28),
(75, 25, 108, 4, 1),
(75, 25, 46, 4, 2),
(75, 32, 9, 1, 3),
(75, 26, 22, 1, 4),
(75, 31, 83, 1, 5),
(75, 30, 73, 2, 6),
(75, 25, 86, 3, 7),
(75, 24, 85, 2, 8),
(75, 29, 73, 1, 9),
(75, 30, 79, 1, 10),
(75, 25, 87, 4, 11),
(75, 29, 72, 3, 12),
(75, 32, 111, 3, 13),
(75, 25, 82, 4, 14),
(75, 32, 109, 4, 15),
(75, 29, 74, 1, 16),
(75, 23, 85, 1, 17),
(75, 23, 92, 2, 18),
(75, 27, 72, 2, 19),
(75, 23, 93, 4, 20),
(75, 25, 99, 4, 21),
(75, 24, 88, 4, 22),
(75, 32, 130, 4, 23),
(76, 30, 97, 2, 1),
(76, 31, 92, 4, 2),
(76, 27, 88, 2, 3),
(76, 26, 109, 3, 4),
(76, 26, 110, 1, 5),
(76, 25, 102, 1, 6),
(76, 26, 68, 4, 7),
(76, 31, 101, 1, 8),
(76, 29, 94, 1, 9),
(76, 30, 19, 1, 10),
(76, 28, 44, 1, 11),
(76, 26, 71, 1, 12),
(76, 28, 85, 1, 13),
(76, 26, 93, 2, 14),
(76, 26, 97, 1, 15),
(76, 26, 98, 4, 16),
(76, 25, 86, 2, 17),
(76, 25, 89, 3, 18),
(76, 24, 84, 1, 19),
(76, 29, 85, 3, 20),
(76, 26, 100, 4, 21),
(76, 27, 75, 1, 22),
(76, 24, 89, 2, 23),
(76, 24, 86, 3, 24),
(76, 24, 104, 7, 25),
(76, 24, 105, 4, 26),
(77, 53, 123, 3, 1),
(77, 52, 105, 1, 2),
(77, 50, 15, 1, 3),
(77, 50, 40, 4, 4),
(77, 50, 38, 4, 5),
(77, 54, 142, 2, 6),
(77, 56, 116, 4, 7),
(77, 50, 101, 4, 8),
(77, 55, 135, 3, 9),
(77, 55, 128, 1, 10),
(77, 51, 89, 4, 11),
(77, 52, 102, 4, 12),
(77, 48, 93, 1, 13),
(77, 50, 95, 2, 14),
(77, 49, 95, 3, 15),
(77, 56, 99, 4, 16),
(77, 5005, 28, 3, 17),
(77, 48, 108, 8, 18),
(77, 48, 106, 4, 19),
(78, 53, 120, 2, 1),
(78, 52, 11, 2, 2),
(78, 52, 10, 3, 3),
(78, 49, 47, 3, 4),
(78, 49, 46, 1, 5),
(78, 49, 43, 4, 6),
(78, 51, 59, 1, 7),
(78, 48, 48, 1, 8),
(78, 54, 63, 1, 9),
(78, 17, 61, 1, 10),
(78, 54, 142, 1, 11),
(78, 56, 116, 4, 12),
(78, 50, 101, 3, 13),
(78, 55, 135, 2, 14),
(78, 54, 137, 1, 15),
(78, 51, 89, 2, 16),
(78, 52, 102, 3, 17),
(78, 48, 99, 2, 18),
(78, 54, 136, 1, 19),
(78, 50, 95, 1, 20),
(78, 54, 149, 4, 21),
(78, 52, 100, 4, 22),
(78, 49, 95, 3, 23),
(78, 53, 116, 1, 24),
(78, 56, 99, 3, 25),
(78, 5005, 28, 2, 26),
(78, 51, 92, 4, 27),
(79, 52, 107, 4, 1),
(79, 52, 62, 3, 2),
(79, 54, 142, 2, 3),
(79, 56, 47, 1, 4),
(79, 56, 116, 4, 5),
(79, 50, 101, 4, 6),
(79, 54, 137, 1, 7),
(79, 52, 102, 3, 8),
(79, 52, 99, 3, 9),
(79, 48, 93, 1, 10),
(79, 55, 117, 2, 11),
(79, 52, 93, 4, 12),
(79, 48, 94, 3, 13),
(79, 49, 95, 4, 14),
(79, 52, 94, 2, 15),
(79, 53, 116, 1, 16),
(79, 52, 92, 2, 17),
(79, 55, 123, 4, 18),
(79, 55, 126, 2, 19),
(79, 48, 111, 10, 20),
(80, 56, 110, 2, 1),
(80, 56, 111, 4, 2),
(80, 56, 31, 4, 3),
(80, 56, 116, 4, 4),
(80, 50, 101, 4, 5),
(80, 55, 135, 2, 6),
(80, 54, 147, 1, 7),
(80, 54, 137, 1, 8),
(80, 56, 105, 2, 9),
(80, 52, 102, 1, 10),
(80, 48, 93, 1, 11),
(80, 54, 149, 3, 12),
(80, 55, 119, 3, 13),
(80, 49, 95, 4, 14),
(80, 48, 104, 3, 15),
(80, 56, 99, 2, 16),
(80, 55, 123, 4, 17),
(80, 55, 126, 2, 18),
(80, 55, 127, 4, 19),
(80, 51, 93, 4, 20),
(80, 48, 108, 2, 21),
(80, 48, 107, 3, 22),
(81, 52, 107, 3, 1),
(81, 51, 98, 3, 2),
(81, 50, 99, 2, 3),
(81, 44, 8, 2, 4),
(81, 45, 8, 2, 5),
(81, 48, 101, 3, 6),
(81, 43, 101, 4, 7),
(81, 50, 101, 2, 8),
(81, 44, 72, 1, 9),
(81, 52, 102, 2, 10),
(81, 52, 99, 2, 11),
(81, 46, 87, 4, 12),
(81, 52, 93, 4, 13),
(81, 49, 95, 3, 14),
(81, 44, 80, 2, 15),
(81, 44, 83, 2, 16),
(81, 43, 102, 2, 17),
(81, 50, 91, 3, 18),
(81, 43, 103, 3, 19),
(81, 51, 93, 2, 20),
(81, 43, 121, 7, 21),
(81, 43, 120, 2, 22),
(82, 51, 98, 4, 1),
(82, 50, 99, 3, 2),
(82, 48, 101, 4, 3),
(82, 43, 101, 4, 4),
(82, 50, 101, 3, 5),
(82, 44, 72, 3, 6),
(82, 52, 99, 3, 7),
(82, 46, 87, 4, 8),
(82, 48, 92, 1, 9),
(82, 43, 91, 1, 10),
(82, 49, 95, 4, 11),
(82, 47, 80, 1, 12),
(82, 44, 80, 3, 13),
(82, 49, 94, 1, 14),
(82, 43, 102, 4, 15),
(82, 51, 87, 2, 16),
(82, 50, 91, 2, 17),
(82, 45, 76, 1, 18),
(82, 43, 103, 4, 19),
(82, 43, 120, 8, 20),
(83, 51, 98, 3, 1),
(83, 52, 105, 1, 2),
(83, 48, 114, 1, 3),
(83, 50, 40, 3, 4),
(83, 52, 45, 4, 5),
(83, 45, 8, 2, 6),
(83, 48, 101, 4, 7),
(83, 43, 101, 2, 8),
(83, 50, 101, 4, 9),
(83, 44, 72, 3, 10),
(83, 51, 89, 2, 11),
(83, 52, 102, 1, 12),
(83, 52, 99, 1, 13),
(83, 46, 87, 4, 14),
(83, 50, 95, 1, 15),
(83, 49, 95, 3, 16),
(83, 44, 80, 2, 17),
(83, 49, 94, 3, 18),
(83, 43, 102, 3, 19),
(83, 51, 91, 1, 20),
(83, 43, 103, 4, 21),
(83, 43, 118, 8, 22),
(84, 59, 144, 3, 1),
(84, 59, 78, 2, 2),
(84, 56, 119, 2, 3),
(84, 58, 67, 2, 4),
(84, 58, 88, 1, 6),
(84, 58, 54, 1, 7),
(84, 61, 106, 1, 8),
(84, 56, 116, 4, 9),
(84, 5005, 100, 4, 10),
(84, 55, 135, 2, 11),
(84, 59, 127, 2, 12),
(84, 55, 128, 1, 13),
(84, 56, 122, 3, 14),
(84, 55, 117, 1, 15),
(84, 59, 123, 1, 16),
(84, 58, 112, 1, 17),
(84, 60, 104, 2, 18),
(84, 55, 120, 1, 19),
(84, 54, 135, 1, 20),
(84, 59, 121, 4, 21),
(84, 56, 99, 3, 22),
(84, 55, 123, 4, 23),
(84, 55, 126, 2, 24),
(84, 58, 113, 4, 25),
(84, 59, 138, 8, 26),
(85, 55, 72, 4, 1),
(85, 55, 71, 4, 2),
(85, 59, 55, 2, 3),
(85, 59, 54, 2, 4),
(85, 57, 20, 2, 5),
(85, 56, 47, 1, 6),
(85, 56, 116, 4, 7),
(85, 5005, 100, 3, 8),
(85, 61, 111, 4, 9),
(85, 54, 137, 1, 10),
(85, 56, 122, 3, 11),
(85, 59, 123, 1, 12),
(85, 55, 117, 1, 13),
(85, 60, 96, 1, 14),
(85, 60, 104, 2, 15),
(85, 55, 120, 1, 16),
(85, 54, 135, 1, 17),
(85, 60, 97, 1, 18),
(85, 59, 121, 3, 19),
(85, 57, 88, 2, 20),
(85, 56, 99, 4, 21),
(85, 61, 90, 3, 22),
(85, 58, 113, 2, 23),
(85, 61, 104, 4, 24),
(85, 59, 137, 4, 25),
(86, 59, 144, 3, 1),
(86, 59, 78, 2, 2),
(86, 56, 119, 2, 3),
(86, 58, 67, 2, 4),
(86, 58, 88, 1, 5),
(86, 58, 54, 1, 6),
(86, 61, 106, 1, 7),
(86, 57, 98, 1, 8),
(86, 56, 116, 4, 9),
(86, 5005, 100, 4, 10),
(86, 55, 135, 2, 11),
(86, 54, 137, 1, 12),
(86, 56, 122, 4, 13),
(86, 59, 123, 1, 14),
(86, 55, 117, 2, 15),
(86, 58, 112, 2, 16),
(86, 60, 104, 2, 17),
(86, 55, 120, 1, 18),
(86, 54, 135, 1, 19),
(86, 59, 121, 3, 20),
(86, 56, 99, 2, 21),
(86, 55, 123, 4, 22),
(86, 55, 126, 2, 23),
(86, 58, 113, 4, 24),
(86, 59, 138, 8, 25),
(87, 55, 134, 3, 1),
(87, 56, 110, 2, 2),
(87, 56, 111, 4, 3),
(87, 56, 31, 1, 4),
(87, 56, 23, 2, 5),
(87, 61, 80, 2, 6),
(87, 56, 116, 4, 7),
(87, 5005, 100, 2, 8),
(87, 55, 135, 2, 9),
(87, 59, 127, 1, 10),
(87, 55, 128, 1, 11),
(87, 56, 105, 1, 12),
(87, 56, 122, 2, 13),
(87, 4006, 11, 1, 14),
(87, 54, 149, 2, 15),
(87, 56, 102, 1, 16),
(87, 55, 119, 3, 17),
(87, 60, 104, 2, 18),
(87, 55, 120, 2, 19),
(87, 60, 97, 2, 20),
(87, 59, 121, 3, 21),
(87, 56, 100, 2, 22),
(87, 55, 127, 4, 23),
(87, 58, 113, 4, 24),
(87, 59, 131, 4, 25),
(87, 59, 135, 1, 26),
(87, 59, 134, 2, 27),
(88, 57, 97, 3, 1),
(88, 57, 96, 3, 2),
(88, 62, 32, 1, 3),
(88, 55, 53, 1, 4),
(88, 57, 98, 1, 5),
(88, 56, 116, 4, 6),
(88, 5005, 100, 4, 7),
(88, 55, 135, 1, 8),
(88, 62, 109, 3, 9),
(88, 56, 122, 4, 10),
(88, 59, 123, 1, 11),
(88, 54, 136, 1, 12),
(88, 58, 112, 3, 13),
(88, 54, 149, 4, 14),
(88, 56, 102, 1, 15),
(88, 60, 104, 1, 16),
(88, 62, 94, 2, 17),
(88, 55, 120, 1, 18),
(88, 54, 135, 2, 19),
(88, 61, 101, 1, 20),
(88, 57, 92, 1, 21),
(88, 59, 121, 3, 22),
(88, 55, 127, 4, 23),
(88, 59, 132, 10, 24),
(89, 12, 19, 4, 1),
(89, 6004, 1, 4, 2),
(89, 8, 12, 3, 3),
(89, 8, 20, 3, 4),
(89, 8, 96, 4, 5),
(89, 15, 138, 4, 6),
(89, 12, 108, 4, 7),
(89, 15, 125, 3, 8),
(89, 8, 100, 4, 9),
(89, 8, 93, 4, 10),
(89, 12, 104, 4, 11),
(89, 8, 19, 4, 12),
(89, 8, 109, 15, 13),
(90, 11, 7, 3, 1),
(90, 10, 8, 1, 2),
(90, 9, 5, 2, 3),
(90, 14, 87, 1, 4),
(90, 15, 66, 1, 5),
(90, 6004, 1, 2, 6),
(90, 12, 16, 2, 7),
(90, 12, 78, 2, 8),
(90, 8, 12, 2, 9),
(90, 8, 20, 2, 10),
(90, 8, 96, 4, 11),
(90, 13, 138, 2, 12),
(90, 15, 138, 2, 13),
(90, 12, 108, 4, 14),
(90, 14, 130, 2, 15),
(90, 12, 103, 3, 16),
(90, 14, 136, 1, 17),
(90, 8, 100, 3, 18),
(90, 13, 150, 1, 19),
(90, 13, 157, 1, 20),
(90, 8, 86, 3, 21),
(90, 8, 104, 4, 22),
(90, 14, 144, 4, 23),
(90, 14, 147, 1, 24),
(90, 8, 107, 5, 25),
(90, 8, 109, 2, 26),
(91, 13, 12, 4, 1),
(92, 19, 89, 2, 1),
(92, 16, 3, 3, 2),
(92, 16, 28, 2, 3),
(92, 16, 74, 4, 4),
(92, 18, 97, 1, 5),
(92, 16, 5, 2, 6),
(92, 16, 71, 2, 7),
(92, 19, 4, 1, 8),
(92, 19, 53, 1, 9),
(92, 20, 16, 1, 10),
(92, 20, 68, 1, 11),
(92, 17, 60, 4, 12),
(92, 20, 92, 4, 13),
(92, 13, 138, 4, 14),
(92, 15, 138, 3, 15),
(92, 13, 148, 1, 16),
(92, 15, 126, 1, 17),
(92, 14, 136, 1, 18),
(92, 17, 88, 4, 19),
(92, 13, 145, 1, 20),
(92, 13, 157, 1, 21),
(92, 17, 93, 3, 22),
(92, 14, 147, 1, 23),
(92, 13, 161, 10, 24),
(92, 13, 163, 2, 25),
(93, 19, 9, 4, 1),
(93, 19, 23, 4, 2),
(93, 19, 8, 2, 3),
(93, 19, 60, 2, 4),
(93, 19, 19, 2, 5),
(93, 19, 64, 1, 6),
(93, 20, 92, 3, 7),
(93, 13, 138, 2, 8),
(93, 18, 88, 3, 9),
(93, 15, 140, 3, 10),
(93, 19, 82, 4, 11),
(93, 19, 80, 2, 12),
(93, 19, 73, 2, 13),
(93, 13, 146, 3, 14),
(93, 18, 87, 2, 15),
(93, 13, 157, 1, 16),
(93, 20, 88, 3, 17),
(93, 19, 87, 4, 18),
(93, 14, 144, 2, 19),
(93, 13, 158, 4, 20),
(93, 13, 160, 6, 21),
(93, 13, 164, 1, 22),
(94, 19, 95, 2, 1),
(94, 16, 13, 3, 2),
(94, 16, 40, 3, 3),
(94, 16, 59, 4, 4),
(94, 19, 94, 1, 5),
(94, 17, 26, 1, 6),
(94, 16, 5, 2, 7),
(94, 16, 44, 2, 8),
(94, 18, 17, 2, 9),
(94, 18, 62, 2, 10),
(94, 17, 60, 2, 11),
(94, 20, 92, 2, 12),
(94, 13, 138, 2, 13),
(94, 15, 138, 3, 14),
(94, 13, 149, 1, 15),
(94, 15, 140, 2, 16),
(94, 14, 130, 1, 17),
(94, 13, 148, 2, 18),
(94, 17, 89, 1, 19),
(94, 17, 88, 2, 20),
(94, 20, 85, 1, 21),
(94, 13, 156, 1, 22),
(94, 13, 157, 1, 23),
(94, 17, 93, 4, 24),
(94, 13, 165, 13, 25),
(95, 17, 96, 2, 1),
(95, 16, 7, 2, 2),
(95, 16, 34, 3, 3),
(95, 17, 74, 4, 4),
(95, 16, 5, 2, 5),
(95, 17, 79, 2, 6),
(95, 18, 17, 2, 7),
(95, 18, 62, 2, 8),
(95, 17, 60, 4, 9),
(95, 20, 92, 1, 10),
(95, 15, 123, 2, 11),
(95, 15, 138, 4, 12),
(95, 13, 148, 3, 13),
(95, 14, 136, 1, 14),
(95, 17, 88, 2, 15),
(95, 13, 146, 3, 16),
(95, 13, 152, 1, 17),
(95, 13, 157, 1, 18),
(95, 14, 141, 1, 19),
(95, 20, 87, 1, 20),
(95, 20, 91, 1, 21),
(95, 14, 145, 4, 22),
(95, 13, 164, 10, 23),
(95, 13, 163, 2, 24),
(96, 20, 18, 3, 1),
(96, 20, 58, 3, 2),
(96, 14, 17, 4, 3),
(96, 14, 60, 3, 4),
(96, 14, 83, 4, 5),
(96, 17, 60, 4, 6),
(96, 20, 92, 4, 7),
(96, 13, 138, 3, 8),
(96, 13, 149, 1, 9),
(96, 18, 88, 3, 10),
(96, 17, 88, 3, 11),
(96, 20, 85, 2, 12),
(96, 13, 145, 1, 13),
(96, 13, 152, 2, 14),
(96, 15, 122, 1, 15),
(96, 20, 88, 3, 16),
(96, 19, 88, 3, 17),
(96, 14, 144, 4, 18),
(96, 17, 93, 4, 19),
(96, 13, 164, 5, 20),
(97, 20, 18, 3, 1),
(97, 20, 58, 4, 2),
(97, 20, 3, 3, 3),
(97, 15, 60, 3, 4),
(97, 20, 83, 4, 5),
(97, 15, 51, 1, 6),
(97, 20, 8, 1, 7),
(97, 20, 37, 1, 8),
(97, 17, 60, 2, 9),
(97, 20, 92, 2, 10),
(97, 13, 138, 2, 11),
(97, 13, 149, 2, 12),
(97, 15, 123, 2, 13),
(97, 15, 140, 2, 14),
(97, 17, 87, 1, 15),
(97, 17, 89, 2, 16),
(97, 15, 124, 1, 17),
(97, 15, 128, 1, 18),
(97, 17, 88, 2, 19),
(97, 20, 85, 2, 20),
(97, 13, 146, 1, 21),
(97, 20, 90, 1, 22),
(97, 13, 152, 2, 23),
(97, 20, 87, 1, 24),
(97, 20, 88, 1, 25),
(97, 19, 88, 3, 26),
(97, 14, 144, 1, 27),
(97, 17, 93, 2, 28),
(97, 13, 164, 7, 29),
(97, 13, 162, 2, 30),
(98, 19, 9, 4, 1),
(98, 19, 23, 4, 2),
(98, 19, 8, 2, 3),
(98, 19, 60, 2, 4),
(98, 19, 19, 2, 5),
(98, 19, 64, 1, 6),
(98, 20, 92, 3, 7),
(98, 13, 138, 2, 8),
(98, 18, 88, 2, 9),
(98, 15, 140, 3, 10),
(98, 19, 82, 3, 11),
(98, 19, 80, 3, 12),
(98, 19, 73, 2, 13),
(98, 13, 150, 2, 14),
(98, 18, 87, 2, 15),
(98, 13, 152, 3, 16),
(98, 20, 88, 2, 17),
(98, 19, 87, 4, 18),
(98, 14, 144, 2, 19),
(98, 13, 158, 4, 20),
(98, 13, 160, 7, 21),
(98, 13, 164, 1, 22),
(99, 19, 95, 3, 1),
(99, 16, 13, 2, 2),
(99, 16, 40, 3, 3),
(99, 16, 59, 4, 4),
(99, 17, 60, 4, 5),
(99, 20, 92, 4, 6),
(99, 13, 138, 1, 7),
(99, 13, 149, 2, 8),
(99, 18, 88, 3, 9),
(99, 15, 138, 4, 10),
(99, 15, 124, 4, 11),
(99, 13, 143, 2, 12),
(99, 15, 125, 1, 13),
(99, 17, 88, 4, 14),
(99, 13, 152, 1, 15),
(99, 20, 89, 2, 16),
(99, 13, 165, 16, 17),
(100, 19, 89, 2, 1),
(100, 16, 3, 3, 2),
(100, 16, 28, 3, 3),
(100, 16, 74, 4, 4),
(100, 18, 97, 2, 5),
(100, 16, 5, 2, 6),
(100, 17, 79, 2, 7),
(100, 17, 60, 4, 8),
(100, 20, 92, 3, 9),
(100, 13, 138, 2, 10),
(100, 13, 149, 1, 11),
(100, 18, 88, 1, 12),
(100, 15, 138, 4, 13),
(100, 14, 136, 1, 14),
(100, 17, 88, 3, 15),
(100, 20, 85, 1, 16),
(100, 13, 145, 1, 17),
(100, 13, 152, 1, 18),
(100, 13, 157, 2, 19),
(100, 20, 87, 1, 20),
(100, 18, 85, 1, 21),
(100, 17, 93, 3, 22),
(100, 13, 161, 11, 23),
(100, 13, 163, 2, 24),
(101, 19, 9, 4, 1),
(101, 19, 23, 4, 2),
(101, 19, 8, 2, 3),
(101, 19, 60, 2, 4),
(101, 19, 19, 2, 5),
(101, 19, 64, 1, 6),
(101, 20, 92, 2, 7),
(101, 13, 138, 2, 8),
(101, 13, 137, 1, 9),
(101, 18, 88, 3, 10),
(101, 15, 140, 3, 11),
(101, 19, 70, 1, 12),
(101, 19, 82, 2, 13),
(101, 19, 80, 2, 14),
(101, 19, 73, 2, 15),
(101, 13, 146, 3, 16),
(101, 18, 87, 1, 17),
(101, 13, 152, 1, 18),
(101, 13, 157, 2, 19),
(101, 20, 88, 2, 20),
(101, 19, 87, 4, 21),
(101, 14, 144, 1, 22),
(101, 13, 158, 4, 23),
(101, 13, 160, 7, 24),
(101, 13, 164, 2, 25),
(102, 19, 9, 4, 1),
(102, 19, 23, 4, 2),
(102, 19, 8, 3, 3),
(102, 19, 61, 2, 4),
(102, 19, 19, 3, 5),
(102, 19, 64, 2, 6),
(102, 20, 92, 3, 7),
(102, 13, 138, 2, 8),
(102, 18, 88, 2, 9),
(102, 15, 140, 4, 10),
(102, 19, 70, 2, 11),
(102, 19, 82, 2, 12),
(102, 19, 80, 2, 13),
(102, 19, 73, 1, 14),
(102, 18, 87, 2, 15),
(102, 13, 152, 1, 16),
(102, 13, 157, 2, 17),
(102, 20, 88, 2, 18),
(102, 19, 87, 4, 19),
(102, 14, 144, 2, 20),
(102, 13, 158, 3, 21),
(102, 13, 160, 6, 22),
(102, 13, 164, 2, 23),
(103, 19, 9, 4, 1),
(103, 19, 23, 4, 2),
(103, 19, 8, 3, 3),
(103, 19, 60, 2, 4),
(103, 19, 19, 2, 5),
(103, 19, 64, 2, 6),
(103, 20, 92, 3, 7),
(103, 13, 138, 2, 8),
(103, 18, 88, 4, 9),
(103, 15, 140, 2, 10),
(103, 19, 70, 1, 11),
(103, 19, 82, 4, 12),
(103, 19, 80, 2, 13),
(103, 19, 73, 2, 14),
(103, 13, 146, 1, 15),
(103, 13, 150, 1, 16),
(103, 18, 87, 1, 17),
(103, 20, 88, 3, 18),
(103, 19, 87, 4, 19),
(103, 14, 144, 2, 20),
(103, 13, 158, 4, 21),
(103, 13, 160, 6, 22),
(103, 13, 164, 1, 23),
(104, 20, 18, 4, 1),
(104, 20, 58, 4, 2),
(104, 17, 96, 1, 3),
(104, 16, 7, 2, 4),
(104, 16, 35, 1, 5),
(104, 16, 66, 2, 6),
(104, 16, 68, 1, 7),
(104, 20, 16, 1, 8),
(104, 20, 68, 1, 9),
(104, 17, 60, 4, 10),
(104, 20, 92, 3, 11),
(104, 13, 138, 3, 12),
(104, 13, 137, 2, 13),
(104, 15, 140, 3, 14),
(104, 13, 148, 3, 15),
(104, 17, 88, 4, 16),
(104, 20, 85, 1, 17),
(104, 13, 152, 2, 18),
(104, 19, 88, 4, 19),
(104, 14, 145, 2, 20),
(104, 17, 93, 4, 21),
(104, 13, 164, 8, 22),
(105, 21, 116, 4, 1),
(105, 23, 38, 3, 2),
(105, 23, 60, 4, 3),
(105, 20, 5, 1, 4),
(105, 20, 80, 4, 5),
(105, 20, 92, 2, 6),
(105, 21, 98, 1, 7),
(105, 17, 87, 1, 8),
(105, 19, 72, 4, 9),
(105, 23, 88, 2, 10),
(105, 24, 84, 2, 11),
(105, 22, 84, 3, 12),
(105, 21, 100, 1, 13),
(105, 24, 79, 2, 14),
(105, 21, 99, 3, 15),
(105, 16, 92, 2, 16),
(105, 24, 75, 2, 17),
(105, 23, 91, 2, 18),
(105, 16, 109, 17, 19),
(106, 24, 95, 4, 1),
(106, 24, 55, 4, 2),
(106, 17, 26, 1, 3),
(106, 23, 9, 4, 4),
(106, 20, 92, 3, 5),
(106, 22, 86, 3, 6),
(106, 18, 88, 3, 7),
(106, 17, 89, 3, 8),
(106, 22, 92, 4, 9),
(106, 24, 84, 2, 10),
(106, 16, 87, 2, 11),
(106, 22, 85, 3, 12),
(106, 16, 80, 4, 13),
(106, 20, 89, 2, 14),
(106, 19, 78, 2, 15),
(106, 16, 94, 4, 16),
(106, 16, 105, 8, 17),
(106, 16, 107, 4, 18),
(107, 22, 19, 3, 1),
(107, 22, 20, 1, 2),
(107, 22, 41, 2, 3),
(107, 22, 62, 4, 4),
(107, 21, 10, 2, 5),
(107, 21, 45, 1, 6),
(107, 21, 73, 2, 7),
(107, 20, 8, 2, 8),
(107, 17, 60, 3, 9),
(107, 20, 92, 4, 10),
(107, 22, 83, 2, 11),
(107, 22, 86, 1, 12),
(107, 13, 137, 4, 13),
(107, 21, 88, 2, 14),
(107, 24, 84, 1, 15),
(107, 22, 84, 1, 16),
(107, 17, 88, 4, 17),
(107, 20, 85, 2, 18),
(107, 20, 87, 1, 19),
(107, 20, 88, 2, 20),
(107, 22, 95, 2, 21),
(107, 23, 95, 3, 22),
(107, 16, 93, 4, 23),
(107, 22, 94, 2, 24),
(107, 23, 94, 3, 25),
(107, 16, 105, 2, 26),
(108, 23, 10, 3, 1),
(108, 17, 45, 2, 2),
(108, 17, 66, 3, 3),
(108, 23, 35, 1, 4),
(108, 23, 20, 2, 5),
(108, 23, 74, 2, 6),
(108, 20, 46, 2, 7),
(108, 20, 70, 2, 8),
(108, 23, 9, 1, 9),
(108, 17, 60, 4, 10),
(108, 20, 92, 3, 11),
(108, 22, 83, 2, 12),
(108, 22, 86, 2, 13),
(108, 21, 88, 4, 14),
(108, 22, 92, 2, 15),
(108, 17, 88, 3, 16),
(108, 20, 85, 1, 17),
(108, 16, 87, 2, 18),
(108, 19, 74, 1, 19),
(108, 23, 85, 1, 20),
(108, 20, 88, 2, 21),
(108, 23, 95, 2, 22),
(108, 19, 88, 3, 23),
(108, 23, 94, 3, 24),
(108, 16, 106, 7, 25),
(109, 21, 9, 4, 1),
(109, 21, 40, 3, 2),
(109, 21, 70, 4, 3),
(109, 21, 10, 3, 4),
(109, 21, 45, 2, 5),
(109, 21, 73, 3, 6),
(109, 20, 12, 1, 7),
(109, 20, 61, 1, 8),
(109, 20, 92, 2, 9),
(109, 22, 83, 4, 10),
(109, 22, 86, 2, 11),
(109, 21, 88, 4, 12),
(109, 21, 92, 3, 13),
(109, 17, 88, 4, 14),
(109, 18, 87, 1, 15),
(109, 20, 88, 4, 16),
(109, 19, 88, 4, 17),
(109, 23, 94, 3, 18),
(109, 16, 105, 2, 19),
(109, 16, 104, 6, 20),
(110, 21, 9, 4, 1),
(110, 21, 40, 3, 2),
(110, 21, 70, 4, 3),
(110, 21, 10, 3, 4),
(110, 21, 45, 2, 5),
(110, 21, 73, 3, 6),
(110, 20, 12, 1, 7),
(110, 20, 61, 1, 8),
(110, 20, 92, 3, 9),
(110, 22, 83, 3, 10),
(110, 22, 86, 2, 11),
(110, 21, 88, 4, 12),
(110, 21, 92, 3, 13),
(110, 17, 88, 4, 14),
(110, 18, 87, 1, 15),
(110, 20, 88, 4, 16),
(110, 19, 88, 4, 17),
(110, 23, 94, 2, 18),
(110, 16, 105, 3, 19),
(110, 16, 104, 6, 20),
(111, 21, 9, 4, 1),
(111, 21, 40, 3, 2),
(111, 21, 70, 4, 3),
(111, 21, 10, 3, 4),
(111, 21, 45, 2, 5),
(111, 21, 73, 3, 6),
(111, 20, 12, 1, 7),
(111, 20, 61, 1, 8),
(111, 20, 92, 3, 9),
(111, 22, 83, 3, 10),
(111, 22, 86, 2, 11),
(111, 21, 88, 4, 12),
(111, 21, 92, 3, 13),
(111, 17, 88, 4, 14),
(111, 18, 87, 1, 15),
(111, 20, 88, 4, 16),
(111, 19, 88, 4, 17),
(111, 23, 94, 2, 18),
(111, 16, 105, 3, 19),
(111, 16, 104, 6, 20),
(112, 24, 95, 4, 1),
(112, 24, 55, 2, 2),
(112, 18, 37, 2, 3),
(112, 17, 26, 1, 4),
(112, 23, 9, 4, 5),
(112, 20, 92, 2, 6),
(112, 22, 86, 4, 7),
(112, 18, 88, 4, 8),
(112, 17, 89, 3, 9),
(112, 22, 92, 4, 10),
(112, 24, 84, 1, 11),
(112, 22, 85, 4, 12),
(112, 16, 80, 4, 13),
(112, 20, 91, 1, 14),
(112, 19, 78, 4, 15),
(112, 16, 94, 4, 16),
(112, 16, 105, 8, 17),
(112, 16, 107, 4, 18),
(113, 22, 19, 3, 1),
(113, 22, 41, 2, 2),
(113, 22, 63, 3, 3),
(113, 21, 107, 2, 4),
(113, 24, 71, 2, 5),
(113, 23, 20, 1, 6),
(113, 23, 74, 1, 7),
(113, 21, 10, 1, 8),
(113, 21, 45, 1, 9),
(113, 21, 73, 1, 10),
(113, 23, 9, 1, 11),
(113, 22, 44, 1, 12),
(113, 17, 60, 3, 13),
(113, 20, 92, 1, 14),
(113, 22, 83, 3, 15),
(113, 22, 86, 2, 16),
(113, 18, 88, 2, 17),
(113, 21, 88, 4, 18),
(113, 22, 92, 3, 19),
(113, 22, 84, 1, 20),
(113, 17, 88, 3, 21),
(113, 22, 85, 4, 22),
(113, 20, 85, 1, 23),
(113, 23, 95, 4, 24),
(113, 16, 95, 2, 25),
(113, 16, 93, 4, 26),
(113, 23, 94, 4, 27),
(114, 22, 19, 3, 1),
(114, 22, 20, 1, 2),
(114, 22, 41, 4, 3),
(114, 22, 63, 4, 4),
(114, 23, 20, 2, 5),
(114, 23, 74, 2, 6),
(114, 17, 60, 4, 7),
(114, 20, 92, 4, 8),
(114, 22, 86, 4, 9),
(114, 18, 88, 4, 10),
(114, 21, 88, 2, 11),
(114, 22, 84, 1, 12),
(114, 21, 100, 1, 13),
(114, 20, 85, 2, 14),
(114, 18, 87, 1, 15),
(114, 19, 85, 1, 16),
(114, 20, 88, 3, 17),
(114, 22, 95, 3, 18),
(114, 23, 95, 2, 19),
(114, 19, 88, 1, 20),
(114, 16, 93, 4, 21),
(114, 23, 94, 1, 22),
(114, 16, 105, 6, 23),
(115, 21, 116, 2, 1),
(115, 23, 102, 2, 2),
(115, 23, 107, 1, 3),
(115, 21, 107, 3, 4),
(115, 20, 80, 3, 5),
(115, 21, 115, 1, 6),
(115, 22, 44, 4, 7),
(115, 20, 92, 3, 8),
(115, 22, 83, 2, 9),
(115, 18, 88, 4, 10),
(115, 22, 88, 2, 11),
(115, 23, 88, 4, 12),
(115, 22, 85, 3, 13),
(115, 21, 99, 3, 14),
(115, 16, 92, 1, 15),
(115, 24, 75, 4, 16),
(115, 23, 91, 1, 17),
(115, 16, 109, 10, 18),
(115, 16, 108, 7, 19),
(116, 23, 10, 2, 1),
(116, 23, 19, 1, 2),
(116, 17, 45, 2, 3),
(116, 17, 66, 3, 4),
(116, 23, 20, 2, 5),
(116, 23, 74, 2, 6),
(116, 20, 22, 2, 7),
(116, 20, 81, 2, 8),
(116, 23, 9, 1, 9),
(116, 17, 60, 3, 10),
(116, 20, 92, 3, 11),
(116, 22, 83, 1, 12),
(116, 22, 86, 2, 13),
(116, 18, 88, 3, 14),
(116, 21, 88, 4, 15),
(116, 22, 92, 3, 16),
(116, 22, 84, 1, 17),
(116, 17, 88, 3, 18),
(116, 18, 87, 1, 19),
(116, 20, 88, 4, 20),
(116, 23, 95, 2, 21),
(116, 19, 88, 3, 22),
(116, 16, 95, 3, 23),
(116, 23, 94, 3, 24),
(116, 16, 106, 4, 25),
(117, 22, 15, 3, 1),
(117, 22, 31, 2, 2),
(117, 22, 53, 3, 3),
(117, 22, 4, 3, 4),
(117, 21, 85, 3, 5),
(117, 22, 103, 2, 6),
(117, 17, 60, 3, 7),
(117, 20, 92, 2, 8),
(117, 22, 83, 2, 9),
(117, 13, 149, 3, 10),
(117, 22, 86, 1, 11),
(117, 22, 88, 2, 12),
(117, 21, 88, 1, 13),
(117, 17, 89, 1, 14),
(117, 22, 92, 2, 15),
(117, 24, 84, 1, 16),
(117, 22, 84, 1, 17),
(117, 17, 88, 2, 18),
(117, 16, 87, 2, 19),
(117, 18, 87, 2, 20),
(117, 19, 85, 1, 21),
(117, 16, 92, 1, 22),
(117, 22, 87, 2, 23),
(117, 22, 95, 3, 24),
(117, 16, 95, 4, 25),
(117, 16, 93, 4, 26),
(117, 22, 94, 4, 27),
(118, 25, 105, 2, 1),
(118, 21, 104, 3, 2),
(118, 21, 50, 2, 3),
(118, 21, 82, 3, 4),
(118, 25, 109, 1, 5),
(118, 22, 69, 1, 6),
(118, 23, 105, 1, 7),
(118, 21, 10, 2, 8),
(118, 21, 45, 1, 9),
(118, 21, 73, 2, 10),
(118, 23, 44, 4, 11),
(118, 26, 21, 2, 12),
(118, 26, 22, 3, 13),
(118, 20, 92, 2, 14),
(118, 22, 83, 2, 15),
(118, 22, 86, 4, 16),
(118, 21, 88, 3, 17),
(118, 25, 89, 1, 18),
(118, 22, 84, 2, 19),
(118, 24, 83, 4, 20),
(118, 27, 76, 3, 21),
(118, 25, 100, 1, 22),
(118, 24, 103, 11, 23),
(119, 26, 108, 2, 1),
(119, 26, 110, 1, 2),
(119, 26, 109, 1, 3),
(119, 25, 102, 2, 4),
(119, 25, 112, 2, 5),
(119, 26, 69, 4, 6),
(119, 21, 10, 3, 7),
(119, 21, 45, 2, 8),
(119, 21, 73, 3, 9),
(119, 26, 21, 2, 10),
(119, 20, 92, 1, 11),
(119, 22, 83, 1, 12),
(119, 22, 86, 3, 13),
(119, 21, 87, 2, 14),
(119, 21, 88, 2, 15),
(119, 25, 89, 2, 16),
(119, 22, 91, 4, 17),
(119, 22, 84, 1, 18),
(119, 24, 83, 3, 19),
(119, 20, 85, 1, 20),
(119, 23, 92, 2, 21),
(119, 27, 74, 2, 22),
(119, 27, 75, 2, 23),
(119, 26, 104, 2, 24),
(119, 26, 106, 3, 25),
(119, 24, 102, 3, 26),
(119, 24, 103, 4, 27),
(120, 23, 47, 3, 1),
(120, 27, 25, 1, 2),
(120, 23, 36, 3, 3),
(120, 27, 20, 1, 4),
(120, 27, 16, 1, 5),
(120, 20, 92, 2, 6),
(120, 22, 86, 2, 7),
(120, 25, 86, 3, 8),
(120, 28, 85, 1, 9),
(120, 26, 91, 1, 10),
(120, 26, 93, 3, 11),
(120, 26, 97, 1, 12),
(120, 26, 98, 4, 13),
(120, 21, 92, 3, 14),
(120, 22, 84, 1, 15),
(120, 21, 97, 3, 16),
(120, 21, 89, 4, 17),
(120, 25, 83, 2, 18),
(120, 25, 93, 1, 19),
(120, 27, 72, 3, 20),
(120, 20, 88, 3, 21),
(120, 21, 103, 4, 22),
(120, 26, 104, 3, 23),
(120, 24, 106, 6, 24),
(120, 24, 105, 1, 25),
(121, 23, 101, 3, 1),
(121, 23, 60, 4, 2),
(121, 27, 88, 4, 3),
(121, 24, 93, 1, 4),
(121, 20, 98, 1, 5),
(121, 27, 42, 1, 6),
(121, 27, 16, 1, 7),
(121, 26, 22, 2, 8),
(121, 22, 86, 4, 9),
(121, 25, 86, 1, 10),
(121, 18, 88, 4, 11),
(121, 25, 89, 4, 12),
(121, 26, 89, 4, 13),
(121, 24, 84, 3, 14),
(121, 22, 85, 2, 15),
(121, 21, 102, 2, 16),
(121, 24, 75, 3, 17),
(121, 27, 72, 1, 18),
(121, 21, 103, 4, 19),
(121, 24, 104, 11, 20),
(122, 27, 85, 3, 1),
(122, 29, 1, 1, 2),
(122, 29, 40, 4, 3),
(122, 23, 36, 2, 4),
(122, 27, 25, 2, 5),
(122, 23, 47, 1, 6),
(122, 26, 22, 1, 7),
(122, 30, 82, 2, 8),
(122, 25, 89, 2, 9),
(122, 24, 84, 2, 10),
(122, 29, 72, 2, 11),
(122, 28, 85, 2, 12),
(122, 26, 93, 2, 13),
(122, 26, 97, 1, 14);
INSERT INTO `decks_lists` (`deck_id`, `set_id`, `card_number`, `quantity`, `card_order`) VALUES
(122, 26, 98, 4, 15),
(122, 25, 84, 1, 16),
(122, 25, 88, 3, 17),
(122, 25, 93, 1, 18),
(122, 30, 72, 3, 19),
(122, 23, 85, 1, 20),
(122, 23, 92, 1, 21),
(122, 29, 75, 3, 22),
(122, 31, 79, 1, 23),
(122, 27, 81, 4, 24),
(122, 25, 99, 2, 25),
(122, 24, 105, 8, 26),
(122, 24, 106, 1, 27),
(123, 32, 4, 4, 1),
(123, 32, 58, 3, 2),
(123, 32, 93, 4, 3),
(123, 25, 37, 2, 4),
(123, 26, 21, 1, 5),
(123, 20, 92, 1, 6),
(123, 30, 73, 1, 7),
(123, 29, 73, 4, 8),
(123, 29, 72, 2, 9),
(123, 28, 85, 2, 10),
(123, 26, 91, 1, 11),
(123, 26, 93, 2, 12),
(123, 26, 97, 2, 13),
(123, 26, 98, 4, 14),
(123, 24, 83, 3, 15),
(123, 29, 74, 4, 16),
(123, 27, 72, 4, 17),
(123, 23, 95, 3, 18),
(123, 24, 87, 1, 19),
(123, 24, 103, 12, 20),
(124, 8, 5, 3, 1),
(124, 8, 32, 3, 2),
(124, 8, 81, 4, 3),
(124, 8, 13, 3, 4),
(124, 8, 20, 4, 5),
(124, 8, 96, 4, 6),
(124, 6, 114, 3, 7),
(124, 6, 126, 4, 9),
(124, 6, 118, 3, 10),
(124, 8, 100, 2, 11),
(124, 10, 60, 1, 12),
(124, 8, 86, 2, 13),
(124, 8, 84, 2, 14),
(124, 8, 19, 4, 15),
(124, 6, 132, 18, 16),
(125, 8, 25, 4, 1),
(125, 7, 15, 3, 2),
(125, 1, 20, 3, 3),
(125, 8, 24, 2, 4),
(125, 8, 20, 2, 5),
(125, 1, 88, 2, 6),
(125, 8, 96, 3, 7),
(125, 1, 71, 4, 8),
(125, 1, 74, 3, 9),
(125, 1, 75, 1, 10),
(125, 1, 93, 3, 11),
(125, 1, 79, 2, 12),
(125, 1, 92, 3, 13),
(125, 8, 93, 2, 14),
(125, 8, 86, 2, 15),
(125, 8, 84, 1, 16),
(125, 8, 97, 1, 17),
(125, 5, 17, 4, 18),
(125, 8, 104, 4, 19),
(125, 8, 19, 2, 20),
(125, 1, 100, 9, 21),
(126, 8, 17, 4, 1),
(126, 8, 47, 4, 2),
(126, 8, 57, 4, 3),
(126, 7, 1, 3, 4),
(126, 7, 62, 3, 5),
(126, 6, 76, 1, 6),
(126, 8, 22, 1, 7),
(126, 8, 20, 4, 8),
(126, 8, 96, 4, 9),
(126, 6, 114, 3, 10),
(126, 7, 116, 2, 11),
(126, 5, 77, 2, 12),
(126, 7, 17, 1, 13),
(126, 8, 100, 4, 14),
(126, 8, 86, 3, 15),
(126, 7, 113, 2, 16),
(126, 6, 128, 15, 17),
(127, 8, 5, 3, 1),
(127, 8, 32, 4, 2),
(127, 8, 81, 4, 3),
(127, 9, 11, 1, 4),
(127, 6, 76, 1, 5),
(127, 8, 12, 1, 6),
(127, 8, 23, 2, 7),
(127, 8, 20, 3, 8),
(127, 8, 96, 4, 9),
(127, 6, 114, 4, 10),
(127, 6, 118, 3, 11),
(127, 6, 126, 3, 12),
(127, 8, 90, 1, 13),
(127, 8, 100, 4, 14),
(127, 8, 86, 3, 15),
(127, 6, 124, 1, 16),
(127, 6, 104, 2, 17),
(127, 6, 132, 16, 18),
(128, 33, 5, 4, 1),
(128, 33, 76, 4, 2),
(128, 36, 55, 3, 3),
(128, 31, 83, 1, 4),
(128, 33, 115, 2, 5),
(128, 30, 82, 2, 6),
(128, 29, 73, 4, 7),
(128, 34, 125, 2, 8),
(128, 29, 72, 4, 9),
(128, 31, 81, 1, 10),
(128, 32, 111, 2, 11),
(128, 33, 124, 1, 12),
(128, 31, 74, 4, 13),
(128, 32, 109, 3, 14),
(128, 29, 74, 4, 15),
(128, 29, 75, 4, 16),
(128, 30, 84, 4, 17),
(128, 28, 106, 10, 18),
(129, 36, 17, 4, 1),
(129, 36, 44, 2, 2),
(129, 32, 58, 1, 3),
(129, 32, 93, 3, 4),
(129, 36, 72, 1, 5),
(129, 32, 2, 1, 6),
(129, 32, 80, 1, 7),
(129, 30, 101, 1, 8),
(129, 35, 15, 3, 9),
(129, 35, 60, 2, 10),
(129, 36, 55, 2, 11),
(129, 29, 12, 1, 12),
(129, 28, 44, 1, 13),
(129, 31, 83, 3, 14),
(129, 30, 73, 1, 15),
(129, 29, 73, 2, 16),
(129, 33, 109, 2, 17),
(129, 34, 125, 2, 18),
(129, 29, 72, 1, 19),
(129, 33, 113, 2, 20),
(129, 28, 90, 4, 21),
(129, 29, 85, 1, 22),
(129, 29, 84, 3, 23),
(129, 29, 74, 3, 24),
(129, 36, 92, 3, 25),
(129, 30, 89, 3, 26),
(129, 29, 88, 1, 27),
(129, 28, 107, 6, 28),
(130, 36, 29, 4, 1),
(130, 36, 46, 4, 2),
(130, 36, 31, 4, 3),
(130, 36, 60, 4, 4),
(130, 34, 26, 1, 5),
(130, 34, 117, 1, 6),
(130, 29, 10, 1, 7),
(130, 31, 83, 4, 8),
(130, 30, 73, 2, 9),
(130, 29, 73, 4, 10),
(130, 34, 125, 4, 11),
(130, 29, 72, 4, 12),
(130, 31, 81, 2, 13),
(130, 29, 74, 4, 14),
(130, 29, 75, 4, 15),
(130, 28, 96, 4, 16),
(130, 28, 95, 1, 17),
(130, 32, 130, 3, 18),
(130, 28, 109, 4, 19),
(130, 28, 108, 1, 20),
(131, 34, 131, 1, 1),
(131, 34, 7, 3, 2),
(131, 34, 6, 2, 3),
(131, 34, 53, 2, 4),
(131, 34, 102, 4, 5),
(131, 29, 94, 1, 6),
(131, 32, 2, 1, 7),
(131, 32, 80, 1, 8),
(131, 31, 101, 1, 9),
(131, 35, 15, 2, 10),
(131, 35, 60, 2, 11),
(131, 31, 83, 2, 12),
(131, 33, 115, 2, 13),
(131, 29, 73, 4, 14),
(131, 33, 109, 2, 15),
(131, 34, 125, 4, 16),
(131, 28, 90, 4, 17),
(131, 29, 85, 2, 18),
(131, 29, 84, 2, 19),
(131, 33, 112, 2, 20),
(131, 36, 92, 4, 21),
(131, 30, 89, 3, 22),
(131, 29, 88, 4, 23),
(131, 31, 90, 1, 24),
(131, 28, 109, 3, 25),
(132, 40, 105, 1, 1),
(132, 40, 5, 2, 2),
(132, 34, 5, 1, 3),
(132, 40, 53, 2, 4),
(132, 34, 115, 4, 5),
(132, 40, 30, 1, 6),
(132, 40, 71, 1, 7),
(132, 37, 144, 1, 8),
(132, 36, 9, 1, 9),
(132, 35, 106, 1, 10),
(132, 35, 26, 1, 11),
(132, 35, 15, 2, 12),
(132, 35, 60, 2, 13),
(132, 37, 43, 1, 14),
(132, 37, 19, 1, 15),
(132, 35, 57, 2, 16),
(132, 34, 125, 4, 17),
(132, 33, 109, 4, 18),
(132, 38, 86, 2, 19),
(132, 35, 101, 2, 20),
(132, 38, 89, 4, 21),
(132, 33, 113, 1, 22),
(132, 35, 102, 4, 23),
(132, 39, 110, 3, 24),
(132, 36, 92, 4, 25),
(132, 40, 102, 1, 26),
(132, 32, 128, 3, 27),
(132, 32, 127, 3, 28),
(132, 32, 125, 1, 29),
(133, 40, 109, 2, 1),
(133, 40, 9, 2, 2),
(133, 39, 94, 1, 3),
(133, 39, 40, 2, 4),
(133, 5003, 41, 1, 5),
(133, 39, 77, 2, 6),
(133, 39, 47, 2, 7),
(133, 39, 41, 1, 8),
(133, 39, 122, 1, 9),
(133, 39, 7, 1, 10),
(133, 40, 8, 1, 11),
(133, 37, 27, 1, 12),
(133, 38, 48, 1, 13),
(133, 37, 146, 1, 14),
(133, 37, 43, 1, 15),
(133, 37, 19, 1, 16),
(133, 35, 57, 2, 17),
(133, 39, 105, 4, 18),
(133, 40, 96, 3, 19),
(133, 39, 117, 3, 20),
(133, 39, 118, 4, 21),
(133, 39, 116, 4, 22),
(133, 40, 88, 1, 23),
(133, 33, 109, 1, 24),
(133, 34, 125, 3, 25),
(133, 33, 113, 1, 26),
(133, 39, 106, 1, 27),
(133, 35, 100, 2, 28),
(133, 40, 101, 1, 29),
(133, 32, 126, 3, 30),
(133, 32, 127, 2, 31),
(133, 32, 129, 3, 32),
(134, 38, 18, 4, 1),
(134, 38, 40, 2, 2),
(134, 38, 62, 4, 3),
(134, 40, 30, 2, 4),
(134, 40, 73, 1, 5),
(134, 40, 71, 2, 6),
(134, 39, 66, 1, 7),
(134, 39, 47, 2, 8),
(134, 35, 15, 2, 9),
(134, 35, 60, 2, 10),
(134, 37, 146, 2, 11),
(134, 35, 57, 2, 12),
(134, 39, 109, 2, 13),
(134, 33, 109, 3, 14),
(134, 34, 125, 4, 15),
(134, 38, 86, 1, 16),
(134, 32, 111, 3, 17),
(134, 33, 113, 2, 18),
(134, 35, 102, 4, 19),
(134, 39, 118, 1, 20),
(134, 32, 116, 2, 21),
(134, 39, 104, 2, 22),
(134, 36, 92, 3, 23),
(134, 32, 127, 7, 24),
(135, 35, 13, 2, 1),
(135, 40, 15, 2, 2),
(135, 40, 66, 4, 3),
(135, 35, 93, 4, 4),
(135, 40, 109, 1, 5),
(135, 40, 9, 1, 6),
(135, 39, 47, 1, 7),
(135, 35, 15, 3, 8),
(135, 35, 60, 2, 9),
(135, 37, 19, 1, 10),
(135, 36, 55, 1, 11),
(135, 35, 57, 2, 12),
(135, 39, 105, 2, 13),
(135, 40, 96, 1, 14),
(135, 39, 118, 4, 15),
(135, 39, 116, 1, 16),
(135, 37, 131, 2, 17),
(135, 33, 109, 3, 18),
(135, 34, 125, 4, 19),
(135, 38, 86, 1, 20),
(135, 33, 113, 4, 21),
(135, 35, 102, 4, 22),
(135, 32, 116, 2, 23),
(135, 39, 104, 2, 24),
(135, 33, 118, 2, 25),
(135, 32, 123, 3, 26),
(135, 32, 126, 1, 27),
(136, 40, 109, 2, 1),
(136, 40, 9, 2, 2),
(136, 41, 145, 2, 3),
(136, 41, 60, 2, 4),
(136, 41, 56, 1, 5),
(136, 39, 122, 1, 6),
(136, 39, 7, 1, 7),
(136, 39, 47, 1, 8),
(136, 39, 41, 1, 9),
(136, 40, 8, 1, 10),
(136, 37, 146, 1, 11),
(136, 37, 43, 2, 12),
(136, 37, 19, 1, 13),
(136, 39, 105, 4, 14),
(136, 40, 96, 3, 15),
(136, 39, 117, 3, 16),
(136, 39, 118, 4, 17),
(136, 39, 116, 4, 18),
(136, 43, 101, 3, 19),
(136, 33, 109, 2, 20),
(136, 43, 97, 2, 21),
(136, 34, 125, 2, 22),
(136, 40, 88, 1, 23),
(136, 38, 86, 1, 24),
(136, 43, 98, 1, 25),
(136, 33, 113, 1, 26),
(136, 43, 103, 4, 27),
(136, 38, 95, 3, 28),
(136, 32, 126, 2, 29),
(136, 32, 130, 2, 30),
(137, 38, 19, 4, 1),
(137, 38, 65, 4, 2),
(137, 38, 48, 4, 3),
(137, 40, 109, 1, 4),
(137, 40, 9, 1, 5),
(137, 39, 47, 2, 6),
(137, 33, 4, 1, 7),
(137, 37, 19, 1, 8),
(137, 37, 34, 1, 9),
(137, 37, 43, 1, 10),
(137, 36, 49, 1, 11),
(137, 38, 57, 1, 12),
(137, 35, 98, 4, 13),
(137, 37, 131, 1, 14),
(137, 33, 109, 3, 15),
(137, 43, 97, 4, 16),
(137, 39, 115, 4, 17),
(137, 41, 140, 2, 18),
(137, 32, 115, 4, 19),
(137, 39, 118, 4, 20),
(137, 42, 87, 2, 21),
(137, 39, 104, 4, 22),
(137, 38, 94, 3, 23),
(137, 38, 95, 3, 24),
(138, 43, 6, 4, 1),
(138, 34, 65, 3, 2),
(138, 43, 67, 3, 3),
(138, 34, 90, 1, 4),
(138, 39, 47, 1, 5),
(138, 35, 15, 3, 6),
(138, 35, 60, 3, 7),
(138, 37, 43, 2, 8),
(138, 37, 77, 4, 9),
(138, 36, 49, 1, 10),
(138, 44, 78, 2, 11),
(138, 33, 109, 1, 12),
(138, 43, 97, 3, 13),
(138, 34, 125, 4, 14),
(138, 38, 86, 1, 15),
(138, 43, 98, 4, 16),
(138, 33, 113, 2, 17),
(138, 35, 102, 3, 18),
(138, 32, 109, 3, 19),
(138, 32, 116, 2, 20),
(138, 42, 87, 1, 21),
(138, 39, 104, 3, 22),
(138, 32, 123, 6, 23),
(139, 34, 131, 1, 1),
(139, 34, 7, 3, 2),
(139, 34, 6, 1, 3),
(139, 39, 51, 2, 4),
(139, 39, 89, 4, 5),
(139, 38, 20, 1, 6),
(139, 32, 86, 1, 7),
(139, 32, 2, 1, 8),
(139, 38, 35, 1, 9),
(139, 34, 86, 1, 10),
(139, 35, 15, 1, 11),
(139, 41, 89, 1, 12),
(139, 37, 140, 1, 13),
(139, 37, 19, 1, 14),
(139, 37, 43, 1, 15),
(139, 42, 32, 3, 16),
(139, 35, 57, 1, 17),
(139, 44, 78, 1, 18),
(139, 39, 109, 2, 19),
(139, 33, 109, 4, 20),
(139, 34, 125, 4, 21),
(139, 38, 86, 1, 22),
(139, 33, 113, 1, 23),
(139, 40, 92, 1, 24),
(139, 35, 102, 3, 25),
(139, 32, 116, 1, 26),
(139, 42, 87, 2, 27),
(139, 35, 100, 2, 28),
(139, 43, 103, 4, 29),
(139, 36, 92, 3, 30),
(139, 32, 127, 5, 31),
(139, 32, 128, 1, 32),
(140, 46, 96, 3, 1),
(140, 38, 6, 1, 2),
(140, 38, 42, 2, 3),
(140, 38, 66, 4, 4),
(140, 46, 93, 1, 5),
(140, 38, 106, 1, 6),
(140, 37, 36, 1, 7),
(140, 37, 19, 1, 8),
(140, 37, 43, 1, 9),
(140, 37, 77, 3, 10),
(140, 36, 49, 1, 11),
(140, 42, 32, 1, 12),
(140, 43, 97, 1, 13),
(140, 41, 139, 1, 14),
(140, 38, 89, 4, 15),
(140, 39, 114, 4, 16),
(140, 38, 86, 1, 17),
(140, 43, 98, 2, 18),
(140, 39, 115, 2, 19),
(140, 46, 87, 3, 20),
(140, 35, 102, 4, 21),
(140, 42, 87, 1, 22),
(140, 39, 104, 1, 23),
(140, 40, 94, 1, 24),
(140, 36, 92, 2, 25),
(140, 38, 94, 3, 26),
(140, 38, 95, 2, 27),
(140, 43, 118, 8, 28),
(141, 40, 109, 2, 1),
(141, 40, 9, 2, 2),
(141, 41, 145, 2, 3),
(141, 41, 60, 2, 4),
(141, 41, 56, 1, 5),
(141, 40, 12, 1, 6),
(141, 39, 47, 1, 7),
(141, 39, 17, 1, 8),
(141, 39, 41, 1, 9),
(141, 40, 8, 1, 10),
(141, 45, 10, 1, 11),
(141, 45, 48, 1, 12),
(141, 45, 8, 1, 13),
(141, 37, 146, 1, 14),
(141, 37, 43, 2, 15),
(141, 37, 19, 1, 16),
(141, 36, 49, 1, 17),
(141, 39, 105, 4, 18),
(141, 40, 96, 3, 19),
(141, 39, 117, 3, 20),
(141, 39, 118, 4, 21),
(141, 39, 116, 4, 22),
(141, 40, 89, 2, 23),
(141, 43, 97, 3, 24),
(141, 40, 88, 2, 25),
(141, 46, 89, 1, 26),
(141, 43, 103, 4, 27),
(141, 38, 95, 3, 28),
(141, 43, 118, 3, 29),
(141, 43, 121, 2, 30),
(142, 40, 109, 2, 1),
(142, 40, 9, 2, 2),
(142, 41, 145, 2, 3),
(142, 41, 60, 2, 4),
(142, 41, 56, 1, 5),
(142, 5003, 41, 1, 6),
(142, 39, 41, 1, 7),
(142, 39, 47, 2, 8),
(142, 40, 8, 1, 9),
(142, 45, 8, 1, 10),
(142, 37, 146, 1, 11),
(142, 37, 43, 2, 12),
(142, 37, 19, 1, 13),
(142, 36, 49, 1, 14),
(142, 39, 105, 4, 15),
(142, 40, 96, 3, 16),
(142, 39, 117, 3, 17),
(142, 39, 118, 4, 18),
(142, 39, 116, 4, 19),
(142, 43, 101, 2, 20),
(142, 40, 89, 1, 21),
(142, 43, 97, 2, 22),
(142, 40, 88, 1, 23),
(142, 38, 86, 1, 24),
(142, 43, 96, 1, 25),
(142, 46, 87, 1, 26),
(142, 47, 80, 2, 27),
(142, 43, 103, 4, 28),
(142, 38, 95, 3, 29),
(142, 43, 118, 3, 30),
(142, 43, 119, 1, 31),
(143, 57, 97, 3, 1),
(143, 57, 96, 3, 2),
(143, 56, 11, 2, 3),
(143, 56, 90, 2, 4),
(143, 56, 111, 1, 5),
(143, 56, 47, 1, 6),
(143, 57, 98, 1, 7),
(143, 56, 116, 4, 8),
(143, 52, 96, 4, 9),
(143, 55, 135, 1, 10),
(143, 54, 149, 4, 11),
(143, 56, 102, 2, 12),
(143, 56, 105, 1, 13),
(143, 52, 102, 3, 14),
(143, 54, 128, 1, 15),
(143, 54, 136, 1, 16),
(143, 1005, 20, 1, 17),
(143, 58, 112, 3, 18),
(143, 56, 121, 1, 19),
(143, 54, 135, 2, 20),
(143, 53, 116, 2, 21),
(143, 57, 92, 1, 22),
(143, 51, 91, 2, 23),
(143, 55, 127, 4, 24),
(143, 59, 132, 10, 25),
(144, 1, 7, 4, 1),
(144, 1, 20, 4, 2),
(144, 2, 10, 4, 3),
(144, 1, 88, 3, 4),
(144, 1, 91, 4, 5),
(144, 1, 71, 2, 6),
(144, 1, 74, 1, 7),
(144, 1, 93, 2, 8),
(144, 1, 79, 2, 9),
(144, 1, 92, 4, 10),
(144, 1, 84, 4, 11),
(144, 1, 78, 2, 12),
(144, 1, 95, 2, 13),
(144, 1, 81, 2, 14),
(144, 1, 96, 3, 15),
(144, 1, 97, 9, 16),
(144, 1, 100, 8, 17),
(145, 2, 16, 4, 1),
(145, 2, 54, 4, 2),
(145, 2, 10, 4, 3),
(145, 3, 3, 2, 4),
(145, 1, 3, 2, 5),
(145, 1, 88, 4, 6),
(145, 1, 91, 4, 7),
(145, 1, 71, 4, 8),
(145, 1, 74, 3, 9),
(145, 5, 77, 1, 10),
(145, 5, 16, 3, 11),
(145, 1, 75, 2, 12),
(145, 1, 93, 2, 13),
(145, 1, 84, 4, 14),
(145, 1, 78, 1, 15),
(145, 1, 96, 4, 16),
(145, 5, 81, 4, 17),
(145, 5, 82, 4, 18),
(145, 1, 99, 4, 19),
(146, 2, 16, 4, 1),
(146, 2, 54, 4, 2),
(146, 2, 10, 4, 3),
(146, 3, 3, 2, 4),
(146, 1, 3, 2, 5),
(146, 1, 88, 4, 6),
(146, 1, 91, 4, 7),
(146, 1, 71, 4, 8),
(146, 1, 74, 3, 9),
(146, 5, 77, 1, 10),
(146, 5, 16, 3, 11),
(146, 1, 75, 2, 12),
(146, 1, 93, 2, 13),
(146, 1, 84, 4, 14),
(146, 1, 78, 1, 15),
(146, 1, 96, 4, 16),
(146, 5, 81, 4, 17),
(146, 5, 82, 4, 18),
(146, 1, 99, 4, 19),
(147, 2, 16, 4, 1),
(147, 2, 54, 4, 2),
(147, 1, 7, 4, 3),
(147, 2, 10, 4, 4),
(147, 1, 88, 4, 5),
(147, 1, 91, 4, 6),
(147, 1, 71, 3, 7),
(147, 1, 74, 3, 8),
(147, 1, 93, 2, 9),
(147, 1, 84, 4, 10),
(147, 6, 122, 2, 11),
(147, 1, 78, 3, 12),
(147, 1, 95, 2, 13),
(147, 1, 96, 4, 14),
(147, 1, 97, 7, 15),
(147, 1, 99, 6, 16),
(148, 3, 39, 4, 1),
(148, 2, 38, 3, 2),
(148, 6, 22, 1, 3),
(148, 2, 10, 3, 4),
(148, 1, 3, 1, 5),
(148, 1, 88, 4, 6),
(148, 1, 91, 1, 7),
(148, 1, 71, 3, 8),
(148, 1, 74, 3, 9),
(148, 5, 77, 1, 10),
(148, 1, 75, 2, 11),
(148, 1, 93, 1, 12),
(148, 1, 79, 2, 13),
(148, 1, 92, 4, 14),
(148, 1, 84, 4, 15),
(148, 5, 78, 1, 16),
(148, 1, 85, 2, 17),
(148, 1, 78, 4, 18),
(148, 1, 96, 4, 19),
(148, 1, 98, 12, 20),
(149, 2, 16, 3, 1),
(149, 2, 54, 4, 2),
(149, 5001, 3, 3, 3),
(149, 2, 10, 3, 4),
(149, 6, 42, 1, 5),
(149, 1, 88, 4, 6),
(149, 1, 91, 4, 7),
(149, 1, 71, 4, 8),
(149, 1, 74, 3, 9),
(149, 5, 77, 3, 10),
(149, 5, 16, 2, 11),
(149, 1, 75, 2, 12),
(149, 1, 93, 3, 13),
(149, 1, 84, 4, 14),
(149, 1, 78, 3, 15),
(149, 1, 96, 4, 16),
(149, 5, 81, 3, 17),
(149, 1, 101, 7, 18),
(150, 2, 16, 3, 1),
(150, 2, 54, 4, 2),
(150, 1, 7, 3, 3),
(150, 2, 10, 2, 4),
(150, 6, 42, 2, 5),
(150, 1, 88, 4, 6),
(150, 1, 91, 2, 7),
(150, 1, 71, 4, 8),
(150, 1, 74, 4, 9),
(150, 6, 19, 4, 10),
(150, 5, 16, 4, 11),
(150, 5, 76, 2, 12),
(150, 1, 93, 2, 13),
(150, 1, 92, 3, 14),
(150, 1, 84, 4, 15),
(150, 1, 78, 2, 16),
(150, 1, 96, 4, 17),
(150, 1, 97, 6, 18),
(150, 1, 99, 1, 19),
(151, 5001, 3, 3, 1),
(151, 5001, 9, 1, 2),
(151, 1, 7, 3, 3),
(151, 2, 38, 2, 4),
(151, 2, 10, 2, 5),
(151, 3, 3, 2, 6),
(151, 1, 88, 4, 7),
(151, 1, 91, 4, 8),
(151, 1, 71, 3, 9),
(151, 1, 74, 3, 10),
(151, 5, 77, 2, 11),
(151, 1, 75, 1, 12),
(151, 1, 79, 2, 13),
(151, 1, 92, 2, 14),
(151, 1, 93, 2, 15),
(151, 1, 84, 3, 16),
(151, 1, 78, 2, 17),
(151, 1, 95, 2, 18),
(151, 1, 96, 4, 19),
(151, 1, 101, 7, 20),
(151, 1, 97, 6, 21),
(152, 2, 16, 4, 1),
(152, 2, 54, 4, 2),
(152, 1, 7, 4, 3),
(152, 2, 10, 4, 4),
(152, 1, 88, 4, 5),
(152, 1, 91, 4, 6),
(152, 1, 71, 4, 7),
(152, 1, 74, 3, 8),
(152, 1, 75, 2, 9),
(152, 1, 93, 3, 10),
(152, 1, 84, 4, 11),
(152, 1, 78, 2, 12),
(152, 1, 81, 2, 13),
(152, 1, 96, 4, 14),
(152, 1, 97, 12, 15),
(153, 3, 39, 3, 1),
(153, 1, 7, 4, 2),
(153, 2, 10, 3, 3),
(153, 2, 38, 2, 4),
(153, 1, 88, 3, 5),
(153, 1, 91, 4, 6),
(153, 1, 71, 2, 7),
(153, 1, 74, 3, 8),
(153, 5, 77, 2, 9),
(153, 5, 16, 3, 10),
(153, 1, 75, 3, 11),
(153, 1, 79, 3, 12),
(153, 1, 92, 3, 13),
(153, 1, 93, 2, 14),
(153, 1, 78, 2, 15),
(153, 1, 81, 2, 16),
(153, 1, 96, 3, 17),
(153, 1, 97, 7, 18),
(153, 1, 98, 6, 19),
(154, 1, 7, 3, 1),
(154, 1, 20, 3, 2),
(154, 2, 10, 3, 3),
(154, 1, 27, 1, 4),
(154, 3, 3, 2, 5),
(154, 1, 3, 1, 6),
(154, 1, 88, 3, 7),
(154, 1, 71, 3, 8),
(154, 1, 74, 3, 9),
(154, 5, 77, 2, 10),
(154, 1, 75, 1, 11),
(154, 5, 76, 1, 12),
(154, 1, 79, 2, 13),
(154, 1, 92, 2, 14),
(154, 1, 93, 3, 15),
(154, 1, 84, 4, 16),
(154, 1, 78, 3, 17),
(154, 1, 95, 1, 18),
(154, 1, 81, 1, 19),
(154, 1, 96, 4, 20),
(154, 1, 97, 8, 21),
(154, 1, 100, 6, 22),
(155, 2, 16, 3, 1),
(155, 2, 54, 4, 2),
(155, 1, 7, 3, 3),
(155, 5001, 3, 3, 4),
(155, 2, 6, 2, 5),
(155, 1, 88, 3, 6),
(155, 1, 91, 4, 7),
(155, 1, 71, 2, 8),
(155, 1, 74, 2, 9),
(155, 5, 74, 2, 10),
(155, 5, 77, 1, 11),
(155, 5, 16, 3, 12),
(155, 1, 93, 2, 13),
(155, 1, 84, 4, 14),
(155, 1, 78, 3, 15),
(155, 1, 96, 4, 16),
(155, 1, 97, 7, 17),
(155, 1, 101, 8, 18),
(156, 2, 16, 4, 1),
(156, 2, 54, 4, 2),
(156, 1, 20, 4, 3),
(156, 2, 10, 4, 4),
(156, 1, 88, 4, 5),
(156, 1, 71, 4, 6),
(156, 1, 74, 3, 7),
(156, 5, 16, 3, 8),
(156, 1, 92, 3, 9),
(156, 1, 93, 3, 10),
(156, 1, 84, 4, 11),
(156, 1, 78, 3, 12),
(156, 1, 96, 4, 13),
(156, 5, 81, 4, 14),
(156, 1, 100, 9, 15),
(157, 2, 16, 3, 1),
(157, 2, 54, 3, 2),
(157, 1, 7, 2, 3),
(157, 5001, 3, 3, 4),
(157, 3, 33, 2, 5),
(157, 1, 88, 3, 6),
(157, 1, 91, 4, 7),
(157, 1, 71, 3, 8),
(157, 1, 74, 3, 9),
(157, 5, 77, 2, 10),
(157, 5, 16, 3, 11),
(157, 1, 79, 3, 12),
(157, 1, 92, 3, 13),
(157, 1, 93, 4, 14),
(157, 5, 78, 1, 15),
(157, 1, 78, 3, 16),
(157, 1, 96, 3, 17),
(157, 5, 17, 2, 18),
(157, 1, 97, 4, 19),
(157, 1, 101, 6, 20),
(158, 3, 39, 4, 1),
(158, 1, 7, 3, 2),
(158, 3, 3, 2, 3),
(158, 1, 3, 3, 4),
(158, 1, 88, 4, 5),
(158, 1, 91, 4, 6),
(158, 1, 71, 2, 7),
(158, 1, 74, 2, 8),
(158, 5, 77, 2, 9),
(158, 1, 79, 3, 10),
(158, 1, 92, 4, 11),
(158, 1, 93, 3, 12),
(158, 1, 78, 4, 13),
(158, 1, 96, 2, 14),
(158, 1, 98, 10, 15),
(158, 1, 97, 8, 16),
(159, 1, 2, 3, 1),
(159, 1, 63, 4, 2),
(159, 3, 2, 4, 3),
(159, 3, 10, 3, 4),
(159, 1, 88, 4, 5),
(159, 1, 91, 4, 6),
(159, 1, 71, 4, 7),
(159, 1, 77, 2, 8),
(159, 1, 76, 3, 9),
(159, 5, 16, 4, 10),
(159, 1, 84, 4, 11),
(159, 1, 80, 2, 12),
(159, 1, 102, 19, 13),
(160, 1, 20, 3, 1),
(160, 5001, 3, 3, 2),
(160, 2, 10, 4, 3),
(160, 3, 3, 2, 4),
(160, 1, 3, 2, 5),
(160, 1, 88, 4, 6),
(160, 1, 71, 4, 7),
(160, 1, 74, 3, 8),
(160, 5, 77, 3, 9),
(160, 5, 16, 3, 10),
(160, 1, 79, 3, 11),
(160, 1, 92, 3, 12),
(160, 1, 93, 2, 13),
(160, 1, 84, 2, 14),
(160, 1, 78, 3, 15),
(160, 1, 96, 4, 16),
(160, 1, 100, 6, 17),
(160, 1, 101, 6, 18),
(161, 2, 16, 4, 1),
(161, 2, 54, 4, 2),
(161, 2, 10, 4, 3),
(161, 3, 3, 2, 4),
(161, 1, 3, 2, 5),
(161, 1, 88, 4, 6),
(161, 1, 91, 4, 7),
(161, 1, 71, 4, 8),
(161, 1, 74, 4, 9),
(161, 1, 75, 2, 10),
(161, 1, 79, 3, 11),
(161, 1, 93, 3, 12),
(161, 1, 84, 4, 13),
(161, 1, 78, 2, 14),
(161, 1, 96, 4, 15),
(161, 5, 81, 4, 16),
(161, 1, 99, 6, 17),
(162, 1, 7, 3, 1),
(162, 1, 20, 3, 2),
(162, 2, 10, 3, 3),
(162, 3, 3, 2, 4),
(162, 1, 88, 4, 5),
(162, 1, 71, 3, 6),
(162, 1, 74, 3, 7),
(162, 5, 16, 2, 8),
(162, 1, 79, 3, 9),
(162, 1, 92, 3, 10),
(162, 1, 93, 3, 11),
(162, 1, 84, 4, 12),
(162, 1, 78, 3, 13),
(162, 1, 95, 1, 14),
(162, 1, 81, 2, 15),
(162, 1, 96, 4, 16),
(162, 1, 97, 7, 17),
(162, 1, 100, 7, 18),
(163, 2, 16, 3, 1),
(163, 2, 54, 4, 2),
(163, 1, 20, 3, 3),
(163, 2, 10, 2, 4),
(163, 3, 3, 3, 5),
(163, 1, 88, 4, 6),
(163, 1, 91, 4, 7),
(163, 1, 71, 2, 8),
(163, 1, 74, 2, 9),
(163, 5, 16, 3, 10),
(163, 1, 75, 2, 11),
(163, 1, 79, 3, 12),
(163, 1, 93, 3, 13),
(163, 1, 84, 3, 14),
(163, 1, 95, 2, 15),
(163, 1, 81, 2, 16),
(163, 1, 96, 4, 17),
(163, 5, 17, 2, 18),
(163, 1, 100, 9, 19),
(164, 2, 16, 4, 1),
(164, 2, 54, 4, 2),
(164, 5001, 3, 4, 3),
(164, 2, 10, 4, 4),
(164, 1, 88, 3, 5),
(164, 1, 91, 3, 6),
(164, 1, 71, 4, 7),
(164, 1, 74, 3, 8),
(164, 5, 16, 3, 9),
(164, 1, 75, 2, 10),
(164, 1, 93, 3, 11),
(164, 1, 84, 4, 12),
(164, 1, 78, 3, 13),
(164, 1, 96, 4, 14),
(164, 1, 101, 12, 15),
(165, 1, 7, 3, 1),
(165, 1, 20, 3, 2),
(165, 2, 10, 4, 3),
(165, 1, 88, 4, 4),
(165, 1, 91, 2, 5),
(165, 1, 71, 3, 6),
(165, 1, 74, 2, 7),
(165, 3, 59, 2, 8),
(165, 5, 77, 1, 9),
(165, 5, 16, 2, 10),
(165, 1, 79, 2, 11),
(165, 1, 92, 4, 12),
(165, 1, 93, 3, 13),
(165, 1, 84, 4, 14),
(165, 1, 78, 2, 15),
(165, 1, 95, 2, 16),
(165, 1, 81, 1, 17),
(165, 1, 96, 4, 18),
(165, 1, 97, 6, 19),
(165, 1, 100, 6, 20),
(166, 2, 16, 3, 1),
(166, 2, 54, 3, 2),
(166, 1, 7, 3, 3),
(166, 3, 39, 4, 4),
(166, 2, 10, 3, 5),
(166, 3, 3, 1, 6),
(166, 1, 88, 3, 7),
(166, 1, 91, 4, 8),
(166, 1, 71, 3, 9),
(166, 1, 79, 2, 10),
(166, 1, 92, 2, 11),
(166, 1, 93, 2, 12),
(166, 1, 84, 3, 13),
(166, 1, 78, 2, 14),
(166, 1, 95, 1, 15),
(166, 1, 96, 4, 16),
(166, 1, 97, 8, 17),
(166, 1, 98, 8, 18),
(166, 1, 99, 1, 19),
(167, 2, 16, 4, 1),
(167, 2, 54, 4, 2),
(167, 5001, 3, 4, 3),
(167, 2, 10, 4, 4),
(167, 1, 88, 4, 5),
(167, 1, 91, 3, 6),
(167, 1, 71, 3, 7),
(167, 1, 74, 4, 8),
(167, 5, 16, 4, 9),
(167, 1, 75, 2, 10),
(167, 1, 93, 2, 11),
(167, 1, 84, 4, 12),
(167, 5, 78, 2, 13),
(167, 1, 96, 4, 14),
(167, 1, 101, 12, 15),
(168, 1, 20, 3, 1),
(168, 3, 39, 3, 2),
(168, 5001, 3, 3, 3),
(168, 2, 10, 3, 4),
(168, 1, 88, 3, 5),
(168, 1, 91, 4, 6),
(168, 1, 79, 4, 7),
(168, 1, 92, 4, 8),
(168, 1, 93, 3, 9),
(168, 1, 84, 3, 10),
(168, 1, 85, 2, 11),
(168, 1, 95, 3, 12),
(168, 1, 96, 1, 13),
(168, 5, 17, 1, 14),
(168, 1, 100, 5, 15),
(168, 1, 98, 7, 16),
(168, 1, 101, 8, 17),
(169, 1, 20, 3, 1),
(169, 3, 39, 2, 2),
(169, 2, 6, 3, 3),
(169, 2, 10, 2, 4),
(169, 3, 3, 2, 5),
(169, 1, 88, 3, 6),
(169, 1, 91, 3, 7),
(169, 3, 60, 1, 8),
(169, 1, 71, 1, 9),
(169, 1, 74, 4, 10),
(169, 1, 75, 1, 11),
(169, 1, 79, 2, 12),
(169, 1, 92, 3, 13),
(169, 1, 93, 3, 14),
(169, 1, 84, 3, 15),
(169, 1, 78, 2, 16),
(169, 1, 81, 2, 17),
(169, 1, 96, 3, 18),
(169, 5, 17, 1, 19),
(169, 1, 100, 6, 20),
(169, 1, 98, 5, 21),
(169, 1, 101, 5, 22),
(170, 5001, 3, 4, 1),
(170, 1, 7, 3, 2),
(170, 2, 10, 4, 3),
(170, 1, 3, 2, 4),
(170, 1, 88, 4, 5),
(170, 1, 91, 2, 6),
(170, 1, 71, 2, 7),
(170, 1, 74, 2, 8),
(170, 5, 77, 1, 9),
(170, 5, 15, 1, 10),
(170, 5, 16, 2, 11),
(170, 1, 92, 3, 12),
(170, 1, 93, 2, 13),
(170, 1, 84, 3, 14),
(170, 4, 117, 2, 15),
(170, 1, 81, 1, 16),
(170, 1, 96, 4, 17),
(170, 5, 81, 2, 18),
(170, 5, 17, 4, 19),
(170, 1, 101, 7, 20),
(170, 1, 97, 5, 21),
(171, 1, 7, 4, 1),
(171, 1, 20, 3, 2),
(171, 2, 10, 4, 3),
(171, 2, 1, 3, 4),
(171, 1, 5, 3, 5),
(171, 1, 88, 3, 6),
(171, 1, 91, 4, 7),
(171, 1, 71, 2, 8),
(171, 5, 16, 2, 9),
(171, 1, 79, 3, 10),
(171, 1, 92, 2, 11),
(171, 1, 93, 4, 12),
(171, 1, 84, 2, 13),
(171, 1, 96, 1, 14),
(171, 1, 97, 12, 15),
(171, 1, 100, 8, 16),
(172, 1, 7, 3, 1),
(172, 1, 20, 3, 2),
(172, 2, 10, 4, 3),
(172, 3, 3, 2, 4),
(172, 1, 88, 3, 5),
(172, 1, 91, 4, 6),
(172, 1, 71, 3, 7),
(172, 1, 74, 1, 8),
(172, 1, 79, 3, 9),
(172, 1, 92, 4, 10),
(172, 1, 93, 2, 11),
(172, 1, 84, 3, 12),
(172, 1, 78, 2, 13),
(172, 1, 81, 1, 14),
(172, 1, 96, 4, 15),
(172, 1, 97, 9, 16),
(172, 1, 100, 9, 17),
(173, 2, 16, 3, 1),
(173, 2, 54, 3, 2),
(173, 1, 7, 3, 3),
(173, 3, 39, 3, 4),
(173, 2, 10, 3, 5),
(173, 3, 3, 2, 6),
(173, 1, 88, 3, 7),
(173, 1, 91, 3, 8),
(173, 1, 71, 2, 9),
(173, 1, 74, 2, 10),
(173, 1, 79, 3, 11),
(173, 1, 92, 3, 12),
(173, 1, 93, 2, 13),
(173, 1, 84, 4, 14),
(173, 1, 81, 1, 15),
(173, 1, 96, 4, 16),
(173, 1, 97, 8, 17),
(173, 1, 98, 8, 18),
(174, 1, 2, 4, 1),
(174, 1, 63, 4, 2),
(174, 3, 2, 2, 3),
(174, 5001, 22, 1, 4),
(174, 1, 88, 4, 5),
(174, 1, 91, 4, 6),
(174, 1, 71, 4, 7),
(174, 1, 74, 4, 8),
(174, 5, 77, 2, 9),
(174, 1, 76, 4, 10),
(174, 5, 16, 2, 11),
(174, 1, 93, 3, 12),
(174, 1, 84, 4, 13),
(174, 1, 95, 2, 14),
(174, 1, 102, 16, 15),
(175, 2, 16, 3, 1),
(175, 2, 54, 3, 2),
(175, 7, 15, 3, 3),
(175, 1, 20, 1, 4),
(175, 1, 7, 3, 5),
(175, 2, 10, 3, 6),
(175, 3, 3, 2, 7),
(175, 1, 3, 2, 8),
(175, 1, 88, 3, 9),
(175, 6, 114, 1, 10),
(175, 1, 71, 2, 11),
(175, 1, 74, 2, 12),
(175, 1, 93, 2, 13),
(175, 1, 84, 2, 14),
(175, 1, 78, 1, 15),
(175, 1, 95, 1, 16),
(175, 6, 103, 1, 17),
(175, 1, 96, 3, 18),
(175, 5, 81, 2, 19),
(175, 1, 97, 11, 20),
(175, 1, 100, 9, 21),
(176, 7, 15, 2, 1),
(176, 1, 20, 3, 2),
(176, 2, 10, 1, 3),
(176, 7, 69, 2, 4),
(176, 1, 88, 4, 5),
(176, 1, 91, 4, 6),
(176, 1, 71, 4, 7),
(176, 1, 74, 4, 8),
(176, 5, 77, 2, 9),
(176, 6, 19, 4, 10),
(176, 5, 16, 4, 11),
(176, 1, 75, 1, 12),
(176, 5, 76, 3, 13),
(176, 1, 84, 4, 14),
(176, 1, 78, 2, 15),
(176, 6, 103, 2, 16),
(176, 1, 96, 4, 17),
(176, 5, 81, 2, 18),
(176, 1, 100, 8, 19),
(177, 46, 96, 3, 1),
(177, 46, 43, 2, 2),
(177, 46, 68, 3, 3),
(177, 46, 98, 3, 4),
(177, 46, 84, 4, 5),
(177, 44, 85, 2, 6),
(177, 44, 40, 1, 7),
(177, 44, 49, 2, 8),
(177, 47, 18, 1, 9),
(177, 43, 33, 1, 10),
(177, 43, 17, 1, 11),
(177, 43, 101, 3, 12),
(177, 43, 90, 2, 13),
(177, 44, 78, 3, 14),
(177, 43, 97, 4, 15),
(177, 43, 98, 4, 16),
(177, 46, 87, 3, 17),
(177, 44, 82, 3, 18),
(177, 43, 99, 4, 19),
(177, 43, 102, 1, 20),
(177, 43, 118, 10, 21),
(178, 48, 113, 4, 1),
(178, 43, 110, 4, 2),
(178, 43, 49, 1, 3),
(178, 43, 61, 4, 4),
(178, 48, 101, 4, 5),
(178, 43, 101, 2, 6),
(178, 45, 77, 4, 7),
(178, 44, 75, 2, 8),
(178, 43, 97, 4, 9),
(178, 43, 100, 1, 10),
(178, 43, 98, 2, 11),
(178, 48, 102, 1, 12),
(178, 43, 96, 3, 13),
(178, 46, 87, 4, 14),
(178, 44, 82, 4, 15),
(178, 44, 80, 3, 16),
(178, 48, 92, 1, 17),
(178, 46, 90, 2, 18),
(178, 43, 116, 10, 19),
(179, 45, 24, 2, 1),
(179, 45, 27, 2, 2),
(179, 45, 60, 3, 3),
(179, 48, 57, 2, 4),
(179, 48, 56, 2, 5),
(179, 48, 55, 3, 6),
(179, 43, 107, 2, 7),
(179, 43, 77, 2, 8),
(179, 48, 114, 2, 9),
(179, 44, 94, 1, 10),
(179, 44, 95, 1, 11),
(179, 43, 106, 1, 12),
(179, 43, 58, 1, 13),
(179, 43, 28, 2, 14),
(179, 43, 17, 1, 15),
(179, 43, 101, 1, 16),
(179, 43, 90, 1, 17),
(179, 45, 77, 4, 18),
(179, 46, 89, 4, 19),
(179, 43, 97, 3, 20),
(179, 43, 98, 3, 21),
(179, 44, 82, 3, 22),
(179, 46, 88, 2, 23),
(179, 5005, 28, 1, 24),
(179, 43, 103, 4, 25),
(179, 43, 104, 4, 26),
(179, 43, 120, 2, 27),
(179, 43, 116, 1, 28),
(180, 46, 96, 3, 1),
(180, 46, 43, 1, 2),
(180, 46, 68, 3, 3),
(180, 48, 20, 2, 4),
(180, 48, 18, 1, 5),
(180, 48, 15, 3, 6),
(180, 48, 113, 2, 7),
(180, 45, 89, 1, 8),
(180, 45, 90, 1, 9),
(180, 43, 17, 2, 10),
(180, 43, 101, 3, 11),
(180, 46, 89, 3, 12),
(180, 43, 97, 4, 13),
(180, 43, 98, 4, 14),
(180, 46, 87, 3, 15),
(180, 44, 82, 4, 16),
(180, 43, 102, 2, 17),
(180, 43, 92, 1, 18),
(180, 48, 92, 2, 19),
(180, 46, 90, 2, 20),
(180, 43, 116, 9, 21),
(180, 43, 118, 4, 22),
(181, 46, 92, 3, 1),
(181, 51, 98, 3, 2),
(181, 50, 99, 2, 3),
(181, 52, 108, 1, 4),
(181, 44, 8, 1, 5),
(181, 45, 8, 2, 6),
(181, 48, 101, 3, 7),
(181, 43, 101, 4, 8),
(181, 50, 101, 1, 9),
(181, 44, 72, 4, 10),
(181, 52, 99, 3, 11),
(181, 48, 93, 1, 12),
(181, 48, 102, 1, 13),
(181, 46, 87, 4, 14),
(181, 49, 95, 3, 15),
(181, 44, 80, 2, 16),
(181, 48, 100, 1, 17),
(181, 43, 102, 3, 18),
(181, 48, 92, 1, 19),
(181, 50, 91, 2, 20),
(181, 51, 91, 2, 21),
(181, 43, 103, 4, 22),
(181, 43, 115, 6, 23),
(181, 43, 120, 3, 24),
(182, 1, 25, 2, 1),
(182, 1, 41, 2, 2),
(182, 2, 43, 2, 3),
(182, 2, 55, 3, 4),
(182, 2, 61, 1, 5),
(182, 1, 63, 1, 6),
(182, 2, 51, 2, 7),
(182, 1, 88, 1, 8),
(182, 1, 91, 1, 9),
(182, 1, 71, 1, 10),
(182, 1, 77, 1, 11),
(182, 1, 92, 1, 12),
(182, 1, 93, 2, 13),
(182, 1, 84, 1, 14),
(182, 1, 80, 1, 15),
(182, 1, 94, 2, 16),
(182, 1, 96, 1, 17),
(182, 1, 102, 8, 18),
(182, 1, 97, 7, 19),
(183, 8, 25, 2, 1),
(183, 14, 32, 3, 2),
(183, 2, 10, 3, 3),
(183, 8, 24, 2, 4),
(183, 9, 40, 1, 5),
(183, 8, 20, 3, 6),
(183, 1, 88, 4, 7),
(183, 13, 138, 4, 8),
(183, 1, 71, 3, 9),
(183, 14, 130, 1, 10),
(183, 1, 77, 3, 11),
(183, 14, 136, 1, 12),
(183, 1, 93, 4, 13),
(183, 8, 86, 3, 14),
(183, 8, 93, 3, 15),
(183, 8, 84, 2, 16),
(183, 1, 96, 3, 17),
(183, 5, 17, 3, 18),
(183, 8, 104, 4, 19),
(183, 8, 19, 4, 20),
(183, 1, 99, 4, 21),
(184, 46, 96, 3, 1),
(184, 38, 6, 1, 2),
(184, 38, 43, 2, 3),
(184, 38, 42, 1, 4),
(184, 38, 66, 3, 5),
(184, 38, 67, 1, 6),
(184, 37, 38, 2, 7),
(184, 39, 22, 1, 8),
(184, 39, 69, 1, 9),
(184, 37, 19, 1, 10),
(184, 37, 43, 1, 11),
(184, 42, 32, 4, 12),
(184, 36, 49, 1, 13),
(184, 44, 78, 4, 14),
(184, 46, 89, 2, 15),
(184, 40, 89, 2, 16),
(184, 43, 97, 4, 17),
(184, 38, 86, 1, 18),
(184, 41, 140, 3, 19),
(184, 44, 82, 2, 20),
(184, 40, 94, 2, 21),
(184, 46, 90, 2, 22),
(184, 38, 95, 2, 23),
(184, 43, 118, 6, 24),
(184, 43, 120, 8, 25),
(185, 55, 72, 4, 1),
(185, 55, 71, 4, 2),
(185, 62, 36, 3, 3),
(185, 58, 43, 2, 4),
(185, 61, 63, 1, 5),
(185, 56, 116, 4, 6),
(185, 5005, 100, 4, 7),
(185, 55, 135, 2, 8),
(185, 61, 111, 4, 9),
(185, 54, 137, 1, 10),
(185, 56, 122, 1, 11),
(185, 62, 109, 2, 12),
(185, 60, 104, 3, 13),
(185, 62, 102, 3, 14),
(185, 56, 99, 3, 15),
(185, 59, 121, 2, 16),
(185, 57, 88, 2, 17),
(185, 61, 90, 3, 18),
(185, 58, 113, 3, 19),
(185, 61, 104, 4, 20),
(185, 59, 137, 5, 21),
(186, 55, 72, 4, 1),
(186, 55, 71, 4, 2),
(186, 62, 36, 3, 3),
(186, 58, 43, 2, 4),
(186, 61, 63, 1, 5),
(186, 56, 116, 4, 6),
(186, 5005, 100, 4, 7),
(186, 55, 135, 2, 8),
(186, 61, 111, 4, 9),
(186, 54, 137, 1, 10),
(186, 56, 122, 1, 11),
(186, 62, 109, 2, 12),
(186, 60, 104, 3, 13),
(186, 62, 102, 3, 14),
(186, 56, 99, 3, 15),
(186, 59, 121, 2, 16),
(186, 57, 88, 2, 17),
(186, 61, 90, 3, 18),
(186, 58, 113, 3, 19),
(186, 61, 104, 4, 20),
(186, 59, 137, 5, 21),
(187, 55, 72, 4, 1),
(187, 55, 71, 4, 2),
(187, 62, 36, 3, 3),
(187, 58, 43, 2, 4),
(187, 61, 63, 1, 5),
(187, 56, 116, 4, 6),
(187, 5005, 100, 4, 7),
(187, 55, 135, 2, 8),
(187, 61, 111, 4, 9),
(187, 54, 137, 1, 10),
(187, 56, 122, 1, 11),
(187, 62, 109, 2, 12),
(187, 60, 104, 3, 13),
(187, 62, 102, 3, 14),
(187, 56, 99, 3, 15),
(187, 59, 121, 2, 16),
(187, 57, 88, 2, 17),
(187, 61, 90, 3, 18),
(187, 58, 113, 3, 19),
(187, 61, 104, 4, 20),
(187, 59, 137, 5, 21),
(188, 55, 72, 4, 1),
(188, 55, 71, 4, 2),
(188, 62, 36, 3, 3),
(188, 58, 43, 2, 4),
(188, 61, 63, 1, 5),
(188, 56, 116, 4, 6),
(188, 5005, 100, 4, 7),
(188, 55, 135, 2, 8),
(188, 61, 111, 4, 9),
(188, 54, 137, 1, 10),
(188, 56, 122, 1, 11),
(188, 62, 109, 2, 12),
(188, 60, 104, 3, 13),
(188, 62, 102, 3, 14),
(188, 56, 99, 3, 15),
(188, 59, 121, 2, 16),
(188, 57, 88, 2, 17),
(188, 61, 90, 3, 18),
(188, 58, 113, 3, 19),
(188, 61, 104, 4, 20),
(188, 59, 137, 5, 21),
(189, 55, 65, 4, 1),
(189, 57, 41, 3, 2),
(189, 56, 118, 1, 3),
(189, 57, 98, 1, 4),
(189, 56, 116, 4, 5),
(189, 5005, 100, 4, 6),
(189, 56, 122, 4, 7),
(189, 59, 125, 4, 8),
(189, 55, 117, 1, 9),
(189, 62, 109, 3, 10),
(189, 62, 118, 1, 11),
(189, 60, 104, 2, 12),
(189, 56, 107, 1, 13),
(189, 59, 121, 4, 14),
(189, 56, 99, 4, 15),
(189, 59, 119, 4, 16),
(189, 62, 97, 3, 17),
(189, 62, 93, 4, 18),
(189, 59, 136, 8, 19),
(190, 57, 97, 3, 1),
(190, 57, 96, 3, 2),
(190, 62, 33, 1, 3),
(190, 62, 32, 1, 4),
(190, 55, 53, 1, 5),
(190, 57, 98, 1, 6),
(190, 56, 116, 4, 7),
(190, 5005, 100, 4, 8),
(190, 55, 135, 1, 9),
(190, 62, 109, 3, 10),
(190, 56, 122, 4, 11),
(190, 59, 123, 1, 12),
(190, 54, 136, 1, 13),
(190, 58, 112, 3, 14),
(190, 54, 149, 4, 15),
(190, 56, 102, 1, 16),
(190, 60, 104, 1, 17),
(190, 62, 94, 2, 18),
(190, 55, 120, 1, 19),
(190, 54, 135, 2, 20),
(190, 57, 92, 1, 21),
(190, 59, 121, 3, 22),
(190, 55, 127, 4, 23),
(190, 59, 132, 10, 24),
(191, 52, 107, 4, 1),
(191, 52, 62, 2, 2),
(191, 56, 47, 1, 3),
(191, 56, 116, 4, 4),
(191, 52, 96, 4, 5),
(191, 52, 102, 3, 6),
(191, 52, 99, 3, 7),
(191, 54, 128, 1, 8),
(191, 55, 117, 4, 9),
(191, 55, 128, 1, 10),
(191, 52, 93, 4, 11),
(191, 52, 111, 3, 12),
(191, 56, 121, 1, 13),
(191, 55, 120, 1, 14),
(191, 53, 116, 2, 15),
(191, 52, 92, 3, 16),
(191, 56, 99, 2, 17),
(191, 55, 123, 4, 18),
(191, 55, 126, 2, 19),
(191, 59, 138, 11, 20),
(192, 59, 144, 3, 1),
(192, 59, 78, 2, 2),
(192, 58, 88, 2, 3),
(192, 61, 106, 2, 4),
(192, 57, 98, 1, 5),
(192, 56, 116, 4, 6),
(192, 5005, 100, 4, 7),
(192, 55, 135, 1, 8),
(192, 54, 149, 2, 9),
(192, 56, 102, 1, 10),
(192, 60, 104, 2, 11),
(192, 54, 137, 1, 12),
(192, 56, 122, 3, 13),
(192, 59, 123, 1, 14),
(192, 62, 109, 4, 15),
(192, 58, 112, 2, 16),
(192, 62, 94, 3, 17),
(192, 55, 120, 1, 18),
(192, 54, 135, 1, 19),
(192, 59, 121, 3, 20),
(192, 59, 119, 1, 21),
(192, 62, 97, 2, 22),
(192, 59, 126, 3, 23),
(192, 58, 113, 4, 24),
(192, 59, 138, 7, 25),
(193, 63, 50, 4, 1),
(193, 63, 49, 4, 2),
(193, 53, 119, 4, 3),
(193, 56, 47, 1, 4),
(193, 57, 98, 1, 5),
(193, 56, 116, 4, 6),
(193, 50, 101, 3, 7),
(193, 54, 149, 3, 8),
(193, 60, 104, 2, 9),
(193, 55, 128, 1, 10),
(193, 62, 109, 4, 11),
(193, 52, 102, 4, 12),
(193, 62, 92, 4, 13),
(193, 48, 104, 2, 14),
(193, 53, 116, 1, 15),
(193, 57, 88, 2, 16),
(193, 51, 91, 2, 17),
(193, 48, 107, 6, 18),
(193, 48, 110, 1, 19),
(193, 48, 106, 1, 20),
(193, 48, 105, 1, 21),
(193, 48, 108, 1, 22),
(193, 48, 109, 1, 23),
(193, 48, 111, 1, 24),
(193, 48, 112, 1, 25),
(193, 4006, 12, 1, 26),
(194, 62, 61, 4, 1),
(194, 62, 60, 4, 2),
(194, 62, 122, 3, 3),
(194, 62, 65, 1, 4),
(194, 61, 106, 1, 5),
(194, 51, 98, 1, 6),
(194, 57, 98, 1, 7),
(194, 56, 116, 4, 8),
(194, 50, 101, 3, 9),
(194, 55, 135, 2, 10),
(194, 63, 160, 1, 11),
(194, 62, 118, 1, 12),
(194, 60, 104, 2, 13),
(194, 54, 137, 1, 14),
(194, 62, 109, 4, 15),
(194, 52, 102, 4, 16),
(194, 51, 89, 3, 17),
(194, 49, 94, 1, 18),
(194, 48, 104, 4, 19),
(194, 59, 121, 3, 20),
(194, 51, 92, 4, 21),
(194, 48, 112, 8, 22),
(195, 59, 144, 3, 1),
(195, 59, 78, 2, 2),
(195, 52, 107, 2, 3),
(195, 53, 110, 1, 4),
(195, 57, 98, 1, 5),
(195, 50, 67, 1, 6),
(195, 56, 116, 4, 7),
(195, 50, 101, 1, 8),
(195, 63, 158, 1, 9),
(195, 62, 118, 1, 10),
(195, 60, 104, 1, 11),
(195, 54, 137, 1, 12),
(195, 62, 109, 4, 13),
(195, 52, 102, 4, 14),
(195, 59, 123, 1, 15),
(195, 62, 92, 4, 16),
(195, 63, 122, 4, 17),
(195, 52, 93, 4, 18),
(195, 59, 121, 3, 19),
(195, 55, 123, 4, 20),
(195, 55, 126, 2, 21),
(195, 51, 92, 3, 22),
(195, 48, 111, 8, 23),
(196, 54, 144, 2, 1),
(196, 61, 107, 1, 2),
(196, 61, 63, 3, 3),
(196, 62, 33, 3, 4),
(196, 62, 32, 4, 5),
(196, 55, 53, 4, 6),
(196, 61, 34, 1, 7),
(196, 57, 98, 1, 8),
(196, 56, 116, 4, 9),
(196, 50, 101, 2, 10),
(196, 55, 135, 2, 11),
(196, 61, 111, 2, 12),
(196, 60, 104, 1, 13),
(196, 62, 117, 2, 14),
(196, 57, 95, 1, 15),
(196, 62, 109, 3, 16),
(196, 48, 99, 2, 17),
(196, 51, 89, 4, 18),
(196, 59, 123, 1, 19),
(196, 55, 120, 1, 20),
(196, 59, 121, 3, 21),
(196, 57, 88, 1, 22),
(196, 61, 90, 3, 23),
(196, 61, 104, 4, 24),
(196, 48, 110, 5, 25),
(197, 59, 96, 4, 1),
(197, 63, 156, 2, 2),
(197, 63, 155, 3, 3),
(197, 59, 93, 3, 4),
(197, 59, 92, 3, 5),
(197, 58, 87, 1, 6),
(197, 57, 98, 1, 7),
(197, 56, 116, 4, 8),
(197, 50, 101, 4, 9),
(197, 55, 135, 1, 10),
(197, 60, 104, 2, 11),
(197, 55, 128, 1, 12),
(197, 62, 109, 4, 13),
(197, 52, 102, 3, 14),
(197, 51, 89, 1, 15),
(197, 48, 99, 1, 16),
(197, 50, 95, 1, 17),
(197, 49, 94, 3, 18),
(197, 53, 116, 1, 19),
(197, 63, 130, 2, 20),
(197, 59, 117, 4, 21),
(197, 59, 140, 11, 22),
(198, 59, 96, 4, 1),
(198, 63, 156, 2, 2),
(198, 63, 155, 3, 3),
(198, 59, 93, 3, 4),
(198, 59, 92, 3, 5),
(198, 58, 87, 1, 6),
(198, 57, 98, 1, 7),
(198, 56, 116, 4, 8),
(198, 50, 101, 4, 9),
(198, 55, 135, 1, 10),
(198, 60, 104, 2, 11),
(198, 55, 128, 1, 12),
(198, 62, 109, 4, 13),
(198, 52, 102, 3, 14),
(198, 51, 89, 1, 15),
(198, 48, 99, 1, 16),
(198, 50, 95, 1, 17),
(198, 49, 94, 3, 18),
(198, 53, 116, 1, 19),
(198, 63, 130, 2, 20),
(198, 59, 117, 4, 21),
(198, 59, 140, 11, 22),
(199, 62, 61, 3, 1),
(199, 51, 75, 4, 2),
(199, 62, 122, 3, 3),
(199, 62, 65, 2, 4),
(199, 62, 113, 1, 5),
(199, 54, 142, 1, 6),
(199, 56, 116, 4, 7),
(199, 50, 101, 4, 8),
(199, 55, 135, 1, 9),
(199, 54, 149, 2, 10),
(199, 60, 104, 2, 11),
(199, 55, 128, 1, 12),
(199, 62, 109, 3, 13),
(199, 52, 102, 3, 14),
(199, 51, 88, 2, 15),
(199, 62, 92, 1, 16),
(199, 49, 94, 2, 17),
(199, 53, 116, 2, 18),
(199, 59, 121, 3, 19),
(199, 56, 99, 3, 20),
(199, 5005, 28, 2, 21),
(199, 51, 92, 3, 22),
(199, 48, 112, 8, 23),
(200, 54, 144, 3, 1),
(200, 61, 107, 1, 2),
(200, 61, 63, 3, 3),
(200, 62, 33, 3, 4),
(200, 62, 32, 4, 5),
(200, 55, 53, 4, 6),
(200, 57, 98, 1, 7),
(200, 56, 116, 4, 8),
(200, 50, 101, 3, 9),
(200, 55, 135, 1, 10),
(200, 61, 111, 3, 11),
(200, 60, 104, 2, 12),
(200, 57, 95, 1, 13),
(200, 62, 109, 3, 14),
(200, 51, 89, 3, 15),
(200, 63, 136, 1, 16),
(200, 59, 123, 1, 17),
(200, 61, 100, 4, 18),
(200, 59, 121, 3, 19),
(200, 61, 90, 3, 20),
(200, 61, 104, 4, 21),
(200, 48, 110, 5, 22),
(201, 54, 144, 2, 1),
(201, 61, 107, 1, 2),
(201, 61, 63, 3, 3),
(201, 62, 33, 3, 4),
(201, 62, 32, 4, 5),
(201, 55, 53, 4, 6),
(201, 57, 98, 1, 7),
(201, 56, 116, 4, 8),
(201, 5005, 100, 4, 9),
(201, 55, 135, 3, 10),
(201, 60, 104, 2, 11),
(201, 54, 137, 1, 12),
(201, 62, 109, 3, 13),
(201, 56, 122, 4, 14),
(201, 63, 136, 2, 15),
(201, 61, 100, 3, 16),
(201, 59, 121, 3, 17),
(201, 61, 90, 3, 18),
(201, 61, 104, 4, 19),
(201, 59, 137, 6, 20),
(202, 62, 26, 4, 1),
(202, 62, 44, 4, 2),
(202, 62, 42, 4, 3),
(202, 58, 139, 3, 4),
(202, 62, 113, 1, 5),
(202, 56, 47, 1, 6),
(202, 57, 98, 1, 7),
(202, 56, 116, 4, 8),
(202, 5005, 100, 3, 9),
(202, 55, 135, 1, 10),
(202, 63, 160, 1, 11),
(202, 60, 104, 2, 12),
(202, 54, 137, 1, 13),
(202, 62, 109, 4, 14),
(202, 62, 92, 4, 15),
(202, 56, 122, 3, 16),
(202, 63, 122, 1, 17),
(202, 55, 117, 1, 18),
(202, 54, 135, 1, 19),
(202, 59, 121, 2, 20),
(202, 57, 88, 2, 21),
(202, 62, 93, 4, 22),
(202, 58, 113, 4, 23),
(202, 59, 135, 4, 24),
(203, 1, 7, 4, 1),
(203, 1, 20, 4, 2),
(203, 1, 27, 2, 3),
(203, 1, 48, 2, 4),
(203, 1, 88, 3, 5),
(203, 1, 91, 4, 6),
(203, 1, 71, 1, 7),
(203, 1, 74, 1, 8),
(203, 1, 79, 2, 9),
(203, 1, 92, 4, 10),
(203, 1, 93, 3, 11),
(203, 1, 84, 4, 12),
(203, 1, 78, 4, 13),
(203, 1, 96, 2, 14),
(203, 1, 97, 11, 15),
(203, 1, 100, 9, 16),
(204, 38, 96, 1, 1),
(204, 32, 2, 1, 2),
(204, 38, 1, 1, 3),
(204, 54, 63, 1, 4),
(204, 60, 40, 1, 5),
(204, 24, 94, 1, 6),
(204, 17, 4, 1, 7),
(204, 29, 17, 1, 8),
(204, 29, 51, 1, 9),
(204, 34, 86, 1, 10),
(204, 38, 105, 1, 11),
(204, 60, 38, 1, 12),
(204, 59, 55, 1, 13),
(204, 59, 54, 1, 14),
(204, 45, 12, 1, 15),
(204, 36, 61, 1, 16),
(204, 62, 36, 1, 17),
(204, 35, 15, 1, 18),
(204, 35, 60, 1, 19),
(204, 37, 146, 1, 20),
(204, 37, 43, 1, 21),
(204, 17, 60, 1, 22),
(204, 42, 32, 1, 23),
(204, 1, 21, 1, 24),
(204, 59, 44, 1, 25),
(204, 33, 65, 1, 26),
(204, 35, 57, 1, 27),
(204, 36, 49, 1, 28),
(204, 56, 116, 1, 29),
(204, 59, 122, 1, 30),
(204, 55, 135, 1, 31),
(204, 50, 101, 1, 32),
(204, 22, 86, 1, 33),
(204, 56, 115, 1, 34),
(204, 46, 89, 1, 35),
(204, 5006, 33, 1, 36),
(204, 21, 88, 1, 37),
(204, 33, 109, 1, 38),
(204, 61, 111, 1, 39),
(204, 34, 125, 1, 40),
(204, 43, 97, 1, 41),
(204, 17, 87, 1, 42),
(204, 26, 93, 1, 43),
(204, 54, 149, 1, 44),
(204, 29, 72, 1, 45),
(204, 38, 87, 1, 46),
(204, 62, 119, 1, 47),
(204, 60, 104, 1, 48),
(204, 62, 117, 1, 49),
(204, 60, 105, 1, 50),
(204, 21, 100, 1, 51),
(204, 17, 88, 1, 52),
(204, 1, 76, 1, 53),
(204, 1, 88, 1, 54),
(204, 1, 91, 1, 55),
(204, 1, 71, 1, 56),
(204, 54, 137, 1, 57),
(204, 38, 86, 1, 58),
(204, 51, 88, 1, 59),
(204, 51, 89, 1, 60),
(204, 52, 102, 1, 61),
(204, 43, 98, 1, 62),
(204, 22, 91, 1, 63),
(204, 1, 74, 1, 64),
(204, 46, 87, 1, 65),
(204, 5, 77, 1, 66),
(204, 1, 75, 1, 67),
(204, 1, 79, 1, 68),
(204, 1, 92, 1, 69),
(204, 1, 93, 1, 70),
(204, 8, 100, 1, 71),
(204, 7, 126, 1, 72),
(204, 55, 123, 1, 73),
(204, 5, 78, 1, 74),
(204, 1, 86, 1, 75),
(204, 62, 106, 1, 76),
(204, 6, 110, 1, 77),
(204, 1, 85, 1, 78),
(204, 49, 94, 1, 79),
(204, 62, 97, 1, 80),
(204, 42, 87, 1, 81),
(204, 59, 121, 1, 82),
(204, 56, 99, 1, 83),
(204, 25, 85, 1, 84),
(204, 39, 104, 1, 85),
(204, 62, 93, 1, 86),
(204, 35, 100, 1, 87),
(204, 1, 96, 1, 88),
(204, 62, 112, 1, 89),
(204, 1, 101, 11, 90),
(205, 59, 146, 2, 1),
(205, 59, 96, 2, 2),
(205, 62, 116, 1, 3),
(205, 59, 93, 3, 4),
(205, 60, 67, 3, 5),
(205, 61, 73, 1, 6),
(205, 58, 54, 1, 7),
(205, 58, 87, 1, 8),
(205, 54, 142, 1, 9),
(205, 56, 116, 4, 10),
(205, 5005, 100, 4, 11),
(205, 55, 135, 2, 12),
(205, 60, 104, 2, 13),
(205, 55, 128, 1, 14),
(205, 62, 109, 4, 15),
(205, 56, 122, 4, 16),
(205, 56, 121, 4, 17),
(205, 62, 98, 3, 18),
(205, 59, 119, 4, 19),
(205, 59, 117, 3, 20),
(205, 59, 140, 10, 21),
(206, 54, 144, 3, 1),
(206, 61, 107, 1, 2),
(206, 61, 63, 3, 3),
(206, 62, 33, 3, 4),
(206, 62, 32, 3, 5),
(206, 55, 53, 4, 6),
(206, 57, 98, 1, 7),
(206, 56, 116, 4, 8),
(206, 5005, 100, 3, 9),
(206, 55, 135, 1, 10),
(206, 61, 111, 3, 11),
(206, 60, 104, 1, 12),
(206, 62, 117, 1, 13),
(206, 57, 95, 1, 14),
(206, 62, 109, 3, 15),
(206, 63, 136, 2, 16),
(206, 56, 122, 2, 17),
(206, 59, 123, 1, 18),
(206, 62, 106, 1, 19),
(206, 61, 100, 3, 20),
(206, 55, 120, 1, 21),
(206, 59, 121, 3, 22),
(206, 61, 90, 3, 23),
(206, 61, 104, 4, 24),
(206, 59, 137, 5, 25),
(207, 54, 144, 3, 1),
(207, 61, 107, 1, 2),
(207, 61, 63, 3, 3),
(207, 62, 33, 3, 4),
(207, 62, 32, 4, 5),
(207, 55, 53, 4, 6),
(207, 61, 34, 1, 7),
(207, 57, 98, 1, 8),
(207, 56, 116, 4, 9),
(207, 50, 101, 3, 10),
(207, 55, 135, 1, 11),
(207, 61, 111, 3, 12),
(207, 60, 104, 1, 13),
(207, 57, 95, 1, 14),
(207, 62, 109, 3, 15),
(207, 51, 89, 3, 16),
(207, 52, 102, 1, 17),
(207, 48, 99, 1, 18),
(207, 59, 123, 1, 19),
(207, 48, 103, 3, 20),
(207, 55, 120, 1, 21),
(207, 59, 121, 3, 22),
(207, 61, 90, 2, 23),
(207, 61, 104, 4, 24),
(207, 48, 110, 5, 25),
(208, 61, 106, 4, 1),
(208, 62, 69, 3, 2),
(208, 62, 68, 3, 3),
(208, 58, 54, 1, 4),
(208, 54, 142, 1, 5),
(208, 57, 98, 1, 6),
(208, 56, 116, 4, 7),
(208, 5005, 100, 3, 8),
(208, 54, 149, 2, 9),
(208, 56, 102, 1, 10),
(208, 62, 118, 1, 11),
(208, 59, 129, 1, 12),
(208, 62, 119, 1, 13),
(208, 60, 104, 2, 14),
(208, 59, 115, 1, 15),
(208, 60, 105, 1, 16),
(208, 62, 109, 4, 17),
(208, 54, 137, 1, 18),
(208, 63, 161, 1, 19),
(208, 56, 122, 2, 20),
(208, 58, 111, 3, 21),
(208, 54, 135, 1, 22),
(208, 62, 97, 2, 23),
(208, 59, 121, 2, 24),
(208, 56, 99, 2, 25),
(208, 55, 123, 3, 26),
(208, 55, 126, 2, 27),
(208, 58, 113, 4, 28),
(208, 59, 134, 3, 29),
(209, 56, 12, 4, 1),
(209, 56, 11, 3, 2),
(209, 56, 90, 3, 3),
(209, 61, 80, 1, 4),
(209, 52, 29, 2, 5),
(209, 62, 69, 1, 6),
(209, 62, 68, 1, 7),
(209, 54, 108, 1, 8),
(209, 54, 126, 2, 9),
(209, 56, 47, 1, 10),
(209, 57, 98, 2, 11),
(209, 56, 4, 2, 12),
(209, 56, 116, 4, 13),
(209, 50, 101, 1, 14),
(209, 63, 157, 1, 15),
(209, 60, 104, 1, 16),
(209, 62, 118, 1, 17),
(209, 62, 109, 4, 18),
(209, 54, 137, 1, 19),
(209, 62, 92, 4, 20),
(209, 52, 102, 4, 21),
(209, 54, 136, 1, 22),
(209, 63, 122, 4, 23),
(209, 57, 88, 2, 24),
(209, 56, 99, 1, 25),
(209, 61, 102, 1, 26),
(209, 51, 92, 4, 27),
(209, 48, 107, 2, 28),
(209, 48, 105, 1, 29),
(210, 56, 12, 4, 1),
(210, 56, 11, 2, 2),
(210, 56, 90, 3, 3),
(210, 61, 80, 1, 4),
(210, 56, 117, 2, 5),
(210, 62, 69, 1, 6),
(210, 62, 68, 1, 7),
(210, 54, 108, 1, 8),
(210, 54, 126, 3, 9),
(210, 56, 47, 1, 10),
(210, 57, 98, 2, 11),
(210, 56, 4, 2, 12),
(210, 56, 116, 4, 13),
(210, 5005, 100, 1, 14),
(210, 63, 157, 1, 15),
(210, 60, 104, 1, 16),
(210, 62, 118, 1, 17),
(210, 62, 109, 4, 18),
(210, 54, 137, 1, 19),
(210, 62, 92, 4, 20),
(210, 56, 122, 4, 21),
(210, 59, 123, 1, 22),
(210, 54, 136, 1, 23),
(210, 63, 122, 4, 24),
(210, 57, 88, 2, 25),
(210, 56, 99, 1, 26),
(210, 58, 113, 4, 27),
(210, 59, 134, 2, 28),
(210, 59, 132, 1, 29),
(211, 1, 2, 4, 1),
(211, 1, 63, 4, 2),
(211, 1, 6, 3, 3),
(211, 1, 35, 3, 4),
(211, 1, 3, 2, 5),
(211, 1, 88, 4, 6),
(211, 1, 91, 4, 7),
(211, 1, 71, 4, 8),
(211, 1, 74, 3, 9),
(211, 1, 76, 4, 10),
(211, 1, 93, 2, 11),
(211, 1, 84, 2, 12),
(211, 1, 102, 21, 13),
(212, 62, 26, 4, 1),
(212, 62, 44, 4, 2),
(212, 62, 42, 4, 3),
(212, 58, 139, 3, 4),
(212, 57, 96, 1, 5),
(212, 56, 47, 1, 6),
(212, 57, 98, 1, 7),
(212, 56, 116, 4, 8),
(212, 5005, 100, 2, 9),
(212, 60, 104, 2, 10),
(212, 54, 137, 1, 11),
(212, 62, 109, 4, 12),
(212, 62, 92, 4, 13),
(212, 56, 122, 4, 14),
(212, 55, 117, 4, 15),
(212, 59, 125, 3, 16),
(212, 55, 120, 1, 17),
(212, 59, 121, 3, 18),
(212, 62, 93, 3, 19),
(212, 58, 113, 4, 20),
(212, 59, 132, 3, 21),
(213, 61, 106, 4, 1),
(213, 62, 69, 4, 2),
(213, 62, 68, 4, 3),
(213, 55, 131, 1, 4),
(213, 56, 116, 4, 5),
(213, 5005, 100, 4, 6),
(213, 54, 149, 3, 7),
(213, 62, 118, 1, 8),
(213, 60, 104, 1, 9),
(213, 59, 129, 2, 10),
(213, 59, 115, 1, 11),
(213, 60, 105, 1, 12),
(213, 55, 130, 1, 13),
(213, 62, 109, 4, 14),
(213, 56, 122, 3, 15),
(213, 58, 111, 3, 16),
(213, 62, 94, 2, 17),
(213, 54, 135, 2, 18),
(213, 62, 97, 2, 19),
(213, 59, 121, 1, 20),
(213, 56, 99, 1, 21),
(213, 55, 123, 4, 22),
(213, 55, 126, 2, 23),
(213, 58, 113, 4, 24),
(213, 59, 133, 1, 25),
(214, 61, 106, 4, 1),
(214, 62, 69, 4, 2),
(214, 62, 68, 4, 3),
(214, 55, 131, 1, 4),
(214, 56, 116, 4, 5),
(214, 5005, 100, 4, 6),
(214, 54, 149, 3, 7),
(214, 62, 118, 1, 8),
(214, 60, 104, 2, 9),
(214, 59, 129, 1, 10),
(214, 59, 115, 1, 11),
(214, 60, 105, 1, 12),
(214, 55, 130, 1, 13),
(214, 62, 109, 4, 14),
(214, 56, 122, 3, 15),
(214, 58, 111, 3, 16),
(214, 62, 94, 2, 17),
(214, 54, 135, 2, 18),
(214, 62, 97, 2, 19),
(214, 59, 121, 1, 20),
(214, 56, 99, 1, 21),
(214, 55, 123, 4, 22),
(214, 55, 126, 2, 23),
(214, 58, 113, 4, 24),
(214, 59, 133, 1, 25),
(215, 61, 106, 4, 1),
(215, 62, 69, 4, 2),
(215, 62, 68, 4, 3),
(215, 54, 142, 1, 4),
(215, 57, 98, 1, 5),
(215, 56, 116, 4, 6),
(215, 5005, 100, 3, 7),
(215, 54, 149, 3, 8),
(215, 56, 102, 1, 9),
(215, 62, 118, 1, 10),
(215, 60, 104, 2, 11),
(215, 59, 129, 1, 12),
(215, 59, 115, 1, 13),
(215, 60, 105, 1, 14),
(215, 54, 137, 1, 15),
(215, 62, 109, 4, 16),
(215, 62, 92, 1, 17),
(215, 56, 122, 3, 18),
(215, 62, 94, 2, 19),
(215, 54, 135, 2, 20),
(215, 62, 97, 2, 21),
(215, 59, 121, 2, 22),
(215, 56, 99, 1, 23),
(215, 55, 123, 4, 24),
(215, 55, 126, 2, 25),
(215, 58, 113, 4, 26),
(215, 59, 134, 1, 27),
(216, 56, 12, 4, 1),
(216, 56, 11, 1, 2),
(216, 61, 7, 1, 3),
(216, 56, 90, 3, 4),
(216, 61, 80, 1, 5),
(216, 62, 69, 3, 6),
(216, 62, 68, 3, 7),
(216, 54, 108, 2, 8),
(216, 54, 126, 2, 9),
(216, 56, 111, 2, 10),
(216, 57, 98, 1, 11),
(216, 56, 4, 1, 12),
(216, 56, 116, 3, 13),
(216, 5005, 100, 1, 14),
(216, 62, 118, 1, 15),
(216, 60, 104, 2, 16),
(216, 54, 137, 1, 17),
(216, 62, 109, 4, 18),
(216, 62, 92, 4, 19),
(216, 56, 122, 4, 20),
(216, 55, 117, 3, 21),
(216, 57, 88, 3, 22),
(216, 56, 99, 3, 23),
(216, 58, 113, 4, 24),
(216, 59, 132, 3, 25),
(217, 61, 106, 4, 1),
(217, 58, 54, 1, 2),
(217, 56, 119, 2, 3),
(217, 58, 67, 2, 4),
(217, 57, 98, 1, 5),
(217, 56, 116, 4, 6),
(217, 5005, 100, 4, 7),
(217, 55, 135, 2, 8),
(217, 54, 149, 2, 9),
(217, 56, 102, 1, 10),
(217, 60, 104, 2, 11),
(217, 57, 95, 1, 12),
(217, 62, 109, 2, 13),
(217, 56, 122, 3, 14),
(217, 58, 111, 3, 15),
(217, 62, 94, 2, 16),
(217, 55, 120, 1, 17),
(217, 62, 97, 3, 18),
(217, 59, 121, 3, 19),
(217, 56, 99, 2, 20),
(217, 55, 123, 4, 21),
(217, 55, 126, 2, 22),
(217, 58, 113, 4, 23),
(217, 59, 134, 5, 24),
(218, 54, 144, 2, 1),
(218, 61, 107, 1, 2),
(218, 61, 63, 3, 3),
(218, 62, 33, 3, 4),
(218, 62, 32, 4, 5),
(218, 55, 53, 4, 6),
(218, 56, 47, 1, 7),
(218, 57, 98, 1, 8),
(218, 56, 116, 4, 9),
(218, 5005, 100, 3, 10),
(218, 55, 135, 3, 11),
(218, 60, 104, 2, 12),
(218, 62, 117, 1, 13),
(218, 54, 137, 1, 14),
(218, 62, 109, 3, 15),
(218, 63, 136, 2, 16),
(218, 56, 122, 3, 17),
(218, 61, 100, 3, 18),
(218, 59, 121, 3, 19),
(218, 61, 90, 2, 20),
(218, 63, 140, 1, 21),
(218, 61, 104, 4, 22),
(218, 59, 137, 6, 23),
(219, 63, 151, 3, 1),
(219, 63, 150, 3, 2),
(219, 61, 58, 3, 3),
(219, 57, 2, 2, 4),
(219, 63, 13, 2, 5),
(219, 58, 87, 1, 6),
(219, 56, 116, 4, 7),
(219, 5005, 100, 3, 8),
(219, 55, 135, 1, 9),
(219, 61, 111, 4, 10),
(219, 60, 104, 2, 11),
(219, 55, 129, 1, 12),
(219, 62, 109, 3, 13),
(219, 56, 122, 2, 14),
(219, 59, 123, 1, 15),
(219, 54, 135, 1, 16),
(219, 63, 131, 2, 17),
(219, 63, 128, 1, 18),
(219, 59, 119, 1, 19),
(219, 63, 164, 1, 20),
(219, 56, 99, 2, 21),
(219, 63, 138, 3, 22),
(219, 63, 140, 2, 23),
(219, 61, 104, 4, 24),
(219, 59, 137, 8, 25),
(220, 1, 7, 3, 1),
(220, 1, 20, 4, 2),
(220, 2, 10, 3, 3),
(220, 2, 34, 2, 4),
(220, 1, 48, 2, 5),
(220, 1, 88, 3, 6),
(220, 1, 91, 4, 7),
(220, 1, 71, 2, 8),
(220, 1, 74, 1, 9),
(220, 1, 77, 1, 10),
(220, 1, 79, 2, 11),
(220, 1, 92, 4, 12),
(220, 1, 93, 3, 13),
(220, 1, 84, 4, 14),
(220, 1, 81, 1, 15),
(220, 1, 96, 2, 16),
(220, 1, 97, 10, 17),
(220, 1, 100, 9, 18),
(221, 22, 15, 3, 1),
(221, 22, 31, 3, 2),
(221, 22, 53, 4, 3),
(221, 22, 4, 2, 4),
(221, 21, 85, 2, 5),
(221, 22, 103, 1, 6),
(221, 17, 60, 4, 7),
(221, 20, 92, 4, 8),
(221, 22, 83, 3, 9),
(221, 18, 88, 2, 10),
(221, 21, 88, 2, 11),
(221, 18, 87, 2, 12),
(221, 21, 100, 1, 13),
(221, 17, 88, 3, 14),
(221, 22, 89, 3, 15),
(221, 22, 84, 1, 16),
(221, 19, 74, 1, 17),
(221, 20, 85, 1, 18),
(221, 20, 87, 1, 19),
(221, 20, 88, 2, 20),
(221, 22, 95, 3, 21),
(221, 16, 95, 4, 22),
(221, 16, 93, 4, 23),
(221, 22, 94, 4, 24),
(222, 21, 104, 3, 1),
(222, 21, 82, 3, 2),
(222, 18, 17, 4, 3),
(222, 18, 63, 2, 4),
(222, 18, 62, 1, 5),
(222, 16, 5, 4, 6),
(222, 16, 44, 3, 7),
(222, 17, 60, 4, 8),
(222, 20, 92, 4, 9),
(222, 22, 86, 1, 10),
(222, 18, 88, 4, 11),
(222, 21, 88, 4, 12),
(222, 17, 88, 4, 13),
(222, 20, 89, 2, 14),
(222, 16, 106, 14, 15),
(222, 16, 109, 3, 16),
(223, 61, 107, 4, 1),
(223, 61, 63, 1, 2),
(223, 56, 116, 4, 3),
(223, 5005, 100, 4, 4),
(223, 61, 111, 3, 5),
(223, 60, 104, 2, 6),
(223, 60, 105, 1, 7),
(223, 54, 137, 1, 8),
(223, 62, 109, 4, 9),
(223, 62, 92, 3, 10),
(223, 56, 122, 2, 11),
(223, 59, 123, 1, 12),
(223, 55, 117, 1, 13),
(223, 58, 112, 1, 14),
(223, 62, 94, 1, 15),
(223, 56, 121, 3, 16),
(223, 55, 120, 1, 17),
(223, 54, 135, 2, 18),
(223, 59, 121, 4, 19),
(223, 55, 123, 2, 20),
(223, 61, 90, 3, 21),
(223, 61, 104, 4, 22),
(223, 59, 137, 8, 23),
(224, 62, 61, 4, 1),
(224, 62, 60, 4, 2),
(224, 58, 54, 4, 3),
(224, 62, 65, 2, 4),
(224, 62, 63, 1, 5),
(224, 54, 142, 1, 6),
(224, 57, 98, 1, 7),
(224, 56, 116, 4, 8),
(224, 5005, 100, 4, 9),
(224, 55, 135, 2, 10),
(224, 60, 104, 2, 11),
(224, 62, 109, 3, 12),
(224, 54, 137, 1, 13),
(224, 62, 92, 2, 14),
(224, 56, 122, 4, 15),
(224, 60, 96, 1, 16),
(224, 56, 121, 2, 17),
(224, 54, 135, 1, 18),
(224, 59, 121, 3, 19),
(224, 56, 99, 3, 20),
(224, 58, 113, 4, 21),
(224, 59, 139, 7, 22),
(225, 59, 144, 3, 1),
(225, 59, 78, 2, 2),
(225, 58, 88, 1, 3),
(225, 61, 106, 3, 4),
(225, 56, 119, 2, 5),
(225, 58, 67, 2, 6),
(225, 57, 98, 1, 7),
(225, 56, 116, 4, 8),
(225, 5005, 100, 4, 9),
(225, 55, 135, 2, 10),
(225, 62, 118, 1, 11),
(225, 60, 104, 2, 12),
(225, 62, 109, 3, 13),
(225, 54, 137, 1, 14),
(225, 56, 122, 4, 15),
(225, 55, 120, 2, 16),
(225, 59, 121, 3, 17),
(225, 56, 99, 2, 18),
(225, 55, 123, 4, 19),
(225, 55, 126, 2, 20),
(225, 58, 113, 4, 21),
(225, 59, 138, 8, 22),
(226, 59, 144, 3, 1),
(226, 59, 78, 2, 2),
(226, 52, 107, 1, 3),
(226, 61, 106, 2, 4),
(226, 53, 54, 2, 5),
(226, 53, 53, 2, 6),
(226, 57, 98, 1, 7),
(226, 56, 116, 4, 8),
(226, 50, 101, 4, 9),
(226, 55, 135, 2, 10),
(226, 62, 118, 1, 11),
(226, 60, 104, 2, 12),
(226, 62, 109, 3, 13),
(226, 54, 137, 1, 14),
(226, 52, 102, 4, 15),
(226, 52, 93, 3, 16),
(226, 55, 120, 1, 17),
(226, 59, 121, 3, 18),
(226, 56, 99, 2, 19),
(226, 55, 123, 4, 20),
(226, 55, 126, 2, 21),
(226, 51, 92, 4, 22),
(226, 48, 111, 7, 23),
(227, 2, 16, 4, 1),
(227, 2, 54, 4, 2),
(227, 1, 7, 3, 3),
(227, 6, 11, 1, 4),
(227, 2, 10, 4, 5),
(227, 1, 88, 4, 6),
(227, 1, 91, 4, 7),
(227, 1, 71, 4, 8),
(227, 1, 74, 4, 9),
(227, 5, 77, 3, 10),
(227, 5, 16, 4, 11),
(227, 1, 93, 2, 12),
(227, 1, 84, 4, 13),
(227, 1, 78, 2, 14),
(227, 1, 96, 4, 15),
(227, 5, 81, 2, 16),
(227, 1, 97, 7, 17),
(228, 2, 16, 3, 1),
(228, 2, 54, 3, 2),
(228, 7, 15, 2, 3),
(228, 2, 10, 3, 4),
(228, 3, 3, 3, 5),
(228, 1, 88, 3, 6),
(228, 1, 91, 4, 7),
(228, 1, 71, 2, 8),
(228, 1, 74, 3, 9),
(228, 5, 77, 3, 10),
(228, 5, 16, 2, 11),
(228, 1, 79, 2, 12),
(228, 1, 92, 3, 13),
(228, 1, 93, 1, 14),
(228, 1, 80, 2, 15),
(228, 1, 78, 1, 16),
(228, 1, 95, 2, 17),
(228, 1, 96, 4, 18),
(228, 1, 100, 14, 19),
(229, 2, 16, 3, 1),
(229, 2, 54, 3, 2),
(229, 1, 7, 3, 3),
(229, 2, 10, 3, 4),
(229, 3, 3, 2, 5),
(229, 2, 5, 3, 6),
(229, 1, 88, 4, 7),
(229, 1, 91, 4, 8),
(229, 1, 71, 3, 9),
(229, 1, 74, 3, 10),
(229, 1, 75, 3, 11),
(229, 1, 93, 3, 12),
(229, 1, 84, 4, 13),
(229, 1, 78, 2, 14),
(229, 1, 81, 2, 15),
(229, 1, 96, 4, 16),
(229, 1, 97, 11, 17),
(230, 2, 16, 3, 1),
(230, 2, 54, 3, 2),
(230, 1, 7, 3, 3),
(230, 1, 20, 3, 4),
(230, 2, 10, 3, 5),
(230, 1, 88, 3, 6),
(230, 1, 91, 4, 7),
(230, 1, 71, 1, 8),
(230, 1, 74, 1, 9),
(230, 1, 75, 1, 10),
(230, 1, 79, 2, 11),
(230, 1, 92, 4, 12),
(230, 1, 93, 3, 13),
(230, 1, 84, 4, 14),
(230, 1, 81, 2, 15),
(230, 1, 96, 4, 16),
(230, 1, 97, 9, 17),
(230, 1, 100, 7, 18),
(231, 56, 117, 4, 1),
(231, 58, 34, 2, 2),
(231, 58, 121, 4, 3),
(231, 60, 83, 3, 4),
(231, 54, 63, 2, 5),
(231, 60, 38, 2, 6),
(231, 56, 47, 1, 7),
(231, 57, 98, 1, 8),
(231, 56, 4, 1, 9),
(231, 5005, 100, 4, 10),
(231, 54, 147, 4, 11),
(231, 55, 135, 1, 12),
(231, 54, 149, 3, 13),
(231, 62, 118, 1, 14),
(231, 60, 104, 2, 15),
(231, 62, 109, 2, 16),
(231, 54, 137, 1, 17),
(231, 63, 161, 3, 18),
(231, 56, 122, 4, 19),
(231, 59, 123, 1, 20),
(231, 57, 85, 3, 21),
(231, 55, 120, 1, 22),
(231, 54, 135, 1, 23),
(231, 60, 97, 1, 24),
(231, 59, 121, 3, 25),
(231, 59, 134, 5, 26),
(232, 55, 72, 4, 1),
(232, 55, 71, 4, 2),
(232, 61, 63, 4, 3),
(232, 56, 116, 4, 4),
(232, 5005, 100, 2, 5),
(232, 55, 135, 1, 6),
(232, 59, 127, 1, 7),
(232, 61, 111, 4, 8),
(232, 62, 118, 1, 9),
(232, 60, 104, 3, 10),
(232, 62, 109, 3, 11),
(232, 54, 137, 1, 12),
(232, 56, 122, 2, 13),
(232, 59, 123, 1, 14),
(232, 62, 102, 4, 15),
(232, 55, 120, 1, 16),
(232, 60, 97, 1, 17),
(232, 59, 121, 2, 18),
(232, 57, 88, 2, 19),
(232, 61, 90, 3, 20),
(232, 58, 113, 3, 21),
(232, 61, 104, 4, 22),
(232, 59, 137, 5, 23),
(233, 55, 72, 4, 1),
(233, 55, 71, 4, 2),
(233, 61, 63, 2, 3),
(233, 56, 31, 1, 4),
(233, 58, 54, 1, 5),
(233, 56, 118, 1, 6),
(233, 56, 116, 4, 7),
(233, 5005, 100, 3, 8),
(233, 55, 135, 1, 9),
(233, 59, 127, 2, 10),
(233, 61, 111, 3, 11),
(233, 60, 104, 2, 12),
(233, 62, 109, 3, 13),
(233, 54, 137, 1, 14),
(233, 56, 122, 2, 15),
(233, 62, 102, 2, 16),
(233, 62, 94, 1, 17),
(233, 55, 120, 2, 18),
(233, 59, 121, 2, 19),
(233, 57, 88, 1, 20),
(233, 56, 99, 2, 21),
(233, 61, 90, 3, 22),
(233, 58, 113, 4, 23),
(233, 61, 104, 4, 24),
(233, 59, 137, 5, 25),
(234, 59, 93, 2, 1),
(234, 60, 67, 3, 2),
(234, 61, 106, 3, 3),
(234, 55, 133, 1, 4),
(234, 62, 115, 1, 5),
(234, 58, 88, 1, 6),
(234, 54, 142, 1, 7),
(234, 57, 98, 1, 8),
(234, 56, 116, 4, 9),
(234, 5005, 100, 3, 10),
(234, 55, 135, 1, 11),
(234, 54, 149, 1, 12),
(234, 62, 118, 1, 13),
(234, 62, 119, 1, 14),
(234, 60, 104, 1, 15),
(234, 62, 117, 1, 16),
(234, 62, 109, 4, 17),
(234, 54, 137, 1, 18),
(234, 56, 122, 4, 19),
(234, 1006, 36, 1, 20),
(234, 56, 121, 3, 21),
(234, 59, 121, 2, 22),
(234, 55, 123, 4, 23),
(234, 55, 126, 2, 24),
(234, 58, 113, 3, 25),
(234, 59, 131, 4, 26),
(234, 59, 140, 6, 27),
(235, 54, 144, 3, 1),
(235, 59, 43, 2, 2),
(235, 59, 42, 2, 3),
(235, 51, 98, 2, 4),
(235, 60, 70, 1, 5),
(235, 53, 54, 2, 6),
(235, 53, 53, 2, 7),
(235, 56, 116, 4, 8),
(235, 52, 96, 3, 9),
(235, 59, 127, 1, 10),
(235, 54, 149, 3, 11),
(235, 60, 104, 2, 12),
(235, 54, 137, 1, 13),
(235, 51, 89, 1, 14),
(235, 52, 102, 3, 15),
(235, 59, 123, 1, 16),
(235, 55, 117, 2, 17),
(235, 52, 94, 1, 18),
(235, 54, 135, 2, 19),
(235, 59, 121, 3, 20),
(235, 56, 99, 2, 21),
(235, 55, 123, 4, 22),
(235, 55, 126, 2, 23),
(235, 51, 92, 4, 24),
(235, 59, 137, 7, 25),
(236, 62, 26, 4, 1),
(236, 62, 44, 4, 2),
(236, 62, 42, 4, 3),
(236, 56, 12, 2, 4),
(236, 56, 11, 3, 5),
(236, 61, 80, 3, 6),
(236, 58, 139, 1, 7),
(236, 56, 47, 1, 8),
(236, 57, 98, 1, 9),
(236, 56, 116, 4, 10),
(236, 5005, 100, 4, 11),
(236, 55, 135, 2, 12),
(236, 60, 104, 2, 13),
(236, 62, 109, 3, 14),
(236, 54, 137, 1, 15),
(236, 62, 92, 4, 16),
(236, 56, 122, 4, 17),
(236, 57, 88, 3, 18);
INSERT INTO `decks_lists` (`deck_id`, `set_id`, `card_number`, `quantity`, `card_order`) VALUES
(236, 62, 93, 2, 19),
(236, 58, 113, 4, 20),
(236, 59, 132, 4, 21),
(237, 60, 20, 4, 1),
(237, 60, 18, 4, 2),
(237, 60, 12, 1, 3),
(237, 51, 98, 1, 4),
(237, 56, 116, 4, 5),
(237, 52, 96, 2, 6),
(237, 60, 88, 3, 7),
(237, 60, 104, 2, 8),
(237, 54, 137, 1, 9),
(237, 51, 89, 2, 10),
(237, 52, 102, 4, 11),
(237, 55, 117, 3, 12),
(237, 59, 125, 4, 13),
(237, 1006, 36, 4, 14),
(237, 54, 135, 4, 15),
(237, 59, 121, 3, 16),
(237, 5005, 28, 2, 17),
(237, 51, 92, 4, 18),
(237, 59, 133, 8, 19),
(238, 59, 144, 3, 1),
(238, 59, 78, 1, 2),
(238, 53, 54, 2, 3),
(238, 53, 53, 2, 4),
(238, 52, 107, 1, 5),
(238, 56, 67, 1, 6),
(238, 52, 62, 1, 7),
(238, 57, 98, 1, 8),
(238, 56, 116, 4, 9),
(238, 52, 96, 4, 10),
(238, 55, 135, 2, 11),
(238, 60, 104, 1, 12),
(238, 55, 128, 1, 13),
(238, 52, 102, 4, 14),
(238, 59, 123, 1, 15),
(238, 55, 117, 2, 16),
(238, 52, 93, 4, 17),
(238, 54, 135, 1, 18),
(238, 59, 121, 3, 19),
(238, 56, 99, 3, 20),
(238, 55, 123, 4, 21),
(238, 55, 126, 2, 22),
(238, 51, 92, 4, 23),
(238, 59, 138, 8, 24),
(240, 56, 110, 2, 1),
(240, 56, 111, 4, 2),
(240, 56, 31, 4, 3),
(240, 57, 97, 1, 4),
(240, 56, 116, 4, 5),
(240, 52, 96, 4, 6),
(240, 55, 135, 2, 7),
(240, 59, 127, 1, 8),
(240, 54, 149, 1, 9),
(240, 60, 104, 1, 10),
(240, 54, 137, 1, 11),
(240, 56, 105, 3, 12),
(240, 52, 102, 1, 13),
(240, 55, 117, 1, 14),
(240, 55, 119, 3, 15),
(240, 54, 135, 4, 16),
(240, 60, 97, 2, 17),
(240, 59, 121, 3, 18),
(240, 55, 123, 4, 19),
(240, 55, 126, 1, 20),
(240, 55, 127, 4, 21),
(240, 51, 93, 4, 22),
(240, 53, 118, 2, 23),
(240, 59, 135, 1, 24),
(240, 59, 134, 2, 25),
(241, 52, 29, 4, 1),
(241, 58, 34, 1, 2),
(241, 52, 27, 4, 3),
(241, 60, 83, 3, 4),
(241, 54, 63, 2, 5),
(241, 60, 39, 1, 6),
(241, 60, 38, 2, 7),
(241, 57, 98, 1, 8),
(241, 56, 4, 1, 9),
(241, 56, 116, 3, 10),
(241, 52, 96, 4, 11),
(241, 55, 135, 2, 12),
(241, 54, 149, 4, 13),
(241, 60, 104, 1, 14),
(241, 55, 128, 1, 15),
(241, 51, 89, 2, 16),
(241, 52, 102, 3, 17),
(241, 1005, 20, 2, 18),
(241, 52, 100, 4, 19),
(241, 54, 135, 2, 20),
(241, 60, 97, 2, 21),
(241, 59, 121, 3, 22),
(241, 5005, 28, 2, 23),
(241, 59, 134, 6, 24),
(242, 57, 97, 3, 1),
(242, 57, 96, 4, 2),
(242, 59, 43, 2, 3),
(242, 59, 42, 2, 4),
(242, 57, 98, 1, 5),
(242, 56, 116, 4, 6),
(242, 52, 96, 4, 7),
(242, 55, 135, 1, 8),
(242, 54, 149, 4, 9),
(242, 56, 102, 2, 10),
(242, 60, 104, 1, 11),
(242, 57, 92, 1, 12),
(242, 51, 89, 1, 13),
(242, 52, 102, 3, 14),
(242, 59, 123, 1, 15),
(242, 1005, 20, 1, 16),
(242, 55, 119, 1, 17),
(242, 58, 112, 3, 18),
(242, 60, 97, 2, 19),
(242, 59, 121, 2, 20),
(242, 51, 91, 3, 21),
(242, 55, 127, 4, 22),
(242, 59, 132, 10, 23),
(243, 57, 97, 3, 1),
(243, 57, 96, 4, 2),
(243, 56, 111, 1, 3),
(243, 56, 47, 1, 4),
(243, 57, 98, 1, 5),
(243, 56, 116, 4, 6),
(243, 5005, 100, 4, 7),
(243, 55, 135, 2, 8),
(243, 54, 149, 3, 9),
(243, 56, 102, 2, 10),
(243, 56, 105, 1, 11),
(243, 56, 122, 3, 12),
(243, 59, 123, 1, 13),
(243, 57, 80, 1, 14),
(243, 54, 136, 1, 15),
(243, 57, 92, 1, 16),
(243, 55, 119, 2, 17),
(243, 58, 112, 2, 18),
(243, 55, 120, 1, 19),
(243, 54, 135, 2, 20),
(243, 60, 97, 2, 21),
(243, 59, 121, 3, 22),
(243, 55, 124, 1, 23),
(243, 55, 127, 4, 24),
(243, 59, 132, 8, 25),
(243, 59, 136, 2, 26),
(244, 57, 97, 3, 1),
(244, 57, 96, 4, 2),
(244, 56, 47, 1, 3),
(244, 57, 98, 1, 4),
(244, 56, 116, 4, 5),
(244, 5005, 100, 4, 6),
(244, 55, 135, 1, 7),
(244, 54, 149, 4, 8),
(244, 56, 102, 2, 9),
(244, 56, 122, 4, 10),
(244, 59, 123, 1, 11),
(244, 54, 136, 1, 12),
(244, 57, 92, 1, 13),
(244, 55, 119, 1, 14),
(244, 58, 112, 3, 15),
(244, 54, 135, 4, 16),
(244, 60, 97, 2, 17),
(244, 59, 121, 4, 18),
(244, 55, 127, 4, 19),
(244, 59, 132, 11, 20),
(245, 60, 20, 4, 1),
(245, 60, 18, 4, 2),
(245, 60, 12, 1, 3),
(245, 61, 106, 3, 4),
(245, 58, 54, 1, 5),
(245, 56, 116, 4, 6),
(245, 5005, 100, 4, 7),
(245, 55, 135, 1, 8),
(245, 60, 88, 3, 9),
(245, 60, 104, 3, 10),
(245, 54, 137, 1, 11),
(245, 56, 122, 4, 12),
(245, 59, 123, 1, 13),
(245, 55, 117, 2, 14),
(245, 55, 120, 1, 15),
(245, 54, 135, 1, 16),
(245, 60, 97, 1, 17),
(245, 59, 121, 3, 18),
(245, 56, 99, 2, 19),
(245, 55, 123, 4, 20),
(245, 55, 126, 1, 21),
(245, 58, 113, 4, 22),
(245, 59, 133, 7, 23),
(246, 59, 144, 2, 1),
(246, 59, 78, 1, 2),
(246, 52, 107, 2, 3),
(246, 53, 110, 2, 4),
(246, 56, 67, 1, 5),
(246, 52, 62, 1, 6),
(246, 54, 142, 1, 7),
(246, 56, 116, 4, 8),
(246, 52, 96, 4, 9),
(246, 52, 99, 3, 10),
(246, 54, 137, 1, 11),
(246, 52, 102, 3, 12),
(246, 59, 123, 1, 13),
(246, 55, 117, 2, 14),
(246, 52, 93, 4, 15),
(246, 58, 112, 3, 16),
(246, 1006, 36, 3, 17),
(246, 59, 121, 3, 18),
(246, 56, 99, 1, 19),
(246, 55, 123, 4, 20),
(246, 55, 126, 2, 21),
(246, 51, 92, 4, 22),
(246, 59, 138, 8, 23),
(247, 60, 20, 4, 1),
(247, 60, 18, 4, 2),
(247, 51, 98, 2, 3),
(247, 60, 70, 1, 4),
(247, 56, 33, 2, 5),
(247, 56, 32, 2, 6),
(247, 56, 116, 4, 7),
(247, 52, 96, 4, 8),
(247, 60, 88, 3, 9),
(247, 60, 104, 4, 10),
(247, 54, 137, 1, 11),
(247, 60, 92, 2, 12),
(247, 51, 89, 1, 13),
(247, 52, 102, 4, 14),
(247, 1005, 20, 2, 15),
(247, 59, 121, 3, 16),
(247, 54, 135, 3, 17),
(247, 5005, 28, 2, 18),
(247, 51, 92, 4, 19),
(247, 59, 133, 8, 20),
(248, 60, 20, 3, 1),
(248, 60, 18, 3, 2),
(248, 60, 12, 3, 3),
(248, 51, 98, 1, 4),
(248, 56, 33, 1, 5),
(248, 59, 44, 1, 6),
(248, 57, 98, 1, 7),
(248, 56, 116, 4, 8),
(248, 52, 96, 4, 9),
(248, 55, 135, 2, 10),
(248, 60, 88, 3, 11),
(248, 60, 104, 2, 12),
(248, 54, 137, 1, 13),
(248, 51, 89, 1, 14),
(248, 52, 102, 4, 15),
(248, 59, 123, 1, 16),
(248, 1006, 36, 4, 17),
(248, 54, 135, 3, 18),
(248, 60, 97, 1, 19),
(248, 59, 121, 3, 20),
(248, 5005, 28, 2, 21),
(248, 51, 92, 4, 22),
(248, 59, 133, 8, 23),
(249, 57, 97, 3, 1),
(249, 57, 96, 4, 2),
(249, 59, 43, 2, 3),
(249, 59, 42, 2, 4),
(249, 57, 98, 1, 5),
(249, 56, 116, 4, 6),
(249, 52, 96, 4, 7),
(249, 55, 135, 1, 8),
(249, 54, 149, 4, 9),
(249, 56, 102, 2, 10),
(249, 57, 92, 1, 11),
(249, 51, 89, 1, 12),
(249, 52, 102, 3, 13),
(249, 59, 123, 1, 14),
(249, 1005, 20, 1, 15),
(249, 55, 119, 1, 16),
(249, 58, 112, 2, 17),
(249, 52, 94, 1, 18),
(249, 54, 135, 1, 19),
(249, 53, 116, 1, 20),
(249, 59, 121, 3, 21),
(249, 51, 91, 2, 22),
(249, 55, 127, 4, 23),
(249, 51, 92, 1, 24),
(249, 59, 132, 10, 25),
(250, 59, 144, 3, 1),
(250, 59, 43, 2, 2),
(250, 59, 42, 2, 3),
(250, 52, 107, 2, 4),
(250, 60, 70, 1, 5),
(250, 52, 62, 2, 6),
(250, 56, 116, 4, 7),
(250, 52, 96, 4, 8),
(250, 55, 135, 2, 9),
(250, 54, 149, 1, 10),
(250, 60, 104, 1, 11),
(250, 55, 128, 1, 12),
(250, 52, 102, 4, 13),
(250, 59, 123, 1, 14),
(250, 55, 117, 4, 15),
(250, 52, 93, 4, 16),
(250, 52, 94, 1, 17),
(250, 59, 121, 2, 18),
(250, 55, 123, 4, 19),
(250, 55, 126, 2, 20),
(250, 59, 126, 1, 21),
(250, 51, 92, 3, 22),
(250, 59, 138, 9, 23),
(251, 59, 144, 3, 1),
(251, 59, 78, 1, 2),
(251, 59, 43, 2, 3),
(251, 59, 42, 2, 4),
(251, 52, 107, 2, 5),
(251, 60, 70, 1, 6),
(251, 57, 98, 1, 7),
(251, 56, 116, 4, 8),
(251, 52, 96, 4, 9),
(251, 55, 135, 1, 10),
(251, 54, 149, 1, 11),
(251, 60, 104, 1, 12),
(251, 55, 129, 1, 13),
(251, 52, 102, 4, 14),
(251, 59, 123, 1, 15),
(251, 55, 117, 3, 16),
(251, 52, 93, 4, 17),
(251, 58, 112, 1, 18),
(251, 60, 97, 1, 19),
(251, 59, 121, 3, 20),
(251, 55, 123, 4, 21),
(251, 55, 126, 2, 22),
(251, 51, 90, 2, 23),
(251, 51, 92, 4, 24),
(251, 59, 138, 7, 25),
(252, 62, 120, 3, 1),
(252, 62, 113, 3, 2),
(252, 56, 31, 3, 3),
(252, 55, 95, 2, 4),
(252, 56, 116, 4, 5),
(252, 5005, 100, 1, 6),
(252, 55, 135, 1, 7),
(252, 63, 159, 1, 8),
(252, 59, 127, 3, 9),
(252, 54, 149, 2, 10),
(252, 62, 118, 1, 11),
(252, 60, 104, 3, 12),
(252, 62, 109, 3, 13),
(252, 54, 137, 1, 14),
(252, 56, 122, 3, 15),
(252, 59, 123, 1, 16),
(252, 56, 121, 2, 17),
(252, 54, 135, 2, 18),
(252, 62, 100, 2, 19),
(252, 59, 121, 3, 20),
(252, 56, 99, 2, 21),
(252, 63, 137, 2, 22),
(252, 59, 135, 5, 23),
(252, 59, 134, 7, 24),
(253, 1, 7, 4, 1),
(253, 1, 20, 4, 2),
(253, 1, 27, 4, 3),
(253, 1, 3, 2, 4),
(253, 1, 5, 1, 5),
(253, 1, 88, 3, 6),
(253, 1, 91, 4, 7),
(253, 1, 79, 4, 8),
(253, 1, 92, 4, 9),
(253, 1, 93, 1, 10),
(253, 1, 78, 3, 11),
(253, 1, 96, 4, 12),
(253, 1, 97, 13, 13),
(253, 1, 100, 9, 14),
(254, 1, 7, 4, 1),
(254, 1, 31, 3, 2),
(254, 1, 27, 3, 3),
(254, 1, 3, 2, 4),
(254, 1, 88, 3, 5),
(254, 1, 91, 4, 6),
(254, 1, 71, 2, 7),
(254, 1, 74, 2, 8),
(254, 1, 79, 2, 9),
(254, 1, 92, 4, 10),
(254, 1, 93, 2, 11),
(254, 1, 84, 4, 12),
(254, 1, 78, 2, 13),
(254, 1, 96, 4, 14),
(254, 1, 97, 11, 15),
(254, 1, 101, 8, 16),
(255, 1, 2, 4, 1),
(255, 1, 63, 4, 2),
(255, 1, 6, 4, 3),
(255, 1, 35, 4, 4),
(255, 1, 88, 4, 5),
(255, 1, 91, 4, 6),
(255, 1, 71, 4, 7),
(255, 1, 74, 1, 8),
(255, 1, 84, 1, 9),
(255, 1, 77, 3, 10),
(255, 1, 76, 4, 11),
(255, 1, 102, 23, 12),
(256, 3, 39, 4, 1),
(256, 1, 20, 3, 2),
(256, 6, 42, 4, 3),
(256, 3, 3, 1, 4),
(256, 1, 88, 3, 5),
(256, 1, 91, 4, 6),
(256, 1, 71, 2, 7),
(256, 1, 74, 1, 8),
(256, 6, 125, 1, 9),
(256, 5, 77, 2, 10),
(256, 1, 79, 1, 11),
(256, 1, 92, 4, 12),
(256, 1, 93, 2, 13),
(256, 1, 84, 4, 14),
(256, 1, 78, 3, 15),
(256, 6, 122, 1, 16),
(256, 1, 96, 4, 17),
(256, 1, 98, 8, 18),
(256, 1, 100, 8, 19),
(257, 3, 39, 3, 1),
(257, 6, 6, 3, 2),
(257, 2, 10, 3, 3),
(257, 3, 3, 3, 4),
(257, 1, 88, 3, 5),
(257, 1, 91, 3, 6),
(257, 1, 71, 2, 7),
(257, 1, 74, 3, 8),
(257, 6, 125, 2, 9),
(257, 5, 77, 3, 10),
(257, 1, 79, 3, 11),
(257, 1, 92, 3, 12),
(257, 1, 93, 3, 13),
(257, 1, 84, 3, 14),
(257, 1, 78, 2, 15),
(257, 1, 96, 4, 16),
(257, 1, 98, 7, 17),
(257, 1, 100, 7, 18),
(258, 1, 7, 4, 1),
(258, 1, 20, 4, 2),
(258, 1, 27, 4, 3),
(258, 1, 88, 3, 4),
(258, 1, 91, 4, 5),
(258, 1, 71, 1, 6),
(258, 1, 74, 1, 7),
(258, 1, 79, 3, 8),
(258, 1, 92, 4, 9),
(258, 1, 93, 3, 10),
(258, 1, 84, 3, 11),
(258, 1, 78, 2, 12),
(258, 1, 95, 2, 13),
(258, 1, 96, 4, 14),
(258, 1, 97, 10, 15),
(258, 1, 100, 8, 16),
(259, 1, 7, 4, 1),
(259, 1, 20, 4, 2),
(259, 1, 27, 4, 3),
(259, 1, 3, 3, 4),
(259, 1, 88, 2, 5),
(259, 1, 91, 4, 6),
(259, 1, 79, 3, 7),
(259, 1, 92, 4, 8),
(259, 1, 93, 3, 9),
(259, 1, 78, 3, 10),
(259, 1, 96, 4, 11),
(259, 1, 97, 13, 12),
(259, 1, 100, 9, 13),
(260, 1, 7, 4, 1),
(260, 1, 20, 4, 2),
(260, 1, 27, 4, 3),
(260, 1, 3, 2, 4),
(260, 1, 88, 3, 5),
(260, 1, 91, 4, 6),
(260, 1, 79, 3, 7),
(260, 1, 92, 4, 8),
(260, 1, 93, 3, 9),
(260, 1, 94, 3, 10),
(260, 1, 96, 4, 11),
(260, 1, 97, 13, 12),
(260, 1, 100, 9, 13),
(261, 1, 7, 4, 1),
(261, 1, 20, 4, 2),
(261, 1, 27, 4, 3),
(261, 1, 3, 2, 4),
(261, 1, 88, 3, 5),
(261, 1, 91, 4, 6),
(261, 1, 71, 1, 7),
(261, 1, 74, 1, 8),
(261, 1, 79, 3, 9),
(261, 1, 92, 4, 10),
(261, 1, 93, 3, 11),
(261, 1, 84, 2, 12),
(261, 1, 78, 2, 13),
(261, 1, 96, 4, 14),
(261, 1, 97, 11, 15),
(261, 1, 100, 8, 16),
(262, 5001, 3, 4, 1),
(262, 2, 6, 2, 2),
(262, 2, 10, 3, 3),
(262, 2, 38, 2, 4),
(262, 3, 3, 2, 5),
(262, 1, 88, 3, 6),
(262, 1, 91, 4, 7),
(262, 1, 71, 4, 8),
(262, 1, 74, 4, 9),
(262, 1, 75, 2, 10),
(262, 1, 79, 3, 11),
(262, 1, 92, 4, 12),
(262, 1, 93, 3, 13),
(262, 1, 78, 3, 14),
(262, 1, 96, 4, 15),
(262, 1, 101, 12, 16),
(262, 1, 99, 1, 17),
(263, 57, 97, 3, 1),
(263, 57, 96, 4, 2),
(263, 59, 43, 2, 3),
(263, 59, 42, 3, 4),
(263, 61, 34, 1, 5),
(263, 57, 98, 1, 6),
(263, 56, 116, 4, 7),
(263, 50, 101, 4, 8),
(263, 55, 135, 2, 9),
(263, 54, 149, 3, 10),
(263, 56, 102, 1, 11),
(263, 60, 104, 1, 12),
(263, 57, 92, 1, 13),
(263, 51, 89, 2, 14),
(263, 52, 102, 3, 15),
(263, 59, 123, 1, 16),
(263, 54, 136, 1, 17),
(263, 50, 95, 1, 18),
(263, 49, 94, 1, 19),
(263, 55, 120, 1, 20),
(263, 59, 121, 3, 21),
(263, 51, 91, 2, 22),
(263, 55, 127, 3, 23),
(263, 51, 92, 3, 24),
(263, 48, 105, 9, 25),
(264, 54, 31, 2, 1),
(264, 63, 50, 3, 2),
(264, 63, 49, 3, 3),
(264, 56, 31, 1, 4),
(264, 54, 142, 3, 5),
(264, 57, 98, 1, 6),
(264, 56, 4, 2, 7),
(264, 56, 116, 4, 8),
(264, 5005, 100, 1, 9),
(264, 63, 157, 2, 10),
(264, 62, 118, 1, 11),
(264, 60, 104, 1, 12),
(264, 54, 137, 1, 13),
(264, 62, 109, 4, 14),
(264, 62, 92, 4, 15),
(264, 56, 122, 4, 16),
(264, 63, 122, 4, 17),
(264, 61, 96, 2, 18),
(264, 56, 103, 2, 19),
(264, 56, 99, 3, 20),
(264, 63, 137, 1, 21),
(264, 59, 134, 11, 22),
(265, 1, 7, 4, 1),
(265, 1, 20, 4, 2),
(265, 1, 27, 4, 3),
(265, 1, 3, 2, 4),
(265, 1, 88, 3, 5),
(265, 1, 91, 4, 6),
(265, 1, 71, 1, 7),
(265, 1, 79, 3, 8),
(265, 1, 92, 4, 9),
(265, 1, 93, 3, 10),
(265, 1, 84, 2, 11),
(265, 1, 78, 2, 12),
(265, 1, 96, 4, 13),
(265, 1, 97, 11, 14),
(265, 1, 100, 9, 15),
(266, 2, 16, 3, 1),
(266, 2, 54, 4, 2),
(266, 1, 7, 4, 3),
(266, 1, 20, 3, 4),
(266, 1, 27, 3, 5),
(266, 1, 48, 2, 6),
(266, 1, 88, 3, 7),
(266, 1, 91, 4, 8),
(266, 1, 71, 3, 9),
(266, 1, 79, 3, 10),
(266, 1, 92, 3, 11),
(266, 1, 93, 2, 12),
(266, 1, 84, 3, 13),
(266, 1, 96, 4, 14),
(266, 1, 97, 8, 15),
(266, 1, 100, 8, 16),
(267, 1, 7, 4, 1),
(267, 1, 20, 4, 2),
(267, 2, 10, 3, 3),
(267, 1, 27, 1, 4),
(267, 1, 3, 2, 5),
(267, 1, 88, 4, 6),
(267, 1, 91, 2, 7),
(267, 1, 71, 2, 8),
(267, 1, 79, 3, 9),
(267, 1, 92, 4, 10),
(267, 1, 84, 4, 11),
(267, 1, 78, 4, 12),
(267, 1, 96, 4, 13),
(267, 1, 97, 11, 14),
(267, 1, 100, 8, 15),
(268, 1, 7, 4, 1),
(268, 2, 10, 4, 2),
(268, 2, 47, 4, 3),
(268, 1, 88, 3, 4),
(268, 1, 91, 4, 5),
(268, 1, 71, 1, 6),
(268, 1, 79, 3, 7),
(268, 1, 92, 4, 8),
(268, 1, 93, 4, 9),
(268, 1, 84, 4, 10),
(268, 1, 78, 2, 11),
(268, 1, 96, 4, 12),
(268, 1, 97, 11, 13),
(268, 1, 99, 8, 14),
(269, 1, 20, 4, 1),
(269, 2, 10, 4, 2),
(269, 1, 27, 2, 3),
(269, 2, 5, 2, 4),
(269, 1, 88, 3, 5),
(269, 1, 91, 4, 6),
(269, 1, 79, 3, 7),
(269, 1, 92, 4, 8),
(269, 1, 93, 4, 9),
(269, 1, 84, 4, 10),
(269, 1, 78, 2, 11),
(269, 1, 96, 4, 12),
(269, 1, 100, 10, 13),
(269, 1, 99, 10, 14),
(270, 62, 61, 3, 1),
(270, 51, 75, 4, 2),
(270, 62, 122, 2, 3),
(270, 62, 65, 2, 4),
(270, 55, 133, 1, 5),
(270, 62, 63, 1, 6),
(270, 51, 98, 2, 7),
(270, 54, 142, 1, 8),
(270, 56, 116, 4, 9),
(270, 50, 101, 4, 10),
(270, 55, 135, 2, 11),
(270, 62, 119, 1, 12),
(270, 60, 104, 2, 13),
(270, 62, 117, 1, 14),
(270, 62, 109, 3, 15),
(270, 55, 128, 1, 16),
(270, 62, 92, 1, 17),
(270, 51, 88, 2, 18),
(270, 52, 102, 3, 19),
(270, 55, 120, 1, 20),
(270, 60, 97, 1, 21),
(270, 59, 121, 3, 22),
(270, 56, 99, 3, 23),
(270, 51, 92, 4, 24),
(270, 48, 112, 8, 25),
(271, 1, 20, 4, 1),
(271, 2, 10, 4, 2),
(271, 1, 55, 3, 3),
(271, 1, 27, 4, 4),
(271, 1, 3, 2, 5),
(271, 1, 88, 3, 6),
(271, 1, 91, 4, 7),
(271, 1, 79, 3, 8),
(271, 1, 92, 4, 9),
(271, 1, 93, 3, 10),
(271, 1, 84, 3, 11),
(271, 1, 96, 3, 12),
(271, 1, 100, 9, 13),
(271, 1, 99, 11, 14),
(272, 1, 7, 3, 1),
(272, 1, 20, 4, 2),
(272, 1, 27, 4, 3),
(272, 1, 88, 4, 4),
(272, 1, 91, 4, 5),
(272, 1, 71, 1, 6),
(272, 1, 74, 1, 7),
(272, 1, 79, 2, 8),
(272, 1, 92, 4, 9),
(272, 1, 93, 3, 10),
(272, 1, 84, 3, 11),
(272, 1, 94, 3, 12),
(272, 1, 95, 3, 13),
(272, 1, 96, 4, 14),
(272, 1, 97, 9, 15),
(272, 1, 100, 8, 16),
(273, 1, 7, 4, 1),
(273, 1, 20, 3, 2),
(273, 1, 10, 2, 3),
(273, 1, 27, 3, 4),
(273, 1, 88, 4, 5),
(273, 1, 91, 4, 6),
(273, 1, 71, 2, 7),
(273, 1, 74, 2, 8),
(273, 1, 81, 1, 9),
(273, 1, 79, 2, 10),
(273, 1, 92, 4, 11),
(273, 1, 93, 3, 12),
(273, 1, 84, 3, 13),
(273, 1, 78, 2, 14),
(273, 1, 96, 3, 15),
(273, 1, 97, 9, 16),
(273, 1, 100, 7, 17),
(273, 1, 101, 2, 18),
(274, 1, 7, 4, 1),
(274, 1, 20, 4, 2),
(274, 1, 27, 3, 3),
(274, 1, 48, 1, 4),
(274, 1, 88, 4, 5),
(274, 1, 91, 4, 6),
(274, 1, 71, 2, 7),
(274, 1, 74, 2, 8),
(274, 1, 79, 2, 9),
(274, 1, 92, 4, 10),
(274, 1, 93, 3, 11),
(274, 1, 84, 4, 12),
(274, 1, 78, 2, 13),
(274, 1, 96, 3, 14),
(274, 1, 97, 10, 15),
(274, 1, 100, 8, 16),
(275, 1, 7, 4, 1),
(275, 1, 20, 4, 2),
(275, 1, 27, 4, 3),
(275, 1, 3, 2, 4),
(275, 1, 88, 2, 5),
(275, 1, 91, 4, 6),
(275, 1, 71, 2, 7),
(275, 1, 79, 4, 8),
(275, 1, 92, 4, 9),
(275, 1, 93, 2, 10),
(275, 1, 84, 3, 11),
(275, 1, 96, 4, 12),
(275, 1, 97, 11, 13),
(275, 1, 100, 10, 14),
(276, 1, 7, 4, 1),
(276, 1, 20, 4, 2),
(276, 1, 27, 3, 3),
(276, 1, 18, 2, 4),
(276, 1, 26, 2, 5),
(276, 1, 88, 3, 6),
(276, 1, 91, 4, 7),
(276, 1, 79, 3, 8),
(276, 1, 92, 4, 9),
(276, 1, 93, 3, 10),
(276, 1, 84, 4, 11),
(276, 1, 96, 4, 12),
(276, 1, 97, 11, 13),
(276, 1, 100, 9, 14),
(277, 1, 7, 4, 1),
(277, 1, 20, 4, 2),
(277, 1, 27, 4, 3),
(277, 1, 88, 3, 4),
(277, 1, 91, 4, 5),
(277, 1, 71, 1, 6),
(277, 1, 74, 1, 7),
(277, 1, 79, 3, 8),
(277, 1, 92, 4, 9),
(277, 1, 93, 3, 10),
(277, 1, 84, 3, 11),
(277, 1, 95, 2, 12),
(277, 1, 96, 4, 13),
(277, 1, 97, 11, 14),
(277, 1, 100, 9, 15),
(278, 1, 7, 4, 1),
(278, 1, 31, 3, 2),
(278, 1, 10, 1, 3),
(278, 1, 27, 3, 4),
(278, 1, 3, 2, 5),
(278, 1, 88, 3, 6),
(278, 1, 91, 4, 7),
(278, 1, 71, 2, 8),
(278, 1, 74, 2, 9),
(278, 1, 79, 2, 10),
(278, 1, 92, 4, 11),
(278, 1, 93, 2, 12),
(278, 1, 84, 3, 13),
(278, 1, 78, 2, 14),
(278, 1, 96, 4, 15),
(278, 1, 97, 11, 16),
(278, 1, 101, 8, 17),
(279, 1, 7, 4, 1),
(279, 1, 20, 4, 2),
(279, 1, 27, 4, 3),
(279, 1, 88, 4, 4),
(279, 1, 91, 4, 5),
(279, 1, 71, 1, 6),
(279, 1, 74, 1, 7),
(279, 1, 79, 2, 8),
(279, 1, 92, 3, 9),
(279, 1, 93, 3, 10),
(279, 1, 84, 3, 11),
(279, 1, 94, 3, 12),
(279, 1, 95, 3, 13),
(279, 1, 96, 4, 14),
(279, 1, 97, 9, 15),
(279, 1, 100, 8, 16),
(280, 1, 7, 4, 1),
(280, 2, 10, 4, 2),
(280, 1, 60, 3, 3),
(280, 1, 27, 3, 4),
(280, 1, 3, 1, 5),
(280, 1, 88, 3, 6),
(280, 1, 91, 4, 7),
(280, 1, 79, 4, 8),
(280, 1, 92, 4, 9),
(280, 1, 93, 3, 10),
(280, 1, 84, 4, 11),
(280, 1, 96, 4, 12),
(280, 1, 97, 10, 13),
(280, 1, 99, 9, 14),
(281, 1, 7, 4, 1),
(281, 1, 20, 4, 2),
(281, 2, 10, 3, 3),
(281, 3, 1, 1, 4),
(281, 1, 88, 3, 5),
(281, 1, 91, 4, 6),
(281, 1, 74, 1, 7),
(281, 1, 81, 1, 8),
(281, 3, 62, 1, 9),
(281, 1, 79, 3, 10),
(281, 1, 92, 4, 11),
(281, 1, 93, 2, 12),
(281, 1, 84, 4, 13),
(281, 1, 78, 2, 14),
(281, 1, 96, 3, 15),
(281, 1, 97, 11, 16),
(281, 1, 100, 9, 17),
(282, 1, 20, 4, 1),
(282, 5001, 3, 3, 2),
(282, 3, 3, 3, 3),
(282, 2, 5, 2, 4),
(282, 1, 88, 4, 5),
(282, 1, 91, 4, 6),
(282, 1, 71, 2, 7),
(282, 1, 74, 2, 8),
(282, 1, 81, 2, 9),
(282, 1, 79, 2, 10),
(282, 1, 92, 4, 11),
(282, 1, 93, 3, 12),
(282, 1, 78, 2, 13),
(282, 3, 58, 2, 14),
(282, 1, 96, 4, 15),
(282, 1, 100, 8, 16),
(282, 1, 101, 9, 17),
(283, 1, 7, 4, 1),
(283, 1, 20, 4, 2),
(283, 1, 88, 4, 3),
(283, 1, 91, 4, 4),
(283, 1, 71, 4, 5),
(283, 1, 74, 3, 6),
(283, 3, 59, 4, 7),
(283, 1, 81, 3, 8),
(283, 1, 75, 3, 9),
(283, 1, 79, 2, 10),
(283, 1, 92, 4, 11),
(283, 1, 93, 2, 12),
(283, 1, 84, 4, 13),
(283, 1, 78, 3, 14),
(283, 1, 97, 6, 15),
(283, 1, 100, 6, 16),
(284, 3, 39, 4, 1),
(284, 1, 20, 4, 2),
(284, 1, 88, 4, 3),
(284, 1, 91, 4, 4),
(284, 1, 71, 4, 5),
(284, 1, 74, 4, 6),
(284, 3, 59, 4, 7),
(284, 1, 81, 4, 8),
(284, 1, 75, 2, 9),
(284, 1, 92, 4, 10),
(284, 1, 93, 3, 11),
(284, 1, 84, 4, 12),
(284, 1, 78, 3, 13),
(284, 1, 98, 6, 14),
(284, 1, 100, 6, 15),
(285, 2, 16, 4, 1),
(285, 2, 54, 4, 2),
(285, 1, 7, 4, 3),
(285, 2, 10, 4, 4),
(285, 1, 88, 4, 5),
(285, 1, 91, 4, 6),
(285, 1, 71, 4, 7),
(285, 1, 74, 4, 8),
(285, 1, 75, 1, 9),
(285, 1, 79, 1, 10),
(285, 1, 92, 4, 11),
(285, 1, 93, 3, 12),
(285, 1, 84, 3, 13),
(285, 1, 95, 1, 14),
(285, 1, 96, 4, 15),
(285, 1, 97, 10, 16),
(285, 1, 99, 1, 17),
(286, 1, 20, 3, 1),
(286, 3, 39, 3, 2),
(286, 2, 6, 3, 3),
(286, 2, 10, 3, 4),
(286, 2, 38, 1, 5),
(286, 2, 54, 1, 6),
(286, 1, 88, 3, 7),
(286, 1, 91, 4, 8),
(286, 1, 71, 1, 9),
(286, 1, 74, 2, 10),
(286, 1, 81, 2, 11),
(286, 1, 79, 3, 12),
(286, 1, 92, 2, 13),
(286, 1, 93, 3, 14),
(286, 1, 78, 3, 15),
(286, 3, 58, 1, 16),
(286, 1, 96, 3, 17),
(286, 1, 100, 6, 18),
(286, 1, 98, 7, 19),
(286, 1, 101, 6, 20),
(287, 1, 2, 4, 1),
(287, 1, 63, 4, 2),
(287, 3, 2, 4, 3),
(287, 1, 88, 4, 4),
(287, 1, 91, 4, 5),
(287, 1, 71, 4, 6),
(287, 1, 74, 4, 7),
(287, 1, 81, 1, 8),
(287, 1, 76, 4, 9),
(287, 1, 84, 2, 10),
(287, 1, 93, 2, 11),
(287, 1, 102, 23, 12),
(288, 1, 2, 4, 1),
(288, 1, 63, 4, 2),
(288, 3, 2, 3, 3),
(288, 3, 10, 3, 4),
(288, 1, 88, 4, 5),
(288, 1, 91, 4, 6),
(288, 1, 71, 4, 7),
(288, 1, 74, 2, 8),
(288, 1, 77, 2, 9),
(288, 1, 76, 4, 10),
(288, 1, 78, 3, 11),
(288, 1, 102, 23, 12),
(289, 3, 39, 4, 1),
(289, 1, 20, 4, 2),
(289, 2, 10, 4, 3),
(289, 1, 88, 3, 4),
(289, 1, 91, 2, 5),
(289, 1, 71, 3, 6),
(289, 1, 79, 3, 7),
(289, 1, 92, 4, 8),
(289, 1, 93, 2, 9),
(289, 1, 84, 4, 10),
(289, 1, 78, 3, 11),
(289, 1, 96, 4, 12),
(289, 1, 98, 10, 13),
(289, 1, 100, 10, 14),
(290, 1, 7, 3, 1),
(290, 1, 20, 4, 2),
(290, 2, 10, 3, 3),
(290, 3, 3, 2, 4),
(290, 1, 88, 3, 5),
(290, 1, 91, 4, 6),
(290, 1, 71, 3, 7),
(290, 1, 74, 2, 8),
(290, 1, 81, 2, 9),
(290, 1, 75, 2, 10),
(290, 1, 79, 3, 11),
(290, 1, 92, 4, 12),
(290, 1, 93, 4, 13),
(290, 1, 78, 3, 14),
(290, 1, 96, 4, 15),
(290, 1, 97, 7, 16),
(290, 1, 100, 7, 17),
(291, 1, 2, 4, 1),
(291, 1, 63, 4, 2),
(291, 3, 2, 3, 3),
(291, 3, 10, 3, 4),
(291, 1, 88, 4, 5),
(291, 1, 91, 4, 6),
(291, 1, 71, 3, 7),
(291, 1, 74, 2, 8),
(291, 1, 81, 2, 9),
(291, 1, 76, 4, 10),
(291, 1, 93, 3, 11),
(291, 1, 84, 4, 12),
(291, 1, 102, 20, 13),
(292, 2, 16, 4, 1),
(292, 2, 54, 4, 2),
(292, 1, 20, 4, 3),
(292, 2, 10, 4, 4),
(292, 3, 3, 4, 5),
(292, 1, 88, 4, 6),
(292, 1, 91, 1, 7),
(292, 1, 71, 3, 8),
(292, 1, 74, 1, 9),
(292, 1, 93, 3, 10),
(292, 1, 84, 4, 11),
(292, 1, 96, 4, 12),
(292, 1, 100, 20, 13),
(293, 3, 39, 4, 1),
(293, 1, 20, 4, 2),
(293, 2, 10, 4, 3),
(293, 1, 88, 3, 4),
(293, 1, 91, 4, 5),
(293, 1, 71, 1, 6),
(293, 1, 74, 2, 7),
(293, 3, 59, 2, 8),
(293, 1, 81, 1, 9),
(293, 1, 79, 1, 10),
(293, 1, 92, 4, 11),
(293, 1, 93, 2, 12),
(293, 1, 84, 3, 13),
(293, 1, 78, 2, 14),
(293, 1, 96, 4, 15),
(293, 1, 98, 8, 16),
(293, 1, 100, 8, 17),
(293, 1, 99, 3, 18),
(294, 5001, 3, 4, 1),
(294, 3, 3, 2, 2),
(294, 2, 47, 2, 3),
(294, 1, 88, 4, 4),
(294, 1, 91, 4, 5),
(294, 1, 71, 4, 6),
(294, 1, 74, 4, 7),
(294, 5, 77, 3, 8),
(294, 1, 79, 2, 9),
(294, 1, 92, 3, 10),
(294, 1, 93, 3, 11),
(294, 1, 84, 4, 12),
(294, 5, 78, 2, 13),
(294, 1, 78, 4, 14),
(294, 1, 96, 4, 15),
(294, 1, 101, 11, 16),
(295, 1, 20, 4, 1),
(295, 5001, 3, 3, 2),
(295, 2, 10, 3, 3),
(295, 3, 3, 2, 4),
(295, 1, 88, 3, 5),
(295, 1, 91, 4, 6),
(295, 1, 71, 3, 7),
(295, 1, 74, 2, 8),
(295, 5, 77, 2, 9),
(295, 1, 79, 4, 10),
(295, 1, 92, 4, 11),
(295, 1, 93, 3, 12),
(295, 1, 78, 3, 13),
(295, 1, 96, 3, 14),
(295, 1, 100, 8, 15),
(295, 1, 101, 9, 16),
(296, 1, 20, 3, 1),
(296, 5001, 3, 3, 2),
(296, 2, 10, 3, 3),
(296, 3, 3, 2, 4),
(296, 1, 88, 3, 5),
(296, 1, 91, 4, 6),
(296, 1, 71, 3, 7),
(296, 1, 74, 2, 8),
(296, 5, 77, 2, 9),
(296, 1, 79, 4, 10),
(296, 1, 92, 4, 11),
(296, 1, 93, 3, 12),
(296, 1, 84, 3, 13),
(296, 1, 78, 3, 14),
(296, 1, 96, 3, 15),
(296, 1, 100, 7, 16),
(296, 1, 101, 8, 17),
(297, 2, 16, 3, 1),
(297, 2, 54, 4, 2),
(297, 1, 7, 3, 3),
(297, 2, 10, 3, 4),
(297, 6, 42, 2, 5),
(297, 1, 88, 4, 6),
(297, 1, 91, 4, 7),
(297, 1, 71, 3, 8),
(297, 1, 74, 3, 9),
(297, 5, 77, 3, 10),
(297, 5, 16, 3, 11),
(297, 1, 75, 2, 12),
(297, 1, 93, 3, 13),
(297, 1, 84, 3, 14),
(297, 1, 78, 2, 15),
(297, 1, 96, 4, 16),
(297, 5, 81, 2, 17),
(297, 1, 97, 9, 18),
(298, 2, 16, 4, 1),
(298, 2, 54, 4, 2),
(298, 7, 15, 3, 3),
(298, 2, 10, 3, 4),
(298, 1, 88, 4, 5),
(298, 1, 91, 2, 6),
(298, 6, 114, 1, 7),
(298, 1, 71, 4, 8),
(298, 1, 74, 2, 9),
(298, 5, 77, 2, 10),
(298, 5, 16, 4, 11),
(298, 1, 93, 3, 12),
(298, 1, 84, 4, 13),
(298, 6, 122, 1, 14),
(298, 1, 78, 2, 15),
(298, 6, 103, 2, 16),
(298, 1, 96, 4, 17),
(298, 1, 100, 11, 18),
(299, 7, 15, 4, 1),
(299, 1, 3, 4, 2),
(299, 1, 88, 4, 3),
(299, 6, 114, 2, 4),
(299, 1, 71, 3, 5),
(299, 1, 74, 4, 6),
(299, 5, 77, 2, 7),
(299, 1, 79, 4, 8),
(299, 1, 92, 4, 9),
(299, 1, 93, 1, 10),
(299, 1, 84, 4, 11),
(299, 1, 80, 3, 12),
(299, 4, 117, 3, 13),
(299, 1, 78, 2, 14),
(299, 1, 96, 3, 15),
(299, 5, 81, 3, 16),
(299, 1, 100, 10, 17),
(300, 2, 16, 3, 1),
(300, 2, 54, 3, 2),
(300, 7, 15, 2, 3),
(300, 1, 20, 3, 4),
(300, 5001, 3, 3, 5),
(300, 3, 3, 2, 6),
(300, 1, 88, 3, 7),
(300, 1, 71, 1, 8),
(300, 5, 74, 1, 9),
(300, 1, 79, 2, 10),
(300, 1, 93, 2, 11),
(300, 1, 84, 2, 12),
(300, 1, 80, 1, 13),
(300, 1, 90, 1, 14),
(300, 1, 78, 1, 15),
(300, 1, 95, 1, 16),
(300, 1, 96, 3, 17),
(300, 5, 82, 2, 18),
(300, 5, 17, 1, 19),
(300, 1, 100, 14, 20),
(300, 1, 101, 9, 21),
(301, 62, 61, 3, 1),
(301, 62, 60, 4, 2),
(301, 62, 122, 2, 3),
(301, 62, 65, 2, 4),
(301, 55, 133, 1, 5),
(301, 62, 63, 1, 6),
(301, 58, 54, 2, 7),
(301, 54, 142, 1, 8),
(301, 56, 116, 4, 9),
(301, 5005, 100, 4, 10),
(301, 55, 135, 2, 11),
(301, 62, 119, 1, 12),
(301, 60, 104, 2, 13),
(301, 62, 117, 1, 14),
(301, 62, 109, 3, 15),
(301, 55, 128, 1, 16),
(301, 62, 92, 2, 17),
(301, 56, 122, 4, 18),
(301, 55, 120, 1, 19),
(301, 60, 97, 1, 20),
(301, 59, 121, 3, 21),
(301, 56, 99, 3, 22),
(301, 58, 113, 4, 23),
(301, 59, 139, 8, 24),
(302, 62, 26, 4, 1),
(302, 62, 44, 4, 2),
(302, 62, 42, 4, 3),
(302, 58, 139, 3, 4),
(302, 62, 113, 1, 5),
(302, 56, 47, 1, 6),
(302, 57, 98, 1, 7),
(302, 56, 116, 4, 8),
(302, 5005, 100, 2, 9),
(302, 55, 135, 1, 10),
(302, 59, 127, 2, 11),
(302, 60, 104, 2, 12),
(302, 62, 109, 4, 13),
(302, 54, 137, 1, 14),
(302, 62, 92, 4, 15),
(302, 56, 122, 3, 16),
(302, 1006, 36, 1, 17),
(302, 55, 120, 1, 18),
(302, 59, 121, 2, 19),
(302, 57, 88, 1, 20),
(302, 59, 119, 2, 21),
(302, 62, 93, 4, 22),
(302, 58, 113, 4, 23),
(302, 59, 135, 4, 24),
(303, 62, 26, 4, 1),
(303, 62, 44, 4, 2),
(303, 62, 42, 4, 3),
(303, 58, 139, 3, 4),
(303, 62, 113, 1, 5),
(303, 56, 47, 1, 6),
(303, 57, 98, 1, 7),
(303, 56, 116, 4, 8),
(303, 5005, 100, 3, 9),
(303, 55, 135, 1, 10),
(303, 60, 104, 3, 11),
(303, 62, 109, 4, 12),
(303, 54, 137, 1, 13),
(303, 62, 92, 4, 14),
(303, 56, 122, 3, 15),
(303, 55, 120, 1, 16),
(303, 54, 135, 1, 17),
(303, 59, 121, 2, 18),
(303, 57, 88, 1, 19),
(303, 59, 119, 2, 20),
(303, 62, 93, 4, 21),
(303, 58, 113, 4, 22),
(303, 59, 135, 4, 23),
(304, 59, 144, 3, 1),
(304, 59, 78, 2, 2),
(304, 58, 88, 1, 3),
(304, 61, 106, 3, 4),
(304, 56, 119, 2, 5),
(304, 58, 67, 2, 6),
(304, 57, 98, 1, 7),
(304, 56, 116, 4, 8),
(304, 5005, 100, 4, 9),
(304, 55, 135, 2, 10),
(304, 62, 118, 1, 11),
(304, 60, 104, 2, 12),
(304, 62, 109, 3, 13),
(304, 54, 137, 1, 14),
(304, 56, 122, 4, 15),
(304, 55, 120, 2, 16),
(304, 59, 121, 3, 17),
(304, 56, 99, 2, 18),
(304, 55, 123, 4, 19),
(304, 55, 126, 2, 20),
(304, 58, 113, 4, 21),
(304, 59, 138, 8, 22),
(305, 59, 144, 3, 1),
(305, 59, 78, 2, 2),
(305, 52, 107, 1, 3),
(305, 61, 106, 2, 4),
(305, 53, 54, 2, 5),
(305, 53, 53, 2, 6),
(305, 57, 98, 1, 7),
(305, 56, 116, 4, 8),
(305, 50, 101, 4, 9),
(305, 55, 135, 2, 10),
(305, 62, 118, 1, 11),
(305, 60, 104, 2, 12),
(305, 62, 109, 3, 13),
(305, 54, 137, 1, 14),
(305, 52, 102, 4, 15),
(305, 52, 93, 3, 16),
(305, 55, 120, 1, 17),
(305, 59, 121, 3, 18),
(305, 56, 99, 2, 19),
(305, 55, 123, 4, 20),
(305, 55, 126, 2, 21),
(305, 51, 92, 4, 22),
(305, 48, 111, 7, 23),
(306, 62, 26, 4, 1),
(306, 62, 44, 4, 2),
(306, 62, 42, 4, 3),
(306, 58, 139, 3, 4),
(306, 56, 117, 2, 5),
(306, 56, 47, 1, 6),
(306, 57, 98, 1, 7),
(306, 56, 116, 4, 8),
(306, 5005, 100, 2, 9),
(306, 63, 157, 1, 10),
(306, 63, 160, 1, 11),
(306, 60, 104, 1, 12),
(306, 62, 109, 4, 13),
(306, 54, 137, 1, 14),
(306, 62, 92, 4, 15),
(306, 56, 122, 3, 16),
(306, 63, 122, 4, 17),
(306, 55, 120, 1, 18),
(306, 59, 121, 3, 19),
(306, 62, 93, 4, 20),
(306, 58, 113, 4, 21),
(306, 59, 134, 4, 22),
(307, 54, 144, 1, 1),
(307, 61, 107, 2, 2),
(307, 61, 63, 3, 3),
(307, 62, 33, 3, 4),
(307, 62, 32, 4, 5),
(307, 55, 53, 4, 6),
(307, 61, 34, 1, 7),
(307, 57, 98, 1, 8),
(307, 56, 116, 4, 9),
(307, 5005, 100, 4, 10),
(307, 55, 135, 2, 11),
(307, 60, 104, 2, 12),
(307, 62, 117, 1, 13),
(307, 62, 109, 3, 14),
(307, 54, 137, 1, 15),
(307, 56, 122, 4, 16),
(307, 63, 136, 2, 17),
(307, 61, 100, 3, 18),
(307, 59, 121, 3, 19),
(307, 61, 90, 3, 20),
(307, 61, 104, 4, 21),
(307, 59, 137, 5, 22),
(308, 63, 149, 3, 1),
(308, 63, 148, 4, 2),
(308, 56, 31, 1, 3),
(308, 54, 142, 2, 4),
(308, 56, 116, 4, 5),
(308, 5005, 100, 4, 6),
(308, 59, 127, 4, 7),
(308, 60, 104, 3, 8),
(308, 62, 109, 3, 9),
(308, 54, 137, 1, 10),
(308, 63, 125, 3, 11),
(308, 59, 123, 2, 12),
(308, 57, 80, 2, 13),
(308, 61, 101, 1, 14),
(308, 63, 132, 3, 15),
(308, 56, 99, 3, 16),
(308, 63, 164, 1, 17),
(308, 63, 137, 4, 18),
(308, 59, 134, 12, 19),
(309, 55, 72, 4, 1),
(309, 55, 71, 4, 2),
(309, 61, 63, 3, 3),
(309, 63, 151, 1, 4),
(309, 63, 150, 1, 5),
(309, 56, 47, 1, 6),
(309, 56, 116, 3, 7),
(309, 5005, 100, 3, 8),
(309, 55, 135, 2, 9),
(309, 61, 111, 4, 10),
(309, 63, 160, 1, 11),
(309, 60, 104, 2, 12),
(309, 62, 118, 1, 13),
(309, 62, 109, 3, 14),
(309, 54, 137, 1, 15),
(309, 59, 123, 1, 16),
(309, 62, 102, 4, 17),
(309, 54, 135, 1, 18),
(309, 63, 131, 1, 19),
(309, 59, 121, 3, 20),
(309, 57, 88, 1, 21),
(309, 61, 90, 3, 22),
(309, 58, 113, 2, 23),
(309, 61, 104, 4, 24),
(309, 59, 137, 6, 25),
(310, 59, 144, 3, 1),
(310, 59, 78, 2, 2),
(310, 58, 88, 1, 3),
(310, 56, 119, 2, 4),
(310, 58, 67, 2, 5),
(310, 61, 106, 2, 6),
(310, 57, 98, 1, 7),
(310, 56, 116, 4, 8),
(310, 5005, 100, 4, 9),
(310, 55, 135, 2, 10),
(310, 60, 104, 2, 11),
(310, 62, 118, 1, 12),
(310, 60, 105, 1, 13),
(310, 62, 109, 3, 14),
(310, 54, 137, 1, 15),
(310, 56, 122, 4, 16),
(310, 55, 120, 2, 17),
(310, 59, 121, 3, 18),
(310, 56, 99, 2, 19),
(310, 55, 123, 4, 20),
(310, 55, 126, 2, 21),
(310, 58, 113, 4, 22),
(310, 59, 138, 8, 23),
(311, 62, 26, 4, 1),
(311, 62, 44, 4, 2),
(311, 62, 42, 4, 3),
(311, 58, 139, 3, 4),
(311, 57, 98, 2, 5),
(311, 56, 116, 4, 6),
(311, 60, 104, 1, 7),
(311, 62, 109, 3, 8),
(311, 54, 137, 1, 9),
(311, 62, 92, 4, 10),
(311, 56, 122, 4, 11),
(311, 55, 138, 2, 12),
(311, 55, 117, 1, 13),
(311, 59, 125, 4, 14),
(311, 1006, 36, 4, 15),
(311, 55, 120, 1, 16),
(311, 54, 135, 1, 17),
(311, 59, 121, 2, 18),
(311, 62, 93, 3, 19),
(311, 58, 113, 4, 20),
(311, 59, 137, 2, 21),
(311, 59, 138, 2, 22),
(312, 62, 120, 1, 1),
(312, 62, 113, 3, 2),
(312, 62, 33, 3, 3),
(312, 62, 32, 4, 4),
(312, 55, 53, 4, 5),
(312, 57, 98, 1, 6),
(312, 56, 116, 4, 7),
(312, 5005, 100, 4, 8),
(312, 55, 135, 2, 9),
(312, 60, 106, 2, 10),
(312, 60, 104, 2, 11),
(312, 62, 118, 1, 12),
(312, 62, 109, 3, 13),
(312, 57, 95, 1, 14),
(312, 56, 122, 3, 15),
(312, 63, 136, 1, 16),
(312, 61, 100, 4, 17),
(312, 62, 97, 4, 18),
(312, 59, 121, 3, 19),
(312, 63, 137, 2, 20),
(312, 59, 135, 8, 21),
(313, 59, 144, 3, 1),
(313, 59, 78, 3, 2),
(313, 58, 88, 2, 3),
(313, 61, 106, 3, 4),
(313, 54, 142, 1, 5),
(313, 57, 98, 1, 6),
(313, 56, 116, 4, 7),
(313, 5005, 100, 4, 8),
(313, 55, 135, 2, 9),
(313, 60, 104, 2, 10),
(313, 62, 118, 1, 11),
(313, 62, 109, 3, 12),
(313, 54, 137, 1, 13),
(313, 56, 122, 4, 14),
(313, 58, 112, 3, 15),
(313, 62, 97, 2, 16),
(313, 59, 121, 3, 17),
(313, 55, 123, 4, 18),
(313, 55, 126, 2, 19),
(313, 58, 113, 4, 20),
(313, 59, 138, 8, 21),
(314, 63, 151, 3, 1),
(314, 63, 150, 3, 2),
(314, 61, 58, 3, 3),
(314, 57, 2, 2, 4),
(314, 63, 13, 2, 5),
(314, 56, 116, 4, 6),
(314, 5005, 100, 4, 7),
(314, 61, 111, 3, 8),
(314, 60, 104, 2, 9),
(314, 62, 118, 1, 10),
(314, 62, 109, 3, 11),
(314, 55, 129, 1, 12),
(314, 56, 122, 2, 13),
(314, 59, 123, 1, 14),
(314, 63, 131, 2, 15),
(314, 59, 121, 1, 16),
(314, 56, 99, 2, 17),
(314, 61, 91, 2, 18),
(314, 59, 119, 1, 19),
(314, 63, 138, 4, 20),
(314, 63, 140, 2, 21),
(314, 61, 104, 4, 22),
(314, 59, 137, 8, 23),
(315, 59, 144, 3, 1),
(315, 59, 78, 3, 2),
(315, 58, 88, 2, 3),
(315, 61, 106, 2, 4),
(315, 54, 142, 1, 5),
(315, 57, 98, 1, 6),
(315, 56, 116, 4, 7),
(315, 5005, 100, 4, 8),
(315, 55, 135, 2, 9),
(315, 56, 115, 1, 10),
(315, 60, 104, 2, 11),
(315, 62, 118, 1, 12),
(315, 62, 109, 3, 13),
(315, 54, 137, 1, 14),
(315, 56, 122, 4, 15),
(315, 58, 112, 2, 16),
(315, 62, 97, 2, 17),
(315, 59, 121, 3, 18),
(315, 55, 123, 4, 19),
(315, 55, 126, 2, 20),
(315, 58, 113, 4, 21),
(315, 59, 138, 9, 22),
(316, 55, 72, 3, 1),
(316, 55, 71, 4, 2),
(316, 61, 63, 2, 3),
(316, 58, 137, 1, 4),
(316, 58, 43, 1, 5),
(316, 56, 118, 1, 6),
(316, 62, 65, 1, 7),
(316, 56, 116, 4, 8),
(316, 5005, 100, 3, 9),
(316, 61, 111, 4, 10),
(316, 55, 135, 1, 11),
(316, 63, 160, 1, 12),
(316, 60, 104, 2, 13),
(316, 62, 109, 3, 14),
(316, 55, 128, 1, 15),
(316, 56, 122, 2, 16),
(316, 59, 123, 1, 17),
(316, 62, 102, 4, 18),
(316, 54, 135, 2, 19),
(316, 59, 121, 2, 20),
(316, 57, 88, 1, 21),
(316, 56, 99, 2, 22),
(316, 61, 90, 3, 23),
(316, 58, 113, 3, 24),
(316, 61, 104, 4, 25),
(316, 59, 137, 4, 26),
(317, 55, 72, 4, 1),
(317, 55, 71, 4, 2),
(317, 61, 63, 4, 3),
(317, 56, 116, 4, 4),
(317, 5005, 100, 3, 5),
(317, 61, 111, 4, 6),
(317, 55, 135, 1, 7),
(317, 63, 160, 1, 8),
(317, 60, 104, 3, 9),
(317, 62, 118, 1, 10),
(317, 62, 109, 3, 11),
(317, 54, 137, 1, 12),
(317, 59, 123, 1, 13),
(317, 62, 102, 4, 14),
(317, 55, 120, 1, 15),
(317, 59, 121, 3, 16),
(317, 57, 88, 2, 17),
(317, 61, 90, 3, 18),
(317, 63, 140, 1, 19),
(317, 58, 113, 2, 20),
(317, 61, 104, 4, 21),
(317, 59, 137, 6, 22),
(318, 59, 144, 3, 1),
(318, 59, 78, 1, 2),
(318, 58, 88, 1, 3),
(318, 61, 106, 3, 4),
(318, 56, 119, 2, 5),
(318, 58, 67, 2, 6),
(318, 57, 98, 1, 7),
(318, 56, 116, 4, 8),
(318, 5005, 100, 4, 9),
(318, 55, 135, 1, 10),
(318, 60, 104, 2, 11),
(318, 62, 119, 2, 12),
(318, 62, 118, 1, 13),
(318, 62, 109, 3, 14),
(318, 54, 137, 1, 15),
(318, 56, 122, 4, 16),
(318, 54, 135, 2, 17),
(318, 59, 121, 3, 18),
(318, 56, 99, 2, 19),
(318, 55, 123, 4, 20),
(318, 55, 126, 2, 21),
(318, 58, 113, 4, 22),
(318, 59, 138, 8, 23),
(319, 63, 149, 3, 1),
(319, 63, 148, 3, 2),
(319, 54, 142, 2, 3),
(319, 56, 31, 1, 4),
(319, 57, 20, 1, 5),
(319, 56, 116, 4, 6),
(319, 5005, 100, 4, 7),
(319, 55, 135, 2, 8),
(319, 54, 149, 2, 9),
(319, 60, 104, 2, 10),
(319, 62, 118, 1, 11),
(319, 62, 109, 4, 12),
(319, 54, 137, 1, 13),
(319, 63, 161, 4, 14),
(319, 59, 123, 2, 15),
(319, 57, 80, 1, 16),
(319, 56, 121, 1, 17),
(319, 63, 132, 3, 18),
(319, 56, 99, 3, 19),
(319, 63, 137, 2, 20),
(319, 63, 139, 2, 21),
(319, 58, 113, 2, 22),
(319, 59, 134, 10, 23),
(320, 54, 31, 3, 1),
(320, 59, 30, 1, 2),
(320, 54, 142, 3, 3),
(320, 55, 95, 2, 4),
(320, 61, 106, 1, 5),
(320, 57, 20, 1, 6),
(320, 57, 98, 2, 7),
(320, 56, 4, 2, 8),
(320, 56, 116, 2, 9),
(320, 63, 157, 3, 10),
(320, 60, 104, 1, 11),
(320, 62, 119, 1, 12),
(320, 62, 118, 1, 13),
(320, 54, 137, 1, 14),
(320, 62, 109, 4, 15),
(320, 62, 92, 4, 16),
(320, 56, 122, 4, 17),
(320, 59, 123, 1, 18),
(320, 63, 122, 3, 19),
(320, 56, 103, 4, 20),
(320, 54, 136, 1, 21),
(320, 59, 124, 1, 22),
(320, 59, 121, 2, 23),
(320, 56, 99, 1, 24),
(320, 63, 137, 1, 25),
(320, 59, 134, 8, 26),
(320, 59, 135, 2, 27),
(321, 59, 144, 3, 1),
(321, 59, 78, 2, 2),
(321, 58, 88, 1, 3),
(321, 61, 106, 3, 4),
(321, 56, 119, 2, 5),
(321, 58, 67, 2, 6),
(321, 57, 98, 1, 7),
(321, 56, 116, 4, 8),
(321, 5005, 100, 3, 9),
(321, 55, 135, 1, 10),
(321, 63, 160, 1, 11),
(321, 60, 104, 2, 12),
(321, 62, 119, 1, 13),
(321, 62, 118, 1, 14),
(321, 62, 109, 3, 15),
(321, 54, 137, 1, 16),
(321, 56, 122, 4, 17),
(321, 55, 120, 1, 18),
(321, 54, 135, 1, 19),
(321, 59, 121, 3, 20),
(321, 56, 99, 2, 21),
(321, 55, 123, 4, 22),
(321, 55, 126, 2, 23),
(321, 58, 113, 4, 24),
(321, 59, 138, 8, 25),
(322, 63, 151, 2, 1),
(322, 63, 150, 2, 2),
(322, 54, 144, 2, 3),
(322, 61, 58, 2, 4),
(322, 61, 63, 3, 5),
(322, 61, 107, 1, 6),
(322, 56, 116, 4, 7),
(322, 5005, 100, 4, 8),
(322, 61, 111, 4, 9),
(322, 55, 135, 1, 10),
(322, 63, 160, 1, 11),
(322, 60, 104, 2, 12),
(322, 62, 118, 1, 13),
(322, 62, 109, 4, 14),
(322, 55, 129, 1, 15),
(322, 62, 92, 1, 16),
(322, 59, 123, 1, 17),
(322, 56, 121, 1, 18),
(322, 55, 120, 1, 19),
(322, 54, 135, 1, 20),
(322, 61, 101, 1, 21),
(322, 63, 131, 1, 22),
(322, 59, 121, 1, 23),
(322, 61, 91, 1, 24),
(322, 59, 119, 1, 25),
(322, 61, 90, 2, 26),
(322, 63, 140, 2, 27),
(322, 61, 104, 4, 28),
(322, 59, 137, 8, 29),
(323, 61, 106, 4, 1),
(323, 62, 69, 4, 2),
(323, 62, 68, 4, 3),
(323, 57, 98, 1, 4),
(323, 56, 116, 4, 5),
(323, 5005, 100, 3, 6),
(323, 60, 104, 1, 7),
(323, 59, 129, 1, 8),
(323, 62, 119, 1, 9),
(323, 59, 115, 1, 10),
(323, 60, 105, 1, 11),
(323, 62, 118, 1, 12),
(323, 62, 109, 4, 13),
(323, 54, 137, 1, 14),
(323, 56, 122, 2, 15),
(323, 63, 122, 4, 16),
(323, 58, 111, 4, 17),
(323, 62, 94, 1, 18),
(323, 54, 135, 1, 19),
(323, 62, 97, 2, 20),
(323, 59, 121, 3, 21),
(323, 56, 99, 2, 22),
(323, 55, 123, 4, 23),
(323, 55, 126, 2, 24),
(323, 58, 113, 4, 25),
(324, 56, 12, 4, 1),
(324, 56, 11, 3, 2),
(324, 56, 90, 3, 3),
(324, 61, 80, 1, 4),
(324, 56, 117, 2, 5),
(324, 62, 69, 1, 6),
(324, 62, 68, 1, 7),
(324, 54, 108, 2, 8),
(324, 54, 126, 2, 9),
(324, 56, 47, 1, 10),
(324, 57, 98, 1, 11),
(324, 56, 4, 2, 12),
(324, 56, 116, 3, 13),
(324, 5005, 100, 2, 14),
(324, 63, 157, 1, 15),
(324, 60, 104, 1, 16),
(324, 62, 118, 1, 17),
(324, 62, 109, 4, 18),
(324, 54, 137, 1, 19),
(324, 62, 92, 4, 20),
(324, 56, 122, 4, 21),
(324, 54, 136, 1, 22),
(324, 63, 122, 4, 23),
(324, 57, 88, 2, 24),
(324, 56, 99, 1, 25),
(324, 61, 102, 1, 26),
(324, 58, 113, 4, 27),
(324, 59, 134, 2, 28),
(324, 59, 132, 1, 29),
(325, 59, 144, 3, 1),
(325, 59, 78, 2, 2),
(325, 58, 88, 2, 3),
(325, 61, 106, 2, 4),
(325, 56, 11, 2, 5),
(325, 56, 90, 2, 6),
(325, 54, 142, 1, 7),
(325, 57, 98, 1, 8),
(325, 56, 116, 4, 9),
(325, 5005, 100, 4, 10),
(325, 55, 135, 1, 11),
(325, 60, 104, 2, 12),
(325, 62, 117, 1, 13),
(325, 62, 109, 4, 14),
(325, 54, 137, 1, 15),
(325, 56, 122, 4, 16),
(325, 58, 112, 2, 17),
(325, 59, 121, 4, 18),
(325, 55, 123, 4, 19),
(325, 55, 126, 2, 20),
(325, 58, 113, 4, 21),
(325, 59, 138, 8, 22),
(326, 63, 156, 3, 1),
(326, 63, 155, 3, 2),
(326, 59, 96, 4, 3),
(326, 59, 93, 2, 4),
(326, 60, 67, 2, 5),
(326, 56, 116, 4, 6),
(326, 5005, 100, 2, 7),
(326, 55, 135, 1, 8),
(326, 63, 159, 2, 9),
(326, 63, 160, 1, 10),
(326, 60, 106, 3, 11),
(326, 60, 104, 2, 12),
(326, 62, 118, 1, 13),
(326, 62, 109, 3, 14),
(326, 55, 128, 1, 15),
(326, 56, 122, 2, 16),
(326, 59, 116, 1, 17),
(326, 62, 94, 2, 18),
(326, 56, 121, 2, 19),
(326, 54, 135, 1, 20),
(326, 60, 97, 1, 21),
(326, 63, 130, 3, 22),
(326, 59, 117, 2, 23),
(326, 59, 140, 12, 24),
(327, 2, 16, 3, 1),
(327, 2, 54, 4, 2),
(327, 1, 7, 4, 3),
(327, 2, 10, 4, 4),
(327, 1, 88, 4, 5),
(327, 1, 91, 3, 6),
(327, 1, 71, 4, 7),
(327, 1, 74, 4, 8),
(327, 5, 77, 2, 9),
(327, 5, 16, 3, 10),
(327, 1, 79, 3, 11),
(327, 1, 92, 3, 12),
(327, 1, 93, 2, 13),
(327, 1, 84, 3, 14),
(327, 1, 96, 4, 15),
(327, 5, 81, 2, 16),
(327, 1, 97, 8, 17),
(328, 59, 93, 2, 1),
(328, 59, 92, 3, 2),
(328, 61, 106, 3, 3),
(328, 62, 115, 2, 4),
(328, 59, 144, 1, 5),
(328, 58, 88, 2, 6),
(328, 62, 113, 1, 7),
(328, 57, 98, 1, 8),
(328, 56, 116, 4, 9),
(328, 5005, 100, 3, 10),
(328, 55, 135, 1, 11),
(328, 54, 149, 2, 12),
(328, 60, 104, 2, 13),
(328, 62, 119, 1, 14),
(328, 62, 117, 1, 15),
(328, 62, 118, 1, 16),
(328, 62, 109, 3, 17),
(328, 54, 137, 1, 18),
(328, 56, 122, 4, 19),
(328, 56, 121, 3, 20),
(328, 59, 121, 2, 21),
(328, 55, 123, 4, 22),
(328, 55, 126, 2, 23),
(328, 58, 113, 4, 24),
(328, 59, 131, 4, 25),
(328, 59, 140, 3, 26),
(329, 56, 117, 4, 1),
(329, 58, 34, 2, 2),
(329, 58, 121, 4, 3),
(329, 60, 83, 2, 4),
(329, 55, 46, 2, 5),
(329, 55, 44, 1, 6),
(329, 55, 42, 2, 7),
(329, 56, 30, 1, 8),
(329, 57, 98, 1, 9),
(329, 56, 4, 1, 10),
(329, 56, 116, 4, 11),
(329, 5005, 100, 3, 12),
(329, 54, 149, 1, 13),
(329, 63, 160, 1, 14),
(329, 57, 101, 1, 15),
(329, 60, 104, 1, 16),
(329, 62, 119, 1, 17),
(329, 60, 105, 2, 18),
(329, 62, 118, 1, 19),
(329, 62, 109, 4, 20),
(329, 56, 107, 1, 21),
(329, 62, 92, 2, 22),
(329, 56, 122, 4, 23),
(329, 57, 85, 3, 24),
(329, 55, 120, 1, 25),
(329, 60, 97, 1, 26),
(329, 57, 88, 2, 27),
(329, 56, 99, 1, 28),
(329, 59, 134, 6, 29),
(330, 63, 149, 3, 1),
(330, 63, 148, 3, 2),
(330, 54, 142, 2, 3),
(330, 57, 20, 1, 4),
(330, 58, 137, 2, 5),
(330, 57, 98, 1, 6),
(330, 56, 116, 4, 7),
(330, 5005, 100, 4, 8),
(330, 55, 135, 2, 9),
(330, 54, 149, 2, 10),
(330, 60, 104, 2, 11),
(330, 62, 109, 3, 12),
(330, 54, 137, 1, 13),
(330, 63, 161, 2, 14),
(330, 56, 122, 3, 15),
(330, 59, 123, 2, 16),
(330, 63, 132, 2, 17),
(330, 59, 121, 1, 18),
(330, 57, 88, 1, 19),
(330, 56, 99, 3, 20),
(330, 63, 137, 3, 21),
(330, 58, 113, 3, 22),
(330, 59, 134, 10, 23),
(331, 59, 93, 2, 1),
(331, 59, 92, 3, 2),
(331, 61, 106, 3, 3),
(331, 62, 115, 1, 4),
(331, 59, 144, 1, 5),
(331, 58, 88, 1, 6),
(331, 57, 97, 1, 7),
(331, 54, 142, 1, 8),
(331, 57, 98, 1, 9),
(331, 56, 116, 4, 10),
(331, 5005, 100, 3, 11),
(331, 55, 135, 1, 12),
(331, 54, 149, 1, 13),
(331, 60, 106, 2, 14),
(331, 60, 104, 1, 15),
(331, 62, 119, 1, 16),
(331, 62, 117, 1, 17),
(331, 62, 118, 1, 18),
(331, 62, 109, 4, 19),
(331, 54, 137, 1, 20),
(331, 56, 122, 3, 21),
(331, 56, 121, 3, 22),
(331, 59, 121, 2, 23),
(331, 55, 123, 4, 24),
(331, 55, 126, 2, 25),
(331, 58, 113, 4, 26),
(331, 59, 131, 4, 27),
(331, 59, 140, 4, 28),
(332, 59, 93, 3, 1),
(332, 59, 92, 3, 2),
(332, 61, 106, 2, 3),
(332, 59, 96, 2, 4),
(332, 62, 115, 1, 5),
(332, 59, 144, 1, 6),
(332, 63, 145, 1, 7),
(332, 62, 120, 1, 8),
(332, 62, 113, 1, 9),
(332, 54, 142, 1, 10),
(332, 56, 116, 4, 11),
(332, 5005, 100, 4, 12),
(332, 55, 135, 2, 13),
(332, 60, 106, 3, 14),
(332, 60, 104, 2, 15),
(332, 62, 117, 2, 16),
(332, 62, 118, 1, 17),
(332, 62, 109, 3, 18),
(332, 54, 137, 1, 19),
(332, 56, 122, 2, 20),
(332, 56, 121, 3, 21),
(332, 59, 121, 2, 22),
(332, 59, 117, 4, 23),
(332, 59, 131, 4, 24),
(332, 59, 140, 7, 25),
(333, 57, 96, 3, 1),
(333, 61, 106, 2, 2),
(333, 58, 54, 3, 3),
(333, 58, 136, 1, 4),
(333, 61, 34, 1, 5),
(333, 57, 98, 1, 6),
(333, 56, 116, 4, 7),
(333, 5005, 100, 4, 8),
(333, 55, 135, 1, 9),
(333, 54, 149, 2, 10),
(333, 60, 104, 2, 11),
(333, 62, 118, 1, 12),
(333, 62, 109, 4, 13),
(333, 55, 129, 1, 14),
(333, 56, 122, 4, 15),
(333, 58, 112, 1, 16),
(333, 56, 121, 1, 17),
(333, 54, 135, 2, 18),
(333, 59, 121, 3, 19),
(333, 55, 123, 4, 20),
(333, 55, 126, 2, 21),
(333, 58, 113, 4, 22),
(333, 59, 132, 9, 23),
(334, 55, 72, 4, 1),
(334, 55, 71, 4, 2),
(334, 61, 63, 2, 3),
(334, 63, 151, 1, 4),
(334, 63, 150, 1, 5),
(334, 58, 51, 1, 6),
(334, 56, 116, 3, 7),
(334, 5005, 100, 3, 8),
(334, 61, 111, 4, 9),
(334, 55, 135, 2, 10),
(334, 60, 104, 2, 11),
(334, 62, 119, 1, 12),
(334, 62, 118, 1, 13),
(334, 62, 109, 3, 14),
(334, 54, 137, 1, 15),
(334, 59, 123, 1, 16),
(334, 62, 102, 4, 17),
(334, 55, 120, 1, 18),
(334, 54, 135, 1, 19),
(334, 63, 131, 1, 20),
(334, 59, 121, 3, 21),
(334, 57, 88, 1, 22),
(334, 61, 90, 3, 23),
(334, 58, 113, 2, 24),
(334, 61, 104, 4, 25),
(334, 59, 137, 6, 26),
(335, 61, 106, 4, 1),
(335, 56, 119, 2, 2),
(335, 58, 67, 2, 3),
(335, 56, 116, 4, 4),
(335, 5005, 100, 4, 5),
(335, 60, 104, 1, 6),
(335, 59, 129, 1, 7),
(335, 62, 119, 2, 8),
(335, 59, 115, 1, 9),
(335, 62, 118, 1, 10),
(335, 62, 109, 4, 11),
(335, 54, 137, 1, 12),
(335, 63, 122, 4, 13),
(335, 55, 117, 1, 14),
(335, 59, 125, 3, 15),
(335, 58, 111, 4, 16),
(335, 62, 97, 2, 17),
(335, 59, 121, 3, 18),
(335, 56, 99, 2, 19),
(335, 55, 123, 4, 20),
(335, 55, 126, 3, 21),
(335, 58, 113, 4, 22),
(335, 59, 134, 3, 23),
(336, 62, 34, 3, 1),
(336, 59, 55, 3, 2),
(336, 59, 54, 4, 3),
(336, 59, 43, 3, 4),
(336, 59, 42, 3, 5),
(336, 63, 21, 1, 6),
(336, 63, 20, 1, 7),
(336, 56, 47, 1, 8),
(336, 57, 98, 1, 9),
(336, 56, 116, 4, 10),
(336, 5005, 100, 3, 11),
(336, 55, 135, 1, 12),
(336, 63, 160, 1, 13),
(336, 60, 104, 2, 14),
(336, 62, 118, 1, 15),
(336, 62, 109, 3, 16),
(336, 54, 137, 1, 17),
(336, 56, 122, 4, 18),
(336, 59, 121, 3, 19),
(336, 56, 99, 3, 20),
(336, 63, 140, 1, 21),
(336, 55, 126, 2, 22),
(336, 58, 113, 4, 23),
(336, 62, 112, 4, 24),
(336, 59, 136, 3, 25),
(337, 62, 61, 4, 1),
(337, 62, 60, 4, 2),
(337, 62, 65, 2, 3),
(337, 55, 133, 1, 4),
(337, 62, 122, 2, 5),
(337, 54, 142, 1, 6),
(337, 56, 116, 4, 7),
(337, 5005, 100, 3, 8),
(337, 55, 135, 1, 9),
(337, 63, 160, 1, 10),
(337, 60, 104, 2, 11),
(337, 62, 119, 1, 12),
(337, 62, 109, 3, 13),
(337, 54, 137, 1, 14),
(337, 62, 92, 3, 15),
(337, 56, 122, 3, 16),
(337, 63, 136, 2, 17),
(337, 60, 96, 1, 18),
(337, 54, 135, 1, 19),
(337, 59, 121, 3, 20),
(337, 56, 99, 3, 21),
(337, 55, 123, 2, 22),
(337, 58, 113, 3, 23),
(337, 59, 139, 9, 24),
(338, 62, 26, 4, 1),
(338, 59, 54, 4, 2),
(338, 62, 42, 4, 3),
(338, 58, 139, 4, 4),
(338, 56, 47, 1, 5),
(338, 57, 98, 1, 6),
(338, 56, 116, 4, 7),
(338, 63, 160, 1, 8),
(338, 60, 104, 2, 9),
(338, 62, 109, 4, 10),
(338, 54, 137, 1, 11),
(338, 62, 92, 4, 12),
(338, 56, 122, 4, 13),
(338, 63, 122, 4, 14),
(338, 55, 117, 3, 15),
(338, 54, 136, 1, 16),
(338, 57, 88, 1, 17),
(338, 59, 119, 2, 18),
(338, 62, 93, 4, 19),
(338, 58, 113, 4, 20),
(338, 59, 137, 3, 21),
(339, 59, 144, 3, 1),
(339, 59, 78, 2, 2),
(339, 58, 88, 2, 3),
(339, 61, 106, 3, 4),
(339, 54, 142, 1, 5),
(339, 57, 98, 1, 6),
(339, 56, 116, 4, 7),
(339, 5005, 100, 4, 8),
(339, 55, 135, 1, 9),
(339, 56, 115, 1, 10),
(339, 60, 104, 3, 11),
(339, 62, 118, 1, 12),
(339, 62, 109, 3, 13),
(339, 54, 137, 1, 14),
(339, 56, 122, 4, 15),
(339, 59, 123, 1, 16),
(339, 58, 112, 2, 17),
(339, 62, 97, 2, 18),
(339, 59, 121, 3, 19),
(339, 55, 123, 4, 20),
(339, 55, 126, 2, 21),
(339, 58, 113, 4, 22),
(339, 59, 138, 8, 23),
(340, 59, 144, 3, 1),
(340, 59, 78, 2, 2),
(340, 58, 88, 1, 3),
(340, 61, 106, 2, 4),
(340, 54, 142, 1, 5),
(340, 56, 47, 1, 6),
(340, 57, 98, 1, 7),
(340, 56, 116, 4, 8),
(340, 5005, 100, 3, 9),
(340, 55, 135, 1, 10),
(340, 54, 149, 1, 11),
(340, 60, 104, 2, 12),
(340, 62, 117, 1, 13),
(340, 62, 118, 1, 14),
(340, 62, 109, 2, 15),
(340, 54, 137, 1, 16),
(340, 56, 122, 3, 17),
(340, 59, 123, 1, 18),
(340, 62, 94, 2, 19),
(340, 54, 135, 2, 20),
(340, 60, 97, 1, 21),
(340, 62, 97, 2, 22),
(340, 59, 121, 3, 23),
(340, 55, 123, 4, 24),
(340, 55, 126, 2, 25),
(340, 59, 126, 1, 26),
(340, 58, 113, 4, 27),
(340, 59, 138, 8, 28),
(341, 62, 26, 4, 1),
(341, 62, 44, 4, 2),
(341, 62, 42, 4, 3),
(341, 58, 139, 3, 4),
(341, 56, 117, 2, 5),
(341, 56, 47, 1, 6),
(341, 57, 98, 1, 7),
(341, 56, 116, 4, 8),
(341, 5005, 100, 2, 9),
(341, 63, 157, 1, 10),
(341, 63, 160, 1, 11),
(341, 60, 104, 1, 12),
(341, 62, 109, 4, 13),
(341, 54, 137, 1, 14),
(341, 62, 92, 4, 15),
(341, 56, 122, 3, 16),
(341, 63, 122, 4, 17),
(341, 55, 120, 1, 18),
(341, 59, 121, 3, 19),
(341, 62, 93, 4, 20),
(341, 58, 113, 4, 21),
(341, 59, 134, 4, 22),
(342, 61, 106, 4, 1),
(342, 58, 54, 1, 2),
(342, 62, 33, 3, 3),
(342, 62, 32, 4, 4),
(342, 55, 53, 4, 5),
(342, 57, 98, 1, 6),
(342, 56, 116, 4, 7),
(342, 5005, 100, 3, 8),
(342, 55, 135, 2, 9),
(342, 60, 104, 1, 10),
(342, 62, 119, 2, 11),
(342, 62, 117, 1, 12),
(342, 60, 105, 1, 13),
(342, 62, 118, 1, 14),
(342, 62, 109, 4, 15),
(342, 54, 137, 1, 16),
(342, 56, 122, 4, 17),
(342, 61, 100, 4, 18),
(342, 59, 121, 3, 19),
(342, 55, 123, 4, 20),
(342, 55, 126, 2, 21),
(342, 58, 113, 4, 22),
(342, 59, 134, 2, 23),
(343, 59, 144, 3, 1),
(343, 59, 78, 3, 2),
(343, 58, 88, 1, 3),
(343, 62, 33, 2, 4),
(343, 62, 32, 2, 5),
(343, 55, 53, 2, 6),
(343, 61, 106, 1, 7),
(343, 57, 98, 1, 8),
(343, 56, 116, 4, 9),
(343, 5005, 100, 3, 10),
(343, 55, 135, 2, 11),
(343, 60, 104, 2, 12),
(343, 62, 119, 1, 13),
(343, 62, 117, 1, 14),
(343, 62, 109, 2, 15),
(343, 54, 137, 1, 16),
(343, 56, 122, 3, 17),
(343, 59, 123, 1, 18),
(343, 58, 112, 2, 19),
(343, 55, 120, 1, 20),
(343, 59, 121, 3, 21),
(343, 55, 123, 4, 22),
(343, 55, 126, 2, 23),
(343, 63, 140, 1, 24),
(343, 58, 113, 4, 25),
(343, 59, 138, 8, 26),
(344, 61, 106, 3, 1),
(344, 62, 33, 3, 2),
(344, 62, 32, 4, 3),
(344, 55, 53, 4, 4),
(344, 61, 34, 1, 5),
(344, 57, 98, 1, 6),
(344, 56, 116, 4, 7),
(344, 5005, 100, 3, 8),
(344, 55, 135, 2, 9),
(344, 54, 149, 1, 10),
(344, 60, 104, 1, 11),
(344, 62, 119, 1, 12),
(344, 62, 117, 1, 13),
(344, 62, 118, 1, 14),
(344, 62, 109, 4, 15),
(344, 54, 137, 1, 16),
(344, 56, 122, 4, 17),
(344, 61, 100, 4, 18),
(344, 59, 121, 3, 19),
(344, 55, 123, 4, 20),
(344, 55, 126, 2, 21),
(344, 58, 113, 4, 22),
(344, 59, 134, 4, 23),
(345, 61, 106, 4, 1),
(345, 62, 69, 3, 2),
(345, 62, 68, 3, 3),
(345, 57, 97, 1, 4),
(345, 57, 98, 1, 5),
(345, 56, 116, 4, 6),
(345, 5005, 100, 2, 7),
(345, 55, 135, 1, 8),
(345, 60, 104, 2, 9),
(345, 59, 129, 1, 10),
(345, 62, 118, 1, 11),
(345, 62, 109, 3, 12),
(345, 54, 137, 1, 13),
(345, 56, 122, 4, 14),
(345, 58, 111, 3, 15),
(345, 62, 94, 2, 16),
(345, 61, 100, 2, 17),
(345, 62, 97, 2, 18),
(345, 59, 121, 3, 19),
(345, 56, 99, 1, 20),
(345, 55, 123, 4, 21),
(345, 55, 126, 2, 22),
(345, 55, 127, 2, 23),
(345, 58, 113, 4, 24),
(345, 59, 132, 4, 25),
(346, 55, 72, 3, 1),
(346, 55, 71, 3, 2),
(346, 61, 63, 2, 3),
(346, 59, 43, 2, 4),
(346, 59, 42, 3, 5),
(346, 58, 43, 1, 6),
(346, 57, 20, 1, 7),
(346, 56, 47, 1, 8),
(346, 56, 116, 4, 9),
(346, 5005, 100, 3, 10),
(346, 61, 111, 3, 11),
(346, 55, 135, 2, 12),
(346, 60, 104, 2, 13),
(346, 62, 109, 2, 14),
(346, 54, 137, 1, 15),
(346, 56, 122, 3, 16),
(346, 63, 136, 1, 17),
(346, 62, 102, 3, 18),
(346, 55, 120, 1, 19),
(346, 59, 121, 2, 20),
(346, 57, 88, 1, 21),
(346, 56, 99, 2, 22),
(346, 61, 90, 2, 23),
(346, 63, 140, 2, 24),
(346, 58, 113, 4, 25),
(346, 61, 104, 4, 26),
(346, 59, 137, 2, 27),
(347, 62, 26, 4, 1),
(347, 59, 54, 4, 2),
(347, 62, 42, 4, 3),
(347, 58, 139, 3, 4),
(347, 63, 119, 1, 5),
(347, 56, 117, 2, 6),
(347, 57, 98, 1, 7),
(347, 56, 116, 4, 8),
(347, 5005, 100, 1, 9),
(347, 63, 157, 1, 10),
(347, 60, 104, 2, 11),
(347, 62, 109, 4, 12),
(347, 54, 137, 1, 13),
(347, 62, 92, 4, 14),
(347, 56, 122, 4, 15),
(347, 63, 122, 4, 16),
(347, 54, 135, 1, 17),
(347, 59, 121, 2, 18),
(347, 57, 88, 1, 19),
(347, 62, 93, 4, 20),
(347, 58, 113, 4, 21),
(347, 59, 134, 4, 22),
(348, 59, 144, 3, 1),
(348, 59, 78, 3, 2),
(348, 61, 106, 2, 3),
(348, 58, 88, 1, 4),
(348, 61, 34, 1, 5),
(348, 57, 98, 1, 6),
(348, 56, 116, 4, 7),
(348, 5005, 100, 4, 8),
(348, 55, 135, 1, 9),
(348, 60, 104, 2, 10),
(348, 60, 105, 1, 11),
(348, 62, 118, 1, 12),
(348, 62, 109, 4, 13),
(348, 54, 137, 1, 14),
(348, 56, 122, 3, 15),
(348, 63, 122, 1, 16),
(348, 58, 112, 2, 17),
(348, 62, 94, 2, 18),
(348, 55, 120, 1, 19),
(348, 54, 135, 1, 20),
(348, 59, 121, 3, 21),
(348, 55, 123, 4, 22),
(348, 55, 126, 2, 23),
(348, 58, 113, 4, 24),
(348, 59, 138, 8, 25),
(349, 61, 106, 3, 1),
(349, 62, 113, 3, 2),
(349, 58, 54, 1, 3),
(349, 56, 119, 2, 4),
(349, 58, 67, 2, 5),
(349, 56, 116, 4, 6),
(349, 5005, 100, 4, 7),
(349, 55, 135, 2, 8),
(349, 54, 149, 2, 9),
(349, 60, 104, 3, 10),
(349, 62, 118, 1, 11),
(349, 62, 109, 2, 12),
(349, 54, 137, 1, 13),
(349, 56, 122, 3, 14),
(349, 54, 135, 2, 15),
(349, 62, 97, 3, 16),
(349, 59, 121, 3, 17),
(349, 56, 99, 3, 18),
(349, 55, 123, 4, 19),
(349, 55, 126, 2, 20),
(349, 58, 113, 4, 21),
(349, 59, 135, 6, 22),
(350, 63, 149, 3, 1),
(350, 63, 148, 3, 2),
(350, 61, 106, 1, 3),
(350, 54, 142, 2, 4),
(350, 57, 20, 2, 5),
(350, 57, 98, 1, 6),
(350, 56, 116, 4, 7),
(350, 5005, 100, 4, 8),
(350, 55, 135, 2, 9),
(350, 54, 149, 2, 10),
(350, 60, 104, 2, 11),
(350, 60, 105, 1, 12),
(350, 62, 109, 3, 13),
(350, 54, 137, 1, 14),
(350, 63, 161, 2, 15),
(350, 56, 122, 2, 16),
(350, 59, 123, 2, 17),
(350, 57, 80, 1, 18),
(350, 63, 132, 3, 19),
(350, 56, 99, 3, 20),
(350, 63, 137, 3, 21),
(350, 63, 139, 1, 22),
(350, 58, 113, 2, 23),
(350, 59, 134, 10, 24),
(351, 54, 144, 2, 1),
(351, 61, 107, 1, 2),
(351, 61, 63, 3, 3),
(351, 62, 33, 4, 4),
(351, 62, 32, 4, 5),
(351, 55, 53, 4, 6),
(351, 56, 116, 4, 7),
(351, 5005, 100, 2, 8),
(351, 63, 159, 2, 9),
(351, 61, 111, 2, 10),
(351, 55, 135, 1, 11),
(351, 60, 104, 2, 12),
(351, 62, 118, 1, 13),
(351, 62, 109, 2, 14),
(351, 54, 137, 1, 15),
(351, 56, 122, 2, 16),
(351, 63, 136, 2, 17),
(351, 59, 123, 1, 18),
(351, 62, 94, 1, 19),
(351, 61, 100, 3, 20),
(351, 54, 135, 1, 21),
(351, 60, 97, 1, 22),
(351, 59, 121, 3, 23),
(351, 61, 90, 3, 24),
(351, 61, 104, 4, 25),
(351, 59, 137, 4, 26),
(352, 62, 61, 3, 1),
(352, 62, 60, 4, 2),
(352, 62, 65, 2, 3),
(352, 55, 133, 1, 4),
(352, 62, 122, 2, 5),
(352, 62, 63, 1, 6),
(352, 58, 54, 1, 7),
(352, 61, 34, 1, 8),
(352, 54, 142, 1, 9),
(352, 57, 98, 1, 10),
(352, 56, 116, 4, 11),
(352, 5005, 100, 4, 12),
(352, 55, 135, 1, 13),
(352, 60, 104, 2, 14),
(352, 62, 119, 1, 15),
(352, 62, 117, 1, 16),
(352, 62, 118, 1, 17),
(352, 62, 109, 3, 18),
(352, 54, 137, 1, 19),
(352, 56, 122, 4, 20),
(352, 56, 121, 1, 21),
(352, 60, 97, 1, 22),
(352, 59, 121, 3, 23),
(352, 56, 99, 2, 24),
(352, 62, 105, 2, 25),
(352, 58, 113, 4, 26),
(352, 59, 139, 8, 27),
(353, 63, 151, 2, 1),
(353, 63, 150, 2, 2),
(353, 60, 40, 3, 3),
(353, 54, 62, 4, 4),
(353, 60, 38, 4, 5),
(353, 63, 147, 2, 6),
(353, 56, 47, 1, 7),
(353, 56, 116, 4, 8),
(353, 5005, 100, 3, 9),
(353, 61, 111, 4, 10),
(353, 55, 135, 4, 11),
(353, 60, 104, 1, 12),
(353, 62, 119, 1, 13),
(353, 62, 118, 1, 14),
(353, 62, 109, 2, 15),
(353, 54, 137, 1, 16),
(353, 56, 122, 3, 17),
(353, 54, 136, 1, 18),
(353, 55, 120, 1, 19),
(353, 56, 121, 3, 20),
(353, 61, 91, 2, 21),
(353, 59, 117, 2, 22),
(353, 63, 140, 1, 23),
(353, 59, 131, 3, 24),
(353, 55, 127, 1, 25),
(353, 61, 104, 4, 26),
(354, 63, 149, 3, 1),
(354, 63, 148, 3, 2),
(354, 54, 142, 2, 3),
(354, 56, 31, 1, 4),
(354, 57, 20, 1, 5),
(354, 56, 116, 4, 6),
(354, 5005, 100, 4, 7),
(354, 55, 135, 1, 8),
(354, 54, 149, 2, 9),
(354, 60, 104, 2, 10),
(354, 62, 118, 1, 11),
(354, 62, 109, 4, 12),
(354, 54, 137, 1, 13),
(354, 63, 161, 4, 14),
(354, 59, 123, 2, 15),
(354, 57, 80, 1, 16),
(354, 56, 121, 1, 17),
(354, 55, 120, 1, 18),
(354, 63, 132, 3, 19),
(354, 56, 99, 3, 20),
(354, 63, 137, 2, 21),
(354, 63, 139, 2, 22),
(354, 58, 113, 2, 23),
(354, 59, 134, 10, 24),
(355, 59, 144, 3, 1),
(355, 59, 78, 2, 2),
(355, 58, 88, 1, 3),
(355, 61, 106, 2, 4),
(355, 58, 54, 1, 5),
(355, 61, 34, 1, 6),
(355, 57, 98, 1, 7),
(355, 56, 116, 4, 8),
(355, 5005, 100, 4, 9),
(355, 55, 135, 1, 10),
(355, 60, 104, 2, 11),
(355, 62, 118, 1, 12),
(355, 62, 109, 4, 13),
(355, 54, 137, 1, 14),
(355, 62, 92, 1, 15),
(355, 56, 122, 3, 16),
(355, 59, 123, 1, 17),
(355, 63, 122, 4, 18),
(355, 55, 120, 1, 19),
(355, 54, 135, 1, 20),
(355, 59, 121, 3, 21),
(355, 55, 123, 4, 22),
(355, 55, 126, 2, 23),
(355, 58, 113, 4, 24),
(355, 59, 138, 8, 25),
(356, 62, 26, 4, 1),
(356, 62, 44, 4, 2),
(356, 62, 42, 4, 3),
(356, 58, 139, 3, 4),
(356, 56, 117, 1, 5),
(356, 56, 47, 1, 6),
(356, 57, 98, 1, 7),
(356, 56, 116, 4, 8),
(356, 5005, 100, 2, 9),
(356, 63, 157, 1, 10),
(356, 60, 104, 1, 11),
(356, 62, 118, 1, 12),
(356, 54, 137, 1, 13),
(356, 62, 109, 4, 14),
(356, 62, 92, 4, 15),
(356, 56, 122, 4, 16),
(356, 63, 122, 4, 17),
(356, 55, 120, 1, 18),
(356, 59, 121, 2, 19),
(356, 57, 88, 1, 20),
(356, 59, 119, 1, 21),
(356, 62, 93, 4, 22),
(356, 58, 113, 4, 23),
(356, 59, 134, 3, 24),
(357, 57, 96, 3, 1),
(357, 61, 106, 3, 2),
(357, 58, 54, 2, 3),
(357, 55, 131, 1, 4),
(357, 61, 34, 1, 5),
(357, 57, 98, 1, 6),
(357, 56, 116, 4, 7),
(357, 5005, 100, 3, 8),
(357, 55, 135, 1, 9),
(357, 54, 149, 2, 10),
(357, 60, 104, 2, 11),
(357, 62, 118, 1, 12),
(357, 62, 109, 3, 13),
(357, 55, 130, 1, 14),
(357, 56, 122, 4, 15),
(357, 61, 100, 3, 16),
(357, 54, 135, 2, 17),
(357, 59, 121, 4, 18),
(357, 55, 123, 4, 19),
(357, 55, 126, 2, 20),
(357, 58, 113, 4, 21),
(357, 59, 132, 9, 22),
(358, 59, 93, 2, 1),
(358, 59, 92, 3, 2),
(358, 61, 106, 3, 3),
(358, 62, 115, 1, 4),
(358, 59, 144, 1, 5),
(358, 58, 88, 1, 6),
(358, 57, 97, 1, 7),
(358, 54, 142, 1, 8),
(358, 57, 98, 1, 9),
(358, 56, 116, 4, 10),
(358, 5005, 100, 3, 11),
(358, 55, 135, 1, 12),
(358, 54, 149, 1, 13),
(358, 60, 106, 2, 14),
(358, 60, 104, 1, 15),
(358, 62, 119, 1, 16),
(358, 62, 117, 1, 17),
(358, 62, 118, 1, 18),
(358, 62, 109, 4, 19);
INSERT INTO `decks_lists` (`deck_id`, `set_id`, `card_number`, `quantity`, `card_order`) VALUES
(358, 54, 137, 1, 20),
(358, 56, 122, 3, 21),
(358, 56, 121, 3, 22),
(358, 59, 121, 2, 23),
(358, 55, 123, 4, 24),
(358, 55, 126, 2, 25),
(358, 58, 113, 4, 26),
(358, 59, 131, 4, 27),
(358, 59, 140, 4, 28),
(359, 54, 144, 3, 1),
(359, 61, 107, 1, 2),
(359, 61, 63, 3, 3),
(359, 62, 33, 3, 4),
(359, 62, 32, 4, 5),
(359, 55, 53, 4, 6),
(359, 57, 98, 1, 7),
(359, 56, 116, 4, 8),
(359, 5005, 100, 3, 9),
(359, 61, 111, 3, 10),
(359, 55, 135, 1, 11),
(359, 60, 104, 1, 12),
(359, 62, 117, 1, 13),
(359, 62, 109, 3, 14),
(359, 57, 95, 1, 15),
(359, 56, 122, 3, 16),
(359, 59, 123, 1, 17),
(359, 61, 100, 4, 18),
(359, 60, 97, 1, 19),
(359, 59, 121, 3, 20),
(359, 61, 90, 3, 21),
(359, 61, 104, 4, 22),
(359, 59, 137, 5, 23),
(360, 54, 144, 3, 1),
(360, 61, 107, 1, 2),
(360, 61, 63, 3, 3),
(360, 62, 33, 3, 4),
(360, 62, 32, 4, 5),
(360, 55, 53, 4, 6),
(360, 57, 98, 1, 7),
(360, 56, 116, 4, 8),
(360, 5005, 100, 3, 9),
(360, 61, 111, 3, 10),
(360, 55, 135, 1, 11),
(360, 60, 104, 2, 12),
(360, 62, 117, 1, 13),
(360, 62, 109, 3, 14),
(360, 57, 95, 1, 15),
(360, 56, 122, 3, 16),
(360, 59, 123, 1, 17),
(360, 61, 100, 3, 18),
(360, 60, 97, 1, 19),
(360, 59, 121, 3, 20),
(360, 61, 90, 3, 21),
(360, 61, 104, 4, 22),
(360, 59, 137, 5, 23),
(361, 55, 72, 4, 1),
(361, 55, 71, 4, 2),
(361, 61, 63, 3, 3),
(361, 63, 151, 1, 4),
(361, 63, 150, 1, 5),
(361, 56, 47, 1, 6),
(361, 56, 116, 3, 7),
(361, 5005, 100, 3, 8),
(361, 61, 111, 4, 9),
(361, 55, 135, 2, 10),
(361, 63, 160, 1, 11),
(361, 60, 104, 2, 12),
(361, 62, 118, 1, 13),
(361, 62, 109, 3, 14),
(361, 54, 137, 1, 15),
(361, 59, 123, 1, 16),
(361, 62, 102, 4, 17),
(361, 54, 135, 1, 18),
(361, 63, 131, 1, 19),
(361, 59, 121, 3, 20),
(361, 57, 88, 1, 21),
(361, 61, 90, 3, 22),
(361, 58, 113, 2, 23),
(361, 61, 104, 4, 24),
(361, 59, 137, 6, 25),
(362, 57, 97, 3, 1),
(362, 57, 96, 3, 2),
(362, 58, 139, 2, 3),
(362, 61, 106, 1, 4),
(362, 57, 98, 1, 5),
(362, 56, 116, 4, 6),
(362, 5005, 100, 4, 7),
(362, 54, 149, 3, 8),
(362, 56, 102, 2, 9),
(362, 60, 104, 1, 10),
(362, 62, 118, 1, 11),
(362, 62, 109, 1, 12),
(362, 57, 92, 1, 13),
(362, 56, 122, 4, 14),
(362, 59, 123, 1, 15),
(362, 58, 112, 3, 16),
(362, 54, 135, 3, 17),
(362, 60, 97, 1, 18),
(362, 61, 101, 1, 19),
(362, 59, 121, 3, 20),
(362, 62, 93, 3, 21),
(362, 55, 127, 4, 22),
(362, 59, 132, 10, 23),
(363, 61, 106, 4, 1),
(363, 62, 69, 3, 2),
(363, 59, 94, 3, 3),
(363, 61, 37, 2, 4),
(363, 57, 98, 1, 5),
(363, 56, 116, 4, 6),
(363, 5005, 100, 3, 7),
(363, 60, 104, 2, 8),
(363, 62, 119, 2, 9),
(363, 59, 115, 1, 10),
(363, 62, 118, 1, 11),
(363, 62, 109, 4, 12),
(363, 54, 137, 1, 13),
(363, 56, 122, 2, 14),
(363, 58, 111, 4, 15),
(363, 62, 94, 1, 16),
(363, 55, 120, 1, 17),
(363, 62, 97, 2, 18),
(363, 59, 121, 3, 19),
(363, 56, 99, 2, 20),
(363, 55, 123, 4, 21),
(363, 55, 126, 3, 22),
(363, 58, 113, 4, 23),
(363, 59, 134, 3, 24),
(364, 57, 96, 3, 1),
(364, 61, 106, 3, 2),
(364, 58, 54, 2, 3),
(364, 56, 47, 1, 4),
(364, 57, 98, 1, 5),
(364, 56, 116, 4, 6),
(364, 5005, 100, 4, 7),
(364, 60, 104, 2, 8),
(364, 62, 118, 1, 9),
(364, 62, 109, 4, 10),
(364, 54, 137, 1, 11),
(364, 56, 122, 3, 12),
(364, 63, 122, 3, 13),
(364, 58, 112, 2, 14),
(364, 56, 121, 1, 15),
(364, 54, 135, 3, 16),
(364, 59, 121, 3, 17),
(364, 55, 123, 4, 18),
(364, 55, 126, 2, 19),
(364, 58, 113, 4, 20),
(364, 59, 132, 9, 21),
(365, 59, 144, 3, 1),
(365, 59, 78, 1, 2),
(365, 58, 88, 1, 3),
(365, 56, 119, 2, 4),
(365, 58, 67, 2, 5),
(365, 61, 106, 2, 6),
(365, 57, 98, 1, 7),
(365, 56, 116, 4, 8),
(365, 5005, 100, 4, 9),
(365, 55, 135, 2, 10),
(365, 60, 104, 2, 11),
(365, 62, 118, 1, 12),
(365, 62, 109, 4, 13),
(365, 54, 137, 1, 14),
(365, 56, 122, 3, 15),
(365, 55, 120, 2, 16),
(365, 62, 97, 2, 17),
(365, 59, 121, 3, 18),
(365, 56, 99, 2, 19),
(365, 55, 123, 4, 20),
(365, 55, 126, 3, 21),
(365, 58, 113, 4, 22),
(365, 59, 138, 7, 23),
(366, 1, 20, 4, 1),
(366, 2, 10, 4, 2),
(366, 2, 9, 1, 3),
(366, 2, 47, 1, 4),
(366, 3, 3, 3, 5),
(366, 1, 88, 3, 6),
(366, 1, 91, 3, 7),
(366, 1, 71, 1, 8),
(366, 1, 81, 1, 9),
(366, 1, 79, 4, 10),
(366, 1, 92, 4, 11),
(366, 1, 93, 3, 12),
(366, 1, 94, 3, 13),
(366, 1, 96, 4, 14),
(366, 1, 100, 11, 15),
(366, 1, 99, 10, 16),
(367, 1, 20, 4, 1),
(367, 2, 10, 4, 2),
(367, 2, 34, 2, 3),
(367, 1, 48, 3, 4),
(367, 1, 88, 3, 5),
(367, 1, 91, 4, 6),
(367, 1, 71, 2, 7),
(367, 1, 81, 2, 8),
(367, 1, 79, 4, 9),
(367, 1, 92, 2, 10),
(367, 1, 93, 4, 11),
(367, 1, 84, 4, 12),
(367, 1, 95, 1, 13),
(367, 1, 96, 4, 14),
(367, 1, 100, 17, 15),
(368, 1, 7, 4, 1),
(368, 3, 39, 4, 2),
(368, 2, 10, 4, 3),
(368, 1, 88, 3, 4),
(368, 1, 91, 1, 5),
(368, 1, 71, 2, 6),
(368, 1, 74, 2, 7),
(368, 1, 81, 2, 8),
(368, 1, 79, 3, 9),
(368, 1, 92, 4, 10),
(368, 1, 93, 3, 11),
(368, 1, 84, 4, 12),
(368, 1, 78, 2, 13),
(368, 1, 95, 2, 14),
(368, 1, 96, 4, 15),
(368, 1, 97, 8, 16),
(368, 1, 98, 8, 17),
(369, 1, 7, 4, 1),
(369, 3, 39, 4, 2),
(369, 2, 10, 3, 3),
(369, 1, 27, 1, 4),
(369, 1, 88, 3, 5),
(369, 1, 91, 4, 6),
(369, 1, 71, 1, 7),
(369, 1, 74, 2, 8),
(369, 1, 81, 1, 9),
(369, 1, 79, 2, 10),
(369, 1, 92, 4, 11),
(369, 1, 93, 4, 12),
(369, 1, 84, 4, 13),
(369, 1, 96, 4, 14),
(369, 1, 97, 13, 15),
(369, 1, 98, 6, 16),
(370, 57, 97, 3, 1),
(370, 57, 96, 4, 2),
(370, 56, 111, 1, 3),
(370, 56, 47, 1, 4),
(370, 57, 98, 1, 5),
(370, 56, 116, 4, 6),
(370, 5005, 100, 3, 7),
(370, 55, 135, 1, 8),
(370, 54, 149, 4, 9),
(370, 56, 102, 1, 10),
(370, 62, 119, 1, 11),
(370, 62, 118, 1, 12),
(370, 62, 109, 3, 13),
(370, 57, 92, 1, 14),
(370, 56, 122, 3, 15),
(370, 59, 123, 1, 16),
(370, 58, 112, 3, 17),
(370, 62, 94, 2, 18),
(370, 55, 120, 1, 19),
(370, 54, 135, 2, 20),
(370, 62, 97, 2, 21),
(370, 59, 121, 3, 22),
(370, 55, 127, 4, 23),
(370, 59, 132, 10, 24),
(371, 57, 97, 3, 1),
(371, 57, 96, 4, 2),
(371, 56, 111, 1, 3),
(371, 56, 47, 1, 4),
(371, 57, 98, 1, 5),
(371, 56, 116, 4, 6),
(371, 5005, 100, 3, 7),
(371, 55, 135, 1, 8),
(371, 54, 149, 4, 9),
(371, 56, 102, 1, 10),
(371, 62, 119, 1, 11),
(371, 62, 118, 1, 12),
(371, 62, 109, 3, 13),
(371, 57, 92, 1, 14),
(371, 56, 122, 3, 15),
(371, 59, 123, 1, 16),
(371, 58, 112, 3, 17),
(371, 62, 94, 2, 18),
(371, 55, 120, 1, 19),
(371, 54, 135, 2, 20),
(371, 62, 97, 2, 21),
(371, 59, 121, 3, 22),
(371, 55, 127, 4, 23),
(371, 59, 132, 10, 24),
(372, 61, 106, 4, 1),
(372, 62, 69, 3, 2),
(372, 59, 94, 3, 3),
(372, 63, 145, 1, 4),
(372, 57, 98, 1, 5),
(372, 56, 116, 4, 6),
(372, 5005, 100, 3, 7),
(372, 55, 135, 1, 8),
(372, 63, 160, 1, 9),
(372, 54, 149, 1, 10),
(372, 60, 104, 1, 11),
(372, 59, 129, 1, 12),
(372, 62, 119, 1, 13),
(372, 59, 115, 1, 14),
(372, 60, 105, 1, 15),
(372, 62, 118, 1, 16),
(372, 62, 109, 3, 17),
(372, 54, 137, 1, 18),
(372, 56, 122, 3, 19),
(372, 58, 111, 3, 20),
(372, 62, 94, 2, 21),
(372, 54, 135, 1, 22),
(372, 62, 97, 2, 23),
(372, 59, 121, 2, 24),
(372, 56, 99, 2, 25),
(372, 55, 123, 4, 26),
(372, 55, 126, 2, 27),
(372, 63, 140, 1, 28),
(372, 58, 113, 4, 29),
(372, 59, 132, 2, 30),
(373, 55, 72, 4, 1),
(373, 55, 71, 4, 2),
(373, 61, 63, 4, 3),
(373, 63, 151, 1, 4),
(373, 63, 150, 1, 5),
(373, 56, 116, 4, 6),
(373, 5005, 100, 3, 7),
(373, 61, 111, 4, 8),
(373, 55, 135, 1, 9),
(373, 63, 160, 1, 10),
(373, 60, 104, 2, 11),
(373, 62, 118, 1, 12),
(373, 62, 109, 3, 13),
(373, 54, 137, 1, 14),
(373, 59, 123, 1, 15),
(373, 62, 102, 4, 16),
(373, 54, 135, 1, 17),
(373, 63, 131, 1, 18),
(373, 59, 121, 3, 19),
(373, 57, 88, 1, 20),
(373, 61, 90, 3, 21),
(373, 63, 140, 1, 22),
(373, 58, 113, 2, 23),
(373, 61, 104, 4, 24),
(373, 59, 137, 5, 25),
(374, 59, 144, 3, 1),
(374, 59, 78, 2, 2),
(374, 58, 88, 1, 3),
(374, 61, 106, 2, 4),
(374, 54, 142, 1, 5),
(374, 57, 98, 1, 6),
(374, 56, 116, 4, 7),
(374, 5005, 100, 4, 8),
(374, 55, 135, 2, 9),
(374, 60, 104, 2, 10),
(374, 62, 119, 1, 11),
(374, 62, 118, 1, 12),
(374, 62, 109, 3, 13),
(374, 54, 137, 1, 14),
(374, 56, 122, 3, 15),
(374, 59, 123, 1, 16),
(374, 62, 94, 2, 17),
(374, 54, 135, 2, 18),
(374, 60, 97, 1, 19),
(374, 62, 97, 2, 20),
(374, 59, 121, 3, 21),
(374, 55, 123, 4, 22),
(374, 55, 126, 2, 23),
(374, 58, 113, 4, 24),
(374, 59, 138, 8, 25),
(375, 63, 81, 4, 1),
(375, 63, 79, 4, 2),
(375, 61, 63, 3, 3),
(375, 54, 144, 1, 4),
(375, 61, 58, 2, 5),
(375, 54, 141, 1, 6),
(375, 57, 98, 1, 7),
(375, 56, 116, 4, 8),
(375, 5005, 100, 3, 9),
(375, 61, 111, 3, 10),
(375, 55, 135, 1, 11),
(375, 60, 104, 2, 12),
(375, 62, 118, 1, 13),
(375, 62, 109, 4, 14),
(375, 54, 137, 1, 15),
(375, 56, 122, 2, 16),
(375, 63, 136, 2, 17),
(375, 59, 123, 1, 18),
(375, 55, 120, 1, 19),
(375, 54, 135, 1, 20),
(375, 59, 121, 2, 21),
(375, 57, 88, 3, 22),
(375, 61, 90, 4, 23),
(375, 61, 104, 4, 24),
(375, 59, 137, 5, 25),
(376, 56, 117, 4, 1),
(376, 58, 34, 3, 2),
(376, 58, 121, 4, 3),
(376, 63, 36, 2, 4),
(376, 63, 33, 2, 5),
(376, 62, 69, 1, 6),
(376, 59, 94, 1, 7),
(376, 61, 34, 1, 8),
(376, 56, 47, 1, 9),
(376, 57, 98, 1, 10),
(376, 56, 116, 4, 11),
(376, 5005, 100, 4, 12),
(376, 63, 160, 1, 13),
(376, 60, 104, 1, 14),
(376, 62, 119, 1, 15),
(376, 60, 105, 1, 16),
(376, 62, 118, 2, 17),
(376, 62, 109, 3, 18),
(376, 56, 107, 1, 19),
(376, 63, 161, 4, 20),
(376, 56, 122, 3, 21),
(376, 59, 123, 1, 22),
(376, 57, 105, 4, 23),
(376, 56, 121, 1, 24),
(376, 59, 119, 1, 25),
(376, 56, 99, 2, 26),
(376, 59, 134, 6, 27),
(377, 56, 5, 4, 1),
(377, 56, 4, 3, 2),
(377, 57, 96, 1, 3),
(377, 57, 97, 1, 4),
(377, 60, 71, 1, 5),
(377, 60, 44, 1, 6),
(377, 56, 117, 1, 7),
(377, 56, 47, 1, 8),
(377, 57, 98, 1, 9),
(377, 56, 116, 4, 10),
(377, 63, 157, 1, 11),
(377, 59, 129, 1, 12),
(377, 62, 118, 1, 13),
(377, 62, 109, 4, 14),
(377, 54, 137, 1, 15),
(377, 62, 92, 4, 16),
(377, 56, 122, 4, 17),
(377, 63, 122, 2, 18),
(377, 54, 136, 1, 19),
(377, 58, 111, 4, 20),
(377, 54, 135, 1, 21),
(377, 62, 97, 1, 22),
(377, 59, 121, 3, 23),
(377, 55, 123, 4, 24),
(377, 55, 126, 2, 25),
(377, 55, 127, 3, 26),
(377, 59, 132, 5, 27),
(378, 56, 5, 4, 1),
(378, 56, 4, 3, 2),
(378, 57, 96, 1, 3),
(378, 57, 97, 1, 4),
(378, 60, 71, 1, 5),
(378, 60, 44, 1, 6),
(378, 56, 117, 1, 7),
(378, 56, 47, 1, 8),
(378, 57, 98, 1, 9),
(378, 56, 116, 4, 10),
(378, 63, 157, 1, 11),
(378, 59, 129, 1, 12),
(378, 62, 118, 1, 13),
(378, 62, 109, 4, 14),
(378, 54, 137, 1, 15),
(378, 62, 92, 4, 16),
(378, 56, 122, 4, 17),
(378, 63, 122, 2, 18),
(378, 54, 136, 1, 19),
(378, 58, 111, 4, 20),
(378, 54, 135, 1, 21),
(378, 62, 97, 1, 22),
(378, 59, 121, 3, 23),
(378, 55, 123, 4, 24),
(378, 55, 126, 2, 25),
(378, 55, 127, 3, 26),
(378, 59, 132, 5, 27),
(379, 54, 144, 2, 1),
(379, 61, 107, 2, 2),
(379, 61, 63, 3, 3),
(379, 62, 33, 3, 4),
(379, 62, 32, 4, 5),
(379, 55, 53, 4, 6),
(379, 57, 98, 1, 7),
(379, 56, 116, 4, 8),
(379, 5005, 100, 2, 9),
(379, 61, 111, 1, 10),
(379, 55, 135, 2, 11),
(379, 60, 104, 2, 12),
(379, 62, 118, 1, 13),
(379, 62, 109, 3, 14),
(379, 57, 95, 1, 15),
(379, 56, 122, 3, 16),
(379, 63, 136, 1, 17),
(379, 59, 123, 1, 18),
(379, 61, 100, 3, 19),
(379, 55, 120, 1, 20),
(379, 59, 121, 3, 21),
(379, 61, 90, 3, 22),
(379, 63, 140, 1, 23),
(379, 61, 104, 4, 24),
(379, 59, 137, 5, 25);

--
-- Contenu de la table `decks_names`
--

INSERT INTO `decks_names` (`deck_id`, `identifier`, `name`, `description`) VALUES
(1, 'haymaker_clefable', 'Haymaker + Clefable [F][L]', ''),
(2, 'haymaker_clefable', 'Haymaker + Clefable [F][R]', ''),
(3, 'do_the_wave', 'Do the Wave [C][L][P]', ''),
(4, 'haymaker', 'Haymaker [F][L]', ''),
(5, 'do_the_wave', 'Do the Wave [C][L][P]', ''),
(6, 'haymaker_aerodactyl', 'Haymaker + Aerodactyl [F][L]', ''),
(7, 'energy_trans', 'Energy Trans [G]', ''),
(8, 'do_the_wave', 'Do the Wave [C][R][L]', ''),
(9, 'do_the_wave', 'Do the Wave [C][L]', ''),
(10, 'do_the_wave', 'Do the Wave [C][F][L]', ''),
(11, 'haymaker_brock_sandslash', 'Haymaker + B''s Sandslash [F][R]', ''),
(12, 'haymaker_dodrio', 'Haymaker + Dodrio [F][L]', ''),
(13, 'do_the_wave', 'Do the Wave [C][R][L]', ''),
(14, 'rain_dance_do_the_wave', 'Rain Dance + Do the Wave [W][C]', ''),
(15, 'haymaker_arcanine', 'Haymaker + Arcanine [R][L]', ''),
(16, 'do_the_wave', 'Do the Wave [C][G][L]', ''),
(17, 'rain_dance', 'Rain Dance [W]', ''),
(18, 'haymaker', 'Haymaker [F][R]', ''),
(19, 'rain_dance', 'Rain Dance [W]', ''),
(20, 'do_the_wave_clefable', 'Do the Wave + Clefable [C][R][P]', ''),
(21, 'do_the_wave', 'Do the Wave [C][L]', ''),
(22, 'do_the_wave', 'Do the Wave [C][F][L]', ''),
(23, 'do_the_wave_dodrio', 'Do the Wave + Dodrio [C][L][P]', ''),
(24, 'haymaker', 'Haymaker [F][L]', ''),
(25, 'rain_dance', 'Rain Dance [W]', ''),
(26, 'slowking_dark_fera', 'Dark Feraligatr + Slowking [W]', ''),
(27, 'babyporter', 'Babyporter + Slowking [F]', ''),
(28, 'slowking_dark_fera', 'Dark Feraligatr + Slowking [W]', ''),
(29, 'kingdra_steelix', 'Kingdra Center + Steelix [W][M]', ''),
(30, 'enteicargo', 'EnteiCargo [R]', ''),
(31, 'kingdra_steelix', 'Kingdra Steelix [W][M]', ''),
(32, 'espeon_umbreon_slowking', 'Espeon Umbreon + Slowking [P][D]', ''),
(33, 'dark_feraligatr_slowking', 'Dark Feraligatr + Slowking [W][D]', ''),
(34, 'sneasel_slowking', 'Sneasel / Slowking [D]', ''),
(35, 'metal_chansey', 'Metal Chansey [C][G]', ''),
(36, 'the_sponge', 'The Sponge [L][P]', ''),
(37, 'smf', 'SMF [M][G][W]', ''),
(38, 'donphan_pls_accelgor_sub', 'Donphan / Accelgor + Sub [F][G]', ''),
(39, 'm_manectric_ex_landorus_ex', 'M Manectric-EX / Landorus-EX [L][F]', ''),
(40, 'm_manectric_ex_virgen', 'M Manectric-EX / Virgen [L][G]', ''),
(41, 'empoleon_miltank', 'Empoleon / Miltank / Dusknoir [W][C]', ''),
(42, 'donphan_pls_hammers', 'Donphan Hammers [F]', ''),
(43, 'm_manectric_ex_kyurem', 'M Manectric EX / Kyurem [L][W]', ''),
(44, 'plasma_tdk_absol', 'Plasma TDK + Absol [L][P][W][D]', ''),
(45, 'donphan_pls', 'Donphan [F]', ''),
(46, 'yveltal_ex_garbodor', 'Yveltal-EX / Garbodor [D]', ''),
(47, 'virgen_raichu', 'VirGen + Raichu [G][L]', ''),
(48, 'yveltal_ex_garbodor', 'Yveltal-EX / Garbodor [D]', ''),
(49, 'donphan_and_dragons', 'Donphan &amp; Dragons [F][R][L][W]', ''),
(50, 'empoleon_miltank_dusknoir', 'Empoleon / Miltank / Dusknoir [W][C]', ''),
(51, 'plasma_lugia', 'Plasma Lugia [C][L][P][W][G]', ''),
(52, 'seismitoad_ex_garbodor', 'Seismitoad-EX / Garbodor [W][R]', ''),
(53, 'yveltal_ex_garbodor', 'Yveltal-EX / Garbodor [D]', ''),
(54, 'yveltal_ex_garbodor', 'Yveltal-EX / Garbodor [D]', ''),
(55, 'plasma_lugia_glaceon', 'Plasma Lugia + Glaceon [C][L][P][W]', ''),
(56, 'pyroar_seismitoad_ex', 'Pyroar / Seismitoad-EX [R][W][P]', ''),
(57, 'plasma_lugia', 'Plasma Lugia [C][L][P][D]', ''),
(58, 'virgen_drifblim', 'VirGen + Drifblim [G][P]', ''),
(59, 'landorus_ex_m_lucario_ex', 'Landorus-EX / M Lucario-EX [F]', ''),
(60, 'seismitoad_ex_garbodor', 'Seismitoad-EX / Garbodor [W]', ''),
(61, 'virgen', 'VirGen [G]', ''),
(62, 'virgen_drifblim', 'VirGen + Drifblim [G][P]', ''),
(63, 'aromatisse_ex_toolbox', 'Aromatisse / EX Toolbox [rbw]', ''),
(64, 'virgen_drifblim', 'VirGen + Drifblim [G][P]', ''),
(65, 'trevenant_accelgor', 'Trevenant / Accelgor [G][P]', ''),
(66, 'blastoise_keldeo_blk_kyurem', 'Blastoise / Keldeo / Kyurem-B [W][N]', ''),
(67, 'ex_toolbox', 'EX Toolbox [rbw]', ''),
(68, 'yveltal_ex_garbodor', 'Yveltal-EX / Garbodor [D]', ''),
(69, 'plasma_tdk_latias_ex', 'Plasma TDK + Latias-EX [L][P][W][N]', ''),
(70, 'yveltal_ex_garbodor', 'Yveltal-EX / Garbodor [D][P]', ''),
(71, 'aromatisse_ex_toolbox', 'Aromatisse / EX Toolbox [rbw]', ''),
(72, 'yveltal_ex_garbodor', 'Yveltal-EX / Garbodor [D][C]', ''),
(73, 'empoleon_infernape', 'Empoleon / Infernape [W][R]', ''),
(74, 'flyvees', 'Flyvees [P][L][W][D]', ''),
(75, 'scizor_ex', 'Scizor ex [M]', ''),
(76, 'legendary_ascent', 'Legendary Ascent [D][L][P][W]', ''),
(77, 'rayeels_v_create', 'RayEels + V-Create [N][L][R]', ''),
(78, 'gothtelle_accelgor', 'Gothtelle / Accelgor [G][P]', ''),
(79, 'darkrai_ex_junk_hunt', 'Darkrai-EX / Junk Hunt [D]', ''),
(80, 'plasma_tdk', 'Plasma TDK [L][P][W]', ''),
(81, 'darkrai_ex_shaymin_dark_patch', 'Pesadelo Prism [D][P][F]', ''),
(82, 'terraki_mewtwo', 'Terraki-Mewtwo [P][F]', ''),
(83, 'eeltwo', 'EelTwo [L][P]', ''),
(84, 'yveltal_ex_garbodor', 'Yveltal-EX / Garbodor [D][P]', ''),
(85, 'donphan_pls_trevenant', 'Donphan PLS / Trevenant [F]', ''),
(86, 'yveltal_ex_garbodor', 'Yveltal-EX / Garbodor [D][P]', ''),
(87, 'plasma_lugia', 'Plasma Lugia [C][L][P][W]', ''),
(88, 'virgen_golbat', 'Virgen + Golbat [G][P]', ''),
(89, 'metal_zapdos', 'Metal Zapdos [L]', ''),
(90, 'doom_buzz_muk', 'Doom Buzz Muk [R][D][L]', ''),
(91, 'tsunami', 'Tsunami [W][P]', ''),
(92, 'blaziken_tech', 'Blaziken Tech [R][L][D]', ''),
(93, 'magma_spirit', 'Magma Spirit [F][D][P][R]', ''),
(94, 'rocky_beach', 'Rocky Beach [W][F][L]', ''),
(95, 'team_rushdown', 'Team Rushdown [P][L]', ''),
(96, 'gorepluff', 'GorePluff [W][G]', ''),
(97, 'crobyss', 'CroByss [W][G]', ''),
(98, 'team_magma', 'Team Magma [F][D][P][R]', ''),
(99, 'swampert', 'Swampert [W][F]', ''),
(100, 'blaziken_delcatty', 'Blaziken / Delcatty [R]', ''),
(101, 'team_magma', 'Team Magma [F][D][P][R]', ''),
(102, 'team_magma', 'Team Magma [F][D][P][R]', ''),
(103, 'team_magma', 'Team Magma [F][D][P][R]', ''),
(104, 'goredevoir', 'Goredevoir [W][P]', ''),
(105, 'zapturndos', 'ZapTurnDos [L]', ''),
(106, 'bright_aura', 'Bright Aura [F][P][M]', ''),
(107, 'dark_tyranitar', 'Dark Tyranitar [D][F]', ''),
(108, 'king_of_the_west', 'King of the West [W][R][F]', ''),
(109, 'queendom', 'Queendom [F]', ''),
(110, 'queendom', 'Queendom [F]', ''),
(111, 'queendom', 'Queendom [F]', ''),
(112, 'powcham', 'PowCham [F][P][M]', ''),
(113, 'bombtar', 'BombTar [D][L][R]', ''),
(114, 'dark_tyranitar', 'Dark Tyranitar [D][F][R]', ''),
(115, 'zre', 'ZRE [L][R][C]', ''),
(116, 'ludicargo_ninetales', 'LudiCargo + Ninetales [W][R]', ''),
(117, 'dragtrode_r_sneasel_ex', 'DragTrode + R’s Sneasel ex [D][L]', ''),
(118, 'bls', 'BLS [C][W][M]', ''),
(119, 'eeveelutions', 'Eeveelutions [rbw]', ''),
(120, 'suns_and_moons', 'Suns &amp; Moons [F][P]', ''),
(121, 'mewtrick', 'Mewtrick [L][P][F]', ''),
(122, 'rambolt', 'Rambolt [P][F]', ''),
(123, 'swift_empoleon', 'Swift Empoleon [W]', ''),
(124, 'riptide_skarmory', 'Riptide + Skarmory [W][M]', ''),
(125, 'sneasel_rocket_s_zapdos', 'Sneasel / Rocket''s Zapdos', ''),
(126, 'typhlo_blaine_s_rk9', 'Typhlo / Blaine''s RK9 [R]', ''),
(127, 'riptide', 'Riptide [W]', ''),
(128, 'bliss_control', 'Bliss Control [C]', ''),
(129, 'empotech', 'Empotech [W][P]', ''),
(130, 'intimidation', 'Intimidation [M][P][L]', ''),
(131, 'psychic_lock', 'Psychic Lock [P][F]', ''),
(132, 'stallgon', 'Stallgon [C][F][P]', ''),
(133, 'crowned_tiger', 'Crowned Tiger [L][P][D][F]', ''),
(134, 'queengar', 'Queengar [P]', ''),
(135, 'luxdrill', 'Luxdrill [G][L]', ''),
(136, 'luxchomp_of_the_spirit', 'LuxChomp of the Spirit [L][C][M]', ''),
(137, 'happy_luck', 'Happy Luck [W]', ''),
(138, 'power_cottonweed', 'Power Cottonweed [G]', ''),
(139, 'boltevoir', 'Boltevoir [P][F]', ''),
(140, 'turbozone_electrode', 'TurboZone + Electrode [L]', ''),
(141, 'luxchomp', 'LuxChomp [L][C][D]', ''),
(142, 'luxchomp', 'LuxChomp [L][C][P]', ''),
(143, 'virgen_leafeon', 'VirGen + Leafeon [G]', ''),
(144, 'haymaker', 'Haymaker [F][L]', ''),
(145, 'do_the_wave', 'Do the Wave [C][G]', ''),
(146, 'do_the_wave', 'Do the Wave [C][G]', ''),
(147, 'wigglymaker', 'Do the Wave [C][F][G]', ''),
(148, 'magmar_lock', 'Magmar Lock [R]', ''),
(149, 'do_the_wave', 'Do the Wave [C][P][G]', ''),
(150, 'do_the_wave_trapper', 'Do the Wave / Trapper [C][F][G]', ''),
(151, 'sponge_hitmonchan', 'Sponge + Hitmonchan [P][F][G]', ''),
(152, 'do_the_wave', 'Do the Wave [C][G]', ''),
(153, 'active_stall_hitmonchan', 'Active Stall + Hitmonchan [R][F][G]', ''),
(154, 'haymaker', 'Haymaker [F][L][G]', ''),
(155, 'do_the_wave', 'Do the Wave [C][F][P]', ''),
(156, 'do_the_wave', 'Do the Wave [C][L][G]', ''),
(157, 'do_the_wave', 'Do the Wave [C][F][P]', ''),
(158, 'active_stall_hitmonchan', 'Active Stall + Hitmonchan [R][F]', ''),
(159, 'rain_dance', 'Rain Dance [W]', ''),
(160, 'sponge', 'Sponge [L][P][G]', ''),
(161, 'do_the_wave', 'Do the Wave [C][G]', ''),
(162, 'haymaker', 'Haymaker [F][L][G]', ''),
(163, 'do_the_wave', 'Do the Wave [C][L][G]', ''),
(164, 'do_the_wave', 'Do the Wave [C][P][G]', ''),
(165, 'haymaker', 'Haymaker [F][L][G]', ''),
(166, 'do_the_wave', 'Do the Wave [C][F][R][G]', ''),
(167, 'do_the_wave', 'Do the Wave [C][P][G]', ''),
(168, 'potpourri', 'Potpourri [L][R][P][G]', ''),
(169, 'potpourri', 'Potpourri [L][R][P][G]', ''),
(170, 'sponge_hitmonchan', 'Sponge + Hitmonchan [P][F][G]', ''),
(171, 'haymaker_clefable', 'Haymaker + Clefable [F][L][G]', ''),
(172, 'haymaker', 'Haymaker [F][L][G]', ''),
(173, 'do_the_wave', 'Do the Wave [C][F][R][G]', ''),
(174, 'rain_dance', 'Rain Dance [W]', ''),
(175, 'do_the_wave', 'Do the Wave [C][F][L][G]', ''),
(176, 'zappy_trappy', 'Zappy Trappy [L][G]', ''),
(177, 'megazone', 'Megazone [L][G]', ''),
(178, 'reshiphlosion', 'Reshiphlosion [R]', ''),
(179, 'the_truth', 'The Truth [F][L][W][R]', ''),
(180, 'twinboar', 'Twinboar [R][L][P][C]', ''),
(181, 'cmt', 'CMT [P][F][G][C]', ''),
(182, 'duplicate_sealed', 'Duplicate Sealed [W][F]', ''),
(183, 'scizor_sneasel', 'Scizor / Sneasel [D][M][G]', ''),
(184, 'magnerock', 'Magnerock [L][F]', ''),
(185, 'donphan_pls_wobbuffet', 'Donphan PLS + Wobbuffet [F][P]', ''),
(186, 'donphan_pls_wobbuffet', 'Donphan PLS + Wobbuffet [F][P]', ''),
(187, 'donphan_pls_wobbuffet', 'Donphan PLS + Wobbuffet [F][P]', ''),
(188, 'donphan_pls_wobbuffet', 'Donphan PLS + Wobbuffet [F][P]', ''),
(189, 'tool_drop', 'Tool Drop [P]', ''),
(190, 'virgen_crobat', 'Virgen + Crobat [G][P]', ''),
(191, 'speed_darkrai', 'Speed Darkrai [D]', ''),
(192, 'yveltal_ex_toad_ex', 'Yveltal-EX / Toad-EX [D][W]', ''),
(193, 'huntail_ho_oh_ex', 'Huntail / Ho-Oh-EX [W][R]', ''),
(194, 'metal_links', 'Metal Links [M][W][P]', ''),
(195, 'yveltal_ex_archeops', 'Yveltal-EX + Archeops [D]', ''),
(196, 'landorus_ex_crobat', 'Landorus-EX / Crobat [F][P]', ''),
(197, 'xerneas_m_gardevoir_ex', 'Xerneas / M Gardevoir EX [Y]', ''),
(198, 'xerneas_m_gardevoir_ex', 'Xerneas / M Gardevoir EX [Y]', ''),
(199, 'metal_links_manectric_ex', 'Metal Links + Manectric-EX [M][L]', ''),
(200, 'landorus_ex_crobat', 'Landorus-EX / Crobat [F][P]', ''),
(201, 'landorus_ex_crobat', 'Landorus-EX / Crobat [F][P]', ''),
(202, 'night_march', 'Night March [P][L]', ''),
(203, 'haymaker', 'Haymaker [F][L]', ''),
(204, 'dusknoir_trevenant', 'Dusknoir / Trevenant [P]', ''),
(205, 'defensive_fairy', 'Defensive Fairy [Y][P]', ''),
(206, 'landorus_ex_crobat', 'Landorus-EX / Crobat [F][P]', ''),
(207, 'landorus_ex_crobat', 'Landorus-EX / Crobat [F][P][L]', ''),
(208, 'seismitoad_ex_slurpuff', 'Seismitoad-EX / Slurpuff [W]', ''),
(209, 'flareon_empoleon_archie', 'Flareon / Empoleon (Archie) [R][G][W]', ''),
(210, 'flareon_empoleon_archie', 'Flareon / Empoleon (Archie) [R][G][W]', ''),
(211, 'rain_dance', 'Rain Dance [W]', ''),
(212, 'night_march', 'Night March [P][L][G]', ''),
(213, 'seismitoad_ex_slurpuff', 'Seismitoad-EX / Slurpuff [W][R]', ''),
(214, 'seismitoad_ex_slurpuff', 'Seismitoad-EX / Slurpuff [W][R]', ''),
(215, 'seismitoad_ex_slurpuff', 'Seismitoad-EX / Slurpuff [W]', ''),
(216, 'flareon_slurpuff', 'Flareon / Slurpuff [R][G]', ''),
(217, 'seismitoad_ex_garbodor', 'Seismitoad-EX / Garbodor [W][P]', ''),
(218, 'landorus_ex_crobat', 'Landorus-EX / Crobat [F][P]', ''),
(219, 'primal_groudon_ex_masquerain', 'Primal Groudon-EX / Masquerain [F]', ''),
(220, 'haymaker', 'Haymaker [F][L][G]', ''),
(221, 'dragtrode_r&rsquo;s_sneasel_ex', 'DragTrode + R’s Sneasel ex [D][L]', ''),
(222, 'blastoise_ex_magneton', 'Blastoise ex / Magneton [W][L]', ''),
(223, 'quad_lucario', 'Quad Lucario [F]', ''),
(224, 'metal_links_mewtwo_ex', 'Metal Links + Mewtwo-EX [M][P]', ''),
(225, 'yveltal_ex_garbodor_toad', 'Yveltal-EX / Garbodor / Toad [D][W]', ''),
(226, 'yveltal_ex_garbodor_toad', 'Yveltal-EX / Garbodor / Toad [D][W]', ''),
(227, 'do_the_wave', 'Do the Wave [C][F][G]', ''),
(228, 'do_the_wave', 'Do the Wave [C][L][G]', ''),
(229, 'do_the_wave', 'Do the Wave [C][F][G]', ''),
(230, 'do_the_wave', 'Do the Wave [C][F][L][G]', ''),
(231, 'empoleon_miltank', 'Empoleon / Miltank [W][C]', ''),
(232, 'donphan_pls_hawlucha', 'Donphan / Hawlucha + Sub [F]', ''),
(233, 'donphan_hawlucha_sub', 'Donphan / Hawlucha + Sub [F][P][W]', ''),
(234, 'aromatisse_ex_toolbox_toad', 'Aromatisse / EX Toolbox + Toad [rbw]', ''),
(235, 'lando_ex_raichu_garbo', 'Lando-EX / Raichu / Garbo [F][L][P]', ''),
(236, 'night_march_flareon', 'Night March + Flareon [P][L][R][G]', ''),
(237, 'pyroar_charizard_ex', 'Pyroar / Charizard-EX [R][P]', ''),
(238, 'yveltal_ex_garbodor', 'Yveltal-EX / Garbodor [D]', ''),
(239, 'plasma_tdk', 'Plasma TDK [L][P][W][G]', ''),
(240, 'plasma_tdk_genesect_ex', 'Plasma TDK + Genesect-EX [L][P][W][G]', ''),
(241, 'empoleon_miltank', 'Empoleon / Miltank [W][C]', ''),
(242, 'virgen_raichu', 'VirGen + Raichu [G][L]', ''),
(243, 'virgen', 'Virgen [G]', ''),
(244, 'virgen', 'Virgen [G]', ''),
(245, 'pyroar_seismitoad_ex', 'Pyroar / Seismitoad-EX [R][W][P]', ''),
(246, 'yveltal_ex', 'Yveltal-EX [D]', ''),
(247, 'pyroar_mewtwo_ex', 'Pyroar / Mewtwo-EX [R][P]', ''),
(248, 'pyroar_charizard_ex', 'Pyroar / Charizard-EX [R][P]', ''),
(249, 'virgen_raichu', 'VirGen + Raichu [G][L]', ''),
(250, 'yveltal_ex_raichu', 'Yveltal-EX / Raichu [D][L]', ''),
(251, 'yveltal_ex_raichu', 'Yveltal-EX / Raichu [D][L]', ''),
(252, 'm_manectric_ex_kyurem', 'M Manectric EX / Kyurem [L][W][N]', ''),
(253, 'haymaker', 'Haymaker [F][L]', ''),
(254, 'haymaker', 'Haymaker [F][P]', ''),
(255, 'rain_dance', 'Rain Dance [W]', ''),
(256, 'magmar_buzz_e_dratini', 'Magmar / Buzz / E''s Dratini [R][L]', ''),
(257, 'haymaker', 'Haymaker [R][L][G]', ''),
(258, 'haymaker', 'Haymaker [F][L]', ''),
(259, 'haymaker', 'Haymaker [F][L]', ''),
(260, 'haymaker', 'Haymaker [F][L]', ''),
(261, 'haymaker', 'Haymaker [F][L]', ''),
(262, 'foir_fouille_sponge', 'Foir'' Fouille (Sponge) [P][G]', ''),
(263, 'virgen_raichu', 'VirGen + Raichu [G][L]', ''),
(264, 'blastoise_archie', 'Blastoise / Archie [W]', ''),
(265, 'haymaker', 'Haymaker [F][L]', ''),
(266, 'do_the_wave', 'Do the Wave [F][L]', ''),
(267, 'haymaker', 'Haymaker [F][L]', ''),
(268, 'haymaker', 'Haymaker [F][G]', ''),
(269, 'haymaker', 'Haymaker [L][G]', ''),
(270, 'metal_links_mewtwo_ex', 'Metal Links + Mewtwo-EX [M][P]', ''),
(271, 'weird_haymaker', 'Weird Haymaker [L][G]', ''),
(272, 'haymaker', 'Haymaker [F][L]', ''),
(273, 'haymaker', 'Haymaker [F][L][P]', ''),
(274, 'haymaker', 'Haymaker [F][L]', ''),
(275, 'haymaker', 'Haymaker [F][L]', ''),
(276, 'haymaker_dragonair', 'Haymaker + Dragonair [F][L]', ''),
(277, 'haymaker', 'Haymaker [F][L]', ''),
(278, 'haymaker', 'Haymaker [F][P]', ''),
(279, 'haymaker', 'Haymaker [F][L]', ''),
(280, 'haymaker', 'Haymaker [F][G][R]', ''),
(281, 'haymaker_aerodactyl', 'Haymaker + Aerodactyl [F][L][G]', ''),
(282, 'the_sponge', 'The Sponge [L][P]', ''),
(283, 'insanity', 'InSaNiTy [F][L]', ''),
(284, 'insanity', 'InSaNiTy [R][L]', ''),
(285, 'turbo_do_the_wave', 'Turbo Do the Wave [C][F][G]', ''),
(286, 'potpourri', 'Potpourri [L][R][P][G]', ''),
(287, 'rain_dance', 'Rain Dance [W]', ''),
(288, 'rain_dance', 'Rain Dance [W]', ''),
(289, 'haymaker', 'Haymaker [R][L][G]', ''),
(290, 'haymaker', 'Haymaker [F][L][G]', ''),
(291, 'rain_dance', 'Rain Dance [W]', ''),
(292, 'do_the_wave', 'Do the Wave [C][L][G]', ''),
(293, 'haymaker', 'Haymaker [R][L][G]', ''),
(294, 'sponge_hitmonchan', 'Sponge + Hitmonchan [P]', ''),
(295, 'sponge', 'Sponge [L][P][G]', ''),
(296, 'sponge', 'Sponge [L][P][G]', ''),
(297, 'do_the_wave_e_s_dratini', 'Do the Wave + E''s Dratini [C][F][G]', ''),
(298, 'do_the_wave', 'Do the Wave [L][G]', ''),
(299, 'r_s_zapdos_chansey', 'R''s Zapdos + Chansey [L][C]', ''),
(300, 'do_the_wave', 'Do the Wave [C][L][P]', ''),
(301, 'metal_links_mewtwo_ex', 'Metal Links + Mewtwo-EX [M][P]', ''),
(302, 'night_march', 'Night March [P][L]', ''),
(303, 'night_march', 'Night March [P][L]', ''),
(304, 'yveltal_ex_garbodor_toad', 'Yveltal-EX / Garbodor / Toad [D][W]', ''),
(305, 'yveltal_ex_garbodor_toad', 'Yveltal-EX / Garbodor / Toad [D][W]', ''),
(306, 'night_march_emploleon', 'Night March + Emploleon [P][L][W]', ''),
(307, 'lucario_ex_lando_ex_crobat', 'Lucario-EX / Lando-EX / Crobat [F][P]', ''),
(308, 'primal_kyogre_ex', 'Primal Kyogre-EX [W]', ''),
(309, 'donphan_pls_groudon_ex', 'Donphan PLS + Groudon-EX [F]', ''),
(310, 'yveltal_ex_garbodor_toad', 'Yveltal-EX / Garbodor / Toad [D][W]', ''),
(311, 'night_march', 'Night March [P][L]', ''),
(312, 'manctric_ex_bats', 'Manctric-EX / Bats [L][P]', ''),
(313, 'yveltal_ex_seismitoad_ex', 'Yveltal-EX / Seismitoad-EX [D][W]', ''),
(314, 'primal_groudon_ex_masquerain', 'Primal Groudon-EX / Masquerain [F]', ''),
(315, 'yveltal_ex_seismitoad_ex', 'Yveltal-EX / Seismitoad-EX [D][W]', ''),
(316, 'donphan_hawlucha_sub', 'Donphan / Hawlucha / Sub [F][P][R][W]', ''),
(317, 'donphan_hawlucha_sub', 'Donphan / Hawlucha / Sub [F]', ''),
(318, 'yveltal_ex_garbodor_toad', 'Yveltal-EX / Garbodor / Toad [D][W]', ''),
(319, 'primal_kyogre_ex', 'Primal Kyogre-EX [W]', ''),
(320, 'blastoise_archie', 'Blastoise / Archie [W][N]', ''),
(321, 'yveltal_ex_garbodor_toad', 'Yveltal-EX / Garbodor / Toad [D][W]', ''),
(322, 'primal_groudon_ex_lando_ex', 'Primal Groudon-EX / Lando-EX [F]', ''),
(323, 'seismitoad_ex_slurpuff', 'Seismitoad-EX / Slurpuff [W]', ''),
(324, 'flareon_empoleon_archie', 'Flareon / Empoleon (Archie) [R][G][W]', ''),
(325, 'yveltal_ex_toad_leafeon', 'Yveltal-EX / Toad + Leafeon [D][W]', ''),
(326, 'm_gardevoir_ex_aromatisse', 'M Gardevoir-EX / Aromatisse [Y]', ''),
(327, 'do_the_wave', 'Do the Wave [F][G]', ''),
(328, 'aromatisse_ex_toolbox_toad', 'Aromatisse / EX Toolbox + Toad [rbw]', ''),
(329, 'empoleon_miltank_zone', 'Empoleon / Miltank + Zone [W][C]', ''),
(330, 'primal_kyogre_ex_rehiram', 'Primal Kyogre-EX / Rehiram [W][R]', ''),
(331, 'aromatisse_ex_toolbox_toad', 'Aromatisse / EX Toolbox + Toad [rbw]', ''),
(332, 'aromatisse_ex_toolbox_toad', 'Aromatisse / EX Toolbox + Toad [rbw]', ''),
(333, 'virizion_ex_toad_ex_mewtwo_ex', 'Virizion-EX / Toad-EX / Mewtwo-EX [rbw]', ''),
(334, 'donphan_groudon_zekrom_sub', 'Donphan Groudon Zekrom Sub [F][L]', ''),
(335, 'seismitoad_ex_garbodor', 'Seismitoad-EX / Garbodor [W]', ''),
(336, 'gengar_ex_trevenant_raichu', 'Gengar-EX Trevenant Raichu [P][L]', ''),
(337, 'metal_links', 'Metal Links [M]', ''),
(338, 'night_march', 'Night March [P][L]', ''),
(339, 'yveltal_ex_seismitoad_ex', 'Yveltal-EX / Seismitoad-EX [D][W]', ''),
(340, 'yveltal_ex_seismitoad_ex', 'Yveltal-EX / Seismitoad-EX [D][W]', ''),
(341, 'night_march_emploleon', 'Night March + Emploleon [P][L][W]', ''),
(342, 'seismitoad_ex_crobat', 'Seismitoad-EX / Crobat [W][P]', ''),
(343, 'yveltal_ex_bats_toad_ex', 'Yveltal-EX / Bats / Toad-EX [D][P][W]', ''),
(344, 'seismitoad_ex_bats', 'Seismitoad-EX / Bats [W][P]', ''),
(345, 'toad_ex_slurpuff_genesect', 'Toad-EX / Slurpuff / Genesect [W][G]', ''),
(346, 'donphan_raichu', 'Donphan / Raichu [F][L]', ''),
(347, 'night_march_empoleon', 'Night March / Empoleon [P][L][W][C]', ''),
(348, 'yveltal_ex_seismitoad_ex', 'Yveltal-EX / Seismitoad-EX [D][W][L]', ''),
(349, 'toad_ex_garbo_manectric_ex', 'Toad-EX / Garbo / Manectric-EX [W][L]', ''),
(350, 'primal_kyogre_ex_toad_ex', 'Primal Kyogre-EX + Toad-EX [W]', ''),
(351, 'landorus_ex_crobat', 'Landorus-EX / Crobat [F]', ''),
(352, 'metal_links', 'Metal Links [M][P][L]', ''),
(353, 'p_groudon_ex_dusknoir_flf', 'P Groudon-EX / Dusknoir FLF [F][P]', ''),
(354, 'primal_kyogre_ex', 'Primal Kyogre-EX [W]', ''),
(355, 'yveltal_ex_seismitoad_ex', 'Yveltal-EX / Seismitoad-EX [D][W][L]', ''),
(356, 'night_march_emploleon', 'Night March + Emploleon [P][L][W]', ''),
(357, 'virizion_ex_toad_ex_mewtwo_ex', 'Virizion-EX / Toad-EX / Mewtwo-EX [rbw]', ''),
(358, 'aromatisse_ex_toolbox_toad', 'Aromatisse / EX Toolbox + Toad [rbw]', ''),
(359, 'landorus_ex_crobat', 'Landorus-EX / Crobat [F][P]', ''),
(360, 'landorus_ex_crobat', 'Landorus-EX / Crobat [F][P]', ''),
(361, 'donphan_pls_groudon_ex', 'Donphan PLS + Groudon-EX [F]', ''),
(362, 'virgen_mew_ex', 'VirGen + Mew-EX [G][P]', ''),
(363, 'seismitoad_ex_slurpuff_jynx', 'Seismitoad-EX / Slurpuff / Jynx [W]', ''),
(364, 'virizion_ex_toad_ex_mewtwo_ex', 'Virizion-EX / Toad-EX / Mewtwo-EX [rbw]', ''),
(365, 'yveltal_ex_garbodor_toad', 'Yveltal-EX / Garbodor / Toad [D][W]', ''),
(366, 'haymaker', 'Haymaker [L][G]', ''),
(367, 'haymaker_dodrio', 'Haymaker + Dodrio [L][G]', ''),
(368, 'haymaker', 'Haymaker [F][R][G]', ''),
(369, 'haymaker', 'Haymaker [F][R][G]', ''),
(370, 'virgen', 'Virgen [G]', ''),
(371, 'virgen', 'Virgen [G]', ''),
(372, 'seismitoad_ex_slurpuff', 'Seismitoad-EX / Slurpuff [W][G]', ''),
(373, 'donphan_pls_groudon_ex', 'Donphan PLS + Groudon-EX [F]', ''),
(374, 'yveltal_ex_seismitoad_ex', 'Yveltal-EX / Seismitoad-EX [D][W]', ''),
(375, 'omega_barrage_medicham', 'Ω Barrage Medicham [F]', ''),
(376, 'empoleon_swampert', 'Empoleon / Swampert [W][L]', ''),
(377, 'exeggutor_lock', 'Exeggutor Lock [G][W]', ''),
(378, 'exeggutor_lock', 'Exeggutor Lock [G][W]', ''),
(379, 'landorus_ex_crobat', 'Landorus-EX / Crobat [F][P]', '');

--
-- Contenu de la table `decks_results`
--

INSERT INTO `decks_results` (`deck_id`, `archetype_id`, `event_id`, `place`, `player_name`, `country_id`, `significance`) VALUES
(1, 1, 3, 1, 'Tom Hanley', 840, 2),
(2, 1, 3, 2, 'Heidi Craig', 840, 2),
(3, 7, 3, 3, 'Israel Quiroz', 840, 2),
(4, 1, 3, 4, 'Peter Keller', 840, 2),
(5, 7, 3, 5, 'Jason Klaczynski', 840, 2),
(6, 1, 3, 6, 'Mike Delgaudio', 840, 2),
(7, 4, 3, 7, 'Joshua Morris', 840, 2),
(8, 7, 3, 8, 'Matt Brooks', 840, 2),
(9, 7, 4, 1, 'Rudy Rodriguez', 840, 2),
(10, 7, 4, 2, 'James O''Brien', 840, 2),
(11, 1, 4, 3, 'Carson White', 840, 2),
(12, 1, 4, 4, 'Jason Imperiale', 840, 2),
(13, 7, 4, 5, 'Kevin Chen', 840, 2),
(14, 2, 4, 6, 'Yi-An Lu', 826, 2),
(15, 1, 4, 7, 'Andrew Daly', 840, 2),
(16, 7, 4, 8, 'Alex Elkins', 840, 2),
(17, 2, 5, 1, 'Jonathan Brooks', 840, 2),
(18, 1, 5, 2, 'Jerome Schosse', 56, 2),
(19, 2, 5, 3, 'David Santos', 840, 2),
(20, 7, 5, 4, 'Christopher Bailey', 840, 2),
(21, 7, 5, 5, 'Elliot Freidmann', 840, 2),
(22, 7, 5, 6, 'Glen Sylvester', 840, 2),
(23, 7, 5, 7, 'Malcolm Scotland', 840, 2),
(24, 1, 5, 8, 'Gabriel Mends', 840, 2),
(25, 2, 7, 1, 'Kevin Nguyen', 840, 2),
(26, 23, 1, 1, 'Dylan Austin', 840, 1),
(27, 20, 2, 1, 'Mindy Lambke', 840, 1),
(28, 23, 2, 3, 'Bryan Cresswell', 840, 1),
(29, 22, 2, 2, 'Ryan Carter', 840, 1),
(30, 27, 2, 4, 'Robert Jeffre', 56, 1),
(31, 22, 1, 4, 'Nikko Ruelos', 840, 1),
(32, 25, 1, 2, 'Bonham, Bryson', 840, 1),
(33, 23, 1, 8, 'Brian Gurta', 840, 1),
(34, 18, 18, 15, 'Eskil Vestre', 578, 2),
(35, 15, 18, 1, 'Alex Brosseau', 840, 2),
(36, 6, 19, 1, 'Scott Gerhardt', 840, 6),
(37, 32, 21, 1, 'Jason Klaczynski', 840, 2),
(38, 151, 55, 1, 'Mees Brenninkmeijer', 528, 5),
(39, 161, 55, 2, 'Steven M.', 276, 5),
(40, 162, 55, 3, 'Dennis M.', 276, 5),
(41, 159, 55, 4, 'Bert W.', 528, 5),
(42, 151, 55, 5, 'Karl Peters', 276, 5),
(43, 163, 55, 6, 'Marc Lutz', 276, 5),
(44, 144, 55, 7, 'Dennis S.', 276, 5),
(45, 151, 55, 8, 'Finn S.', 276, 5),
(46, 158, 57, 1, 'Jimmy McClure', 840, 4),
(47, 154, 57, 3, 'Alex Hill', 840, 4),
(48, 158, 56, 1, 'Tobias Thesing', 276, 5),
(49, 151, 57, 7, 'Frank Diaz', 840, 4),
(50, 159, 57, 5, 'Kyle Sucevich', 840, 4),
(51, 153, 57, 4, 'Steve Guthrie', 840, 4),
(52, 157, 58, 1, 'Andrew Wamboldt', 840, 6),
(53, 158, 56, 2, 'Artur R.', 276, 5),
(54, 158, 56, 3, 'Patrik Räty', 246, 5),
(55, 153, 56, 4, 'David K.', 276, 5),
(56, 156, 56, 5, 'Fatih A.', 276, 5),
(57, 153, 56, 6, 'Konrad K.', 276, 5),
(58, 154, 56, 7, 'Michal P.', 276, 5),
(59, 166, 56, 8, 'Niklas L.', 276, 5),
(60, 157, 59, 1, 'Andrew Wamboldt', 840, 6),
(61, 154, 52, 1, 'Andrew Estrada', 124, 1),
(62, 154, 52, 2, 'Igor Costa', 620, 1),
(63, 150, 52, 3, 'Michikazu Tsuda', 392, 1),
(64, 154, 52, 4, 'Paulo Silva', 620, 1),
(65, 142, 53, 1, 'Trent Orndorff', 840, 1),
(66, 2, 53, 2, 'Alex Croxton', 840, 1),
(67, 169, 53, 3, 'Grant Manley', 840, 1),
(68, 158, 53, 4, 'Calvin Connor', 840, 1),
(69, 144, 54, 1, 'Haruto Kobayashi', 392, 1),
(70, 158, 54, 2, 'Takashi Oguni', 392, 1),
(71, 150, 54, 3, 'Hitoshi Omura', 392, 1),
(72, 158, 54, 4, 'Yui Kaizaki', 392, 1),
(73, 68, 31, 3, 'Tsuguyoshi Yamato', 392, 1),
(74, 65, 33, 1, 'Jun Hasebe', 392, 1),
(75, 170, 33, 2, 'Hiroki Yano', 392, 1),
(76, 61, 31, 1, 'Tom Roos', 246, 1),
(77, 147, 50, 2, 'Clément Lamberton', 250, 1),
(78, 142, 50, 3, 'Ian Whiton', 840, 1),
(79, 117, 49, 1, 'Jason Klaczynski', 840, 1),
(80, 144, 51, 2, 'Yugo Sato', 392, 1),
(81, 171, 46, 1, 'Igor Costa', 620, 1),
(82, 129, 48, 1, 'Shuto Itagaki', 392, 1),
(83, 120, 47, 1, 'Chase Moloney', 124, 1),
(84, 158, 60, 1, 'Dennis B.', 276, 6),
(85, 151, 60, 2, 'Dennis M.', 276, 6),
(86, 158, 60, 3, 'Dustin G.', 276, 6),
(87, 153, 60, 4, 'David K.', 276, 6),
(88, 154, 61, 1, 'Niklas Lehnert-Rappel', 276, 2),
(89, 35, 20, 2, 'Douglas Zuver', 840, 2),
(90, 172, 20, 1, 'Eric Richards', 124, 2),
(91, 33, 21, 2, 'Jeroen Robert', 56, 2),
(92, 38, 22, 2, 'Chris Fulop', 840, 1),
(93, 43, 22, 1, 'Tsuguyoshi Yamato', 392, 1),
(94, 40, 24, 2, 'Reed Weichler', 840, 1),
(95, 41, 23, 2, 'Kevin Nguyen', 840, 1),
(96, 174, 23, 22, 'Paris Garavaglia', 840, 1),
(97, 173, 22, 26, 'Kevin DeMooy', 528, 1),
(98, 43, 23, 1, 'Takuya Yoneda', 392, 1),
(99, 40, 24, 4, 'Taylor Mitchell', 840, 1),
(100, 38, 23, 4, 'Sebastian Crema', 124, 1),
(101, 43, 24, 3, 'Akira Miyazaki', 392, 1),
(102, 43, 24, 1, 'Hayato Sato', 392, 1),
(103, 43, 22, 3, 'Go Miyamoto', 392, 1),
(104, 175, 23, 3, 'Takayaki Hishide', 392, 1),
(105, 176, 27, 2, 'Geoffrey Sauk', 840, 1),
(106, 52, 27, 1, 'Curran Hill', 840, 1),
(107, 48, 26, 2, 'Takashi Yoneda', 392, 1),
(108, 50, 27, 3, 'Michael Gonzalez', 840, 1),
(109, 59, 25, 1, 'Jeremy Maron', 840, 1),
(110, 59, 25, 3, 'Pablo Meza', 484, 1),
(111, 59, 25, 38, 'Adam Capriola', 840, 1),
(112, 52, 26, 1, 'Stuart Benson', 840, 1),
(113, 47, 25, 2, 'Ross Cawthon', 840, 1),
(114, 48, 25, 4, 'Ken Yukuhiro', 392, 1),
(115, 53, 26, 4, 'Andrew Knaack', 840, 1),
(116, 50, 26, 3, 'Dan Richard', 840, 1),
(117, 49, 27, 4, 'Jefre Robert', 56, 1),
(118, 54, 30, 1, 'Hiroki Yano', 392, 1),
(119, 55, 28, 2, 'Jimmy Ballard', 840, 1),
(120, 56, 29, 1, 'Miska Saari', 246, 1),
(121, 58, 28, 1, 'Jason Klaczynski', 840, 1),
(122, 63, 32, 1, 'Jeremy Scharff-Kim', 840, 1),
(123, 68, 32, 2, 'Akira Miyazaki', 392, 1),
(124, 19, 62, 1, 'Dan King', 840, 5),
(125, 160, 63, 1, 'Werner Jr. Quevedo', 380, 5),
(126, 17, 64, 5, 'Matt Moss', 840, 3),
(127, 19, 65, 1, 'Matt Moss', 840, 3),
(128, 70, 35, 2, 'Paul Atanassov', 124, 1),
(129, 71, 35, 1, 'Dylan Lefavour', 840, 1),
(130, 75, 36, 1, 'Tristan Robinson', 840, 1),
(131, 87, 34, 1, 'Jason Klaczynski', 840, 1),
(132, 94, 38, 2, 'David Cohen', 840, 1),
(133, 93, 39, 1, 'Tsubasa Nakamura', 392, 1),
(134, 95, 39, 2, 'Jason Martinez', 840, 1),
(135, 178, 37, 1, 'Stephen Silvestro', 840, 1),
(136, 104, 40, 1, 'Yuta Komatsuda', 392, 1),
(137, 102, 41, 2, 'Mychael Brya', 840, 1),
(138, 89, 42, 1, 'Yuka Furusawa', 392, 1),
(139, 87, 40, 2, 'Michael Pramawat', 840, 1),
(140, 113, 66, 4, 'Mathieu Lingelser', 250, 3),
(141, 104, 66, 12, 'Christophe Caron', 250, 3),
(142, 104, 66, 15, 'Adrien Boulet', 250, 3),
(143, 154, 67, 22, 'Sam VerNooy', 840, 4),
(144, 1, 68, 1, 'William Hung', 840, 5),
(145, 7, 69, 1, 'Chad Mills', 840, 5),
(146, 7, 70, 1, 'Chad Mills', 840, 5),
(147, 7, 16, 1, 'Andy Jacobs', 840, 5),
(148, 179, 71, 1, 'Bob Havlovic', 840, 5),
(149, 7, 72, 2, 'Daniel Duterte', 840, 5),
(150, 7, 73, 1, '-', 840, 5),
(151, 6, 74, 1, 'Andrew Marshall', 840, 3),
(152, 7, 74, 2, 'William Lieu', 840, 3),
(153, 179, 74, 3, 'Chris Neathery', 840, 3),
(154, 1, 74, 4, 'Alvin Osborn', 840, 3),
(155, 7, 74, 5, 'Marcus Abreu', 76, 3),
(156, 7, 74, 6, 'Jay Yu', 36, 3),
(157, 7, 74, 7, 'Jarod Stein', 840, 3),
(158, 179, 74, 8, 'Darren Guiao', 840, 3),
(159, 2, 76, 1, 'Joseph Viray', 840, 3),
(160, 6, 75, 1, 'Jack Savage', 840, 3),
(161, 7, 75, 2, 'Kody Barret', 840, 3),
(162, 1, 75, 3, 'Daniel Nino', 840, 3),
(163, 7, 75, 4, 'Zach Froelich', 840, 3),
(164, 7, 75, 5, 'Matthew Townend', 840, 3),
(165, 1, 75, 6, 'Derek Bowling', 840, 3),
(166, 7, 75, 7, 'John Pratt', 840, 3),
(167, 7, 75, 8, 'Ben Ferguson', 840, 3),
(168, 180, 76, 2, 'Dean Bartlett', 840, 3),
(169, 180, 76, 3, 'Mitch Morris', 840, 3),
(170, 6, 76, 4, 'Brock Christianson', 840, 3),
(171, 1, 76, 5, 'Ken Knight', 840, 3),
(172, 1, 76, 7, 'Chris Graham', 840, 3),
(173, 7, 76, 8, 'Gilbert Manquez', 840, 3),
(174, 2, 77, 1, 'Sam Bowers', 36, 7),
(175, 7, 4, 15, 'David Friedlander', 840, 3),
(176, 10, 78, 1, 'Jeremy Davis', 840, 7),
(177, 126, 45, 1, 'Gustavo Wada', 76, 1),
(178, 132, 44, 1, 'Christopher Kan', 36, 1),
(179, 134, 43, 2, 'Ross Cawthon', 840, 1),
(180, 125, 43, 1, 'David Cohen', 840, 1),
(181, 116, 48, 4, 'Zachary Bokhari', 840, 1),
(182, 12, 79, 1, 'Jason Klaczynski', 840, 1),
(183, 181, 80, 1, 'Johnny Patriarch', 840, 7),
(184, 106, 66, 1, 'Nikola Vakarelov', 250, 3),
(185, 151, 81, 1, 'Dylan Dreyer', 840, 6),
(186, 151, 82, 2, 'Dylan Dreyer', 840, 6),
(187, 151, 83, 4, 'Dylan Dreyer', 840, 6),
(188, 151, 84, 4, 'Dylan Dreyer', 840, 6),
(189, 182, 85, 16, 'Denise van Wijk', 56, 4),
(190, 154, 61, 3, 'David Hochmann', 276, 3),
(191, 117, 86, 1, 'Martin Janouš', 40, 4),
(192, 158, 87, 1, 'Philipp H.', 276, 3),
(193, 184, 88, 1, 'Stephane Ivanoff', 250, 5),
(194, 185, 88, 4, 'Marc Lutz', 276, 5),
(195, 158, 88, 2, 'Dominik Wieser', 40, 5),
(196, 168, 88, 3, 'Martina C.', 380, 5),
(197, 183, 88, 5, 'Lukas P.', 40, 5),
(198, 183, 88, 6, 'Luca S.', 40, 5),
(199, 185, 88, 7, 'Tobias S.', 276, 5),
(200, 168, 88, 8, 'Nicolò Casti', 380, 5),
(201, 168, 89, 1, 'João Paulo Henrique', 76, 6),
(202, 155, 90, 1, 'Zahir Hamid', 710, 6),
(203, 1, 91, 1, 'David W.', 840, 7),
(204, 186, 92, 1, 'Max Philips', 826, 8),
(205, 187, 61, 2, 'Emanuel da Silva', 528, 3),
(206, 168, 93, 13, 'Daniel Altavilla', 840, 4),
(207, 168, 94, 13, 'Daniel Altavilla', 840, 4),
(208, 188, 93, 32, 'Vincente Maya', 840, 4),
(209, 189, 94, 1, 'Orion Craig', 840, 4),
(210, 189, 93, 4, 'Orion Craig', 840, 4),
(211, 2, 95, 1, 'Will H.', 840, 7),
(212, 155, 96, 24, 'Nicholena Moon', 840, 4),
(213, 188, 97, 8, 'Zander Bennett', 840, 6),
(214, 188, 98, 8, 'Zander Bennett', 840, 6),
(215, 188, 99, 5, 'Zander Bennett', 840, 6),
(216, 189, 100, 5, 'Zander Bennett', 840, 6),
(217, 157, 101, 1, 'Kyle Sabelhaus', 840, 6),
(218, 168, 93, 29, 'Kyle Warden', 840, 4),
(219, 190, 93, 21, 'Andre Bortoni', 76, 4),
(220, 1, 102, 1, 'Ivan V. Farkas', 840, 7),
(221, 49, 103, 2, 'YoungJohn06', 840, 6),
(222, 2, 104, 3, 'Johnny K.', 840, 6),
(223, 191, 105, 5, 'Arthur Lemaire', 250, 6),
(224, 185, 106, 1, 'Stephane Ivanoff', 250, 6),
(225, 158, 93, 1, 'Dylan Dreyer', 840, 4),
(226, 158, 94, 5, 'Dylan Dreyer', 840, 4),
(227, 7, 107, 1, 'Joe Turner', 840, 7),
(228, 7, 108, 1, 'Brett Slaby', 840, 7),
(229, 7, 109, 1, '-', 840, 7),
(230, 7, 110, 1, '-', 840, 7),
(231, 159, 93, 16, 'Noel Totomuch', 840, 4),
(232, 151, 111, 4, 'Karol Blesak', 703, 6),
(233, 151, 112, 5, 'Nicolas Mendoza', 250, 6),
(234, 197, 113, 7, 'Orion Craig', 840, 6),
(235, 192, 114, 1, 'Brandon Salazar', 840, 3),
(236, 155, 96, 31, 'Erik Nance', 840, 4),
(237, 152, 114, 2, 'Michael Pramawat', 840, 3),
(238, 158, 114, 3, 'Isaiah Williams', 840, 3),
(240, 144, 114, 4, 'Calvin Nordberg', 840, 3),
(241, 159, 115, 1, 'Ishaan Jagiasi', 840, 3),
(242, 154, 116, 1, 'Andy Younger', 840, 3),
(243, 154, 117, 16, 'Zach Gharst', 840, 4),
(244, 154, 118, 17, 'Eric Gansman', 840, 4),
(245, 156, 117, 32, 'Chris Abernathy', 840, 4),
(246, 158, 115, 2, 'Jeremiah Williams', 840, 3),
(247, 152, 115, 3, 'Seth Hanslik', 840, 3),
(248, 152, 115, 4, 'Jon Eng', 840, 3),
(249, 154, 116, 2, 'Jon-Luke Modory', 840, 3),
(250, 158, 116, 3, 'Rachel Schmaus', 840, 3),
(251, 158, 116, 4, 'Hatch Cunningham', 840, 3),
(252, 163, 119, 4, 'Karol Blesak', 703, 7),
(253, 1, 120, 2, 'Tyler Grund', 840, 7),
(254, 1, 120, 1, 'Sam Nansel', 840, 7),
(255, 2, 121, 1, 'P. Miller', 840, 7),
(256, 179, 122, 3, 'Blake Benedict', 840, 7),
(257, 1, 123, 4, 'Colin Peterik', 840, 7),
(258, 1, 124, 1, 'Kyle Hagen', 840, 7),
(259, 1, 125, 1, 'Ryan Truong', 124, 7),
(260, 1, 126, 1, 'Ryan Truong', 124, 7),
(261, 1, 127, 2, 'Ryan Truong', 124, 7),
(262, 6, 128, 2, 'Stéphane S.', 250, 2),
(263, 154, 129, 17, 'Chris Abernathy', 840, 4),
(264, 193, 130, 1, 'Safraz Spinz Rasheed', 840, 7),
(265, 1, 131, 1, 'Andres Rodriguez', 840, 7),
(266, 7, 132, 3, 'Manuel Zubieta', 840, 7),
(267, 1, 133, 2, 'Mark M.', 840, 7),
(268, 1, 134, 1, 'Daniel Traywick', 840, 7),
(269, 1, 135, 1, 'Andrés Rodriguez', 840, 7),
(270, 185, 136, 3, 'Connor Finton', 840, 4),
(271, 1, 137, 1, 'Matt Pfeiffer', 840, 7),
(272, 1, 138, 3, 'Andre Azzolini', 840, 7),
(273, 1, 138, 1, 'Scott Gerhardt', 840, 7),
(274, 1, 138, 2, 'Gordon Kane', 840, 7),
(275, 1, 139, 5, 'Tom H.', 840, 4),
(276, 1, 140, 1, 'Chipmunk_G', 840, 8),
(277, 1, 141, 1, 'Dan Mayo', 840, 7),
(278, 1, 141, 2, 'Sam Nansel', 840, 7),
(279, 1, 142, 1, 'E. Judd', 840, 7),
(280, 1, 143, 1, 'S. Schakols', 840, 7),
(281, 1, 144, 3, '-', 840, 5),
(282, 6, 145, 1, 'Scott Gerhardt', 840, 7),
(283, 164, 146, 1, 'Phil H.', 840, 7),
(284, 164, 147, 1, 'Calvin Jamison', 840, 4),
(285, 7, 147, 2, 'Ned M.', 840, 4),
(286, 180, 148, 1, 'Ryan Truong', 124, 7),
(287, 2, 149, 1, 'Tom DiLena', 840, 7),
(288, 2, 150, 1, 'Brady Watkins', 840, 7),
(289, 1, 151, 3, 'Vishal P.', 840, 7),
(290, 1, 19, 4, 'J. Rock', 840, 7),
(291, 2, 152, 1, 'Gregory Whitaker', 840, 7),
(292, 7, 153, 1, 'Travis Keshav', 840, 7),
(293, 1, 154, 1, 'Nathan P.', 840, 7),
(294, 6, 155, 1, 'Adam Gonzalez', 840, 5),
(295, 6, 156, 1, 'Trey', 840, 7),
(296, 6, 157, 1, 'Trey', 840, 7),
(297, 7, 158, 2, 'Trey', 840, 7),
(298, 7, 159, 1, 'Hanni Al-Nimer', 840, 7),
(299, 14, 160, 1, 'John Chimento', 840, 7),
(300, 7, 4, 25, 'Tim Smith', 840, 3),
(301, 185, 161, 25, 'Connor Finton', 840, 4),
(302, 155, 161, 12, 'Andrew Wamboldt', 840, 4),
(303, 155, 161, 10, 'John Kriewall', 840, 4),
(304, 158, 93, 2, 'Jordan Parrish', 840, 4),
(305, 158, 94, 3, 'Jordan Parrish', 840, 4),
(306, 155, 93, 6, 'Santiago Rodriguez', 840, 4),
(307, 166, 162, 4, 'Justin Crossley', 840, 5),
(308, 194, 163, 1, 'TJ Traquair', 124, 5),
(309, 151, 164, 1, 'Charles Randall', 840, 5),
(310, 158, 163, 7, 'Kabir Virji', 124, 5),
(311, 155, 165, 3, 'Charles Randall', 840, 6),
(312, 195, 164, 4, 'Jay Young', 840, 5),
(313, 158, 166, 1, 'Max Armitage', 840, 5),
(314, 190, 166, 8, 'Bradley Curcio', 840, 5),
(315, 158, 167, 7, 'Daniel Lynch', 840, 5),
(316, 151, 166, 6, 'Andy Gray', 840, 5),
(317, 151, 168, 5, 'Chris Abernathy', 840, 5),
(318, 158, 169, 6, 'Alex Hill', 840, 5),
(319, 194, 169, 3, 'Kevin Baxter', 840, 5),
(320, 193, 170, 3, 'Josh Bangle', 840, 5),
(321, 158, 171, 1, 'Patriček Bartošovič', 203, 4),
(322, 190, 166, 3, 'John Kettler', 840, 5),
(323, 188, 172, 1, 'Tommi Lahtela', 578, 4),
(324, 189, 173, 8, 'Kevin Murphy', 840, 5),
(325, 158, 173, 3, 'Ahmed Amr Ibrahim Ali', 840, 5),
(326, 196, 173, 5, 'Kevin Chen', 840, 5),
(327, 7, 174, 1, 'Thiago Neto', 76, 7),
(328, 197, 166, 2, 'Brandon Cantu', 840, 5),
(329, 159, 175, 2, 'Simone Soldo', 380, 4),
(330, 194, 176, 2, 'Kevin Baxter', 840, 5),
(331, 197, 173, 2, 'Kolton Day', 840, 5),
(332, 197, 177, 1, 'Michael Slutsky', 840, 5),
(333, 198, 178, 5, 'Andrew Mahone', 840, 5),
(334, 151, 169, 8, 'Kyle McKeough', 840, 5),
(335, 157, 179, 1, 'Amy Wilson', 36, 4),
(336, 199, 184, 5, 'Kris Hill', 840, 5),
(337, 185, 176, 7, 'Samantha Martin', 840, 5),
(338, 155, 180, 1, 'Mees Brenninkmeijer', 56, 4),
(339, 158, 181, 1, 'Chris Collins', 840, 5),
(340, 158, 182, 1, 'Christian Velazquez', 840, 7),
(341, 155, 183, 2, 'Safraz Spinz Rasheed', 840, 7),
(342, 200, 185, 1, 'Jimmy McClure', 840, 5),
(343, 158, 166, 7, 'Michael Dones', 840, 5),
(344, 200, 186, 1, 'James Stumbo', 840, 5),
(345, 188, 187, 3, 'Zahir Hamid', 710, 4),
(346, 151, 184, 2, 'Brandon Cantu', 840, 5),
(347, 155, 181, 5, 'Jack Stensrud', 840, 5),
(348, 158, 188, 5, 'Raymond Cipoletti', 840, 5),
(349, 157, 189, 1, 'Tamao Cameron', 826, 4),
(350, 194, 190, 8, 'Jake Dudzik', 840, 5),
(351, 168, 178, 3, 'Ben Osborn', 840, 5),
(352, 185, 191, 6, 'Brandon Smiley', 840, 5),
(353, 190, 192, 5, 'Robert Davies', 124, 5),
(354, 194, 193, 2, 'Daniel Altavilla', 840, 5),
(355, 158, 191, 2, 'Kyle Haverland', 840, 5),
(356, 155, 194, 3, 'Lucas Nesslerodt', 840, 5),
(357, 198, 195, 2, 'Sen Caubergh', 56, 4),
(358, 197, 193, 1, 'Orion Craig', 840, 5),
(359, 168, 96, 2, 'Brandon Salazar', 840, 4),
(360, 168, 161, 7, 'Brad Curcio', 840, 4),
(361, 151, 196, 4, 'Safraz Spinz Rasheed', 840, 7),
(362, 154, 166, 4, 'Long Bui', 840, 5),
(363, 188, 197, 3, 'Luca S.', 276, 4),
(364, 198, 171, 2, 'Lukas P.', 40, 4),
(365, 158, 192, 3, 'Malik Zaihan', 458, 5),
(366, 1, 198, 2, 'Jeff D.', 840, 7),
(367, 1, 199, 3, 'Lobraico', 840, 7),
(368, 1, 200, 1, 'Tony A.', 840, 7),
(369, 1, 201, 3, 'Andrew Fournier', 840, 7),
(370, 154, 190, 1, 'Henry Ross', 840, 5),
(371, 154, 194, 6, 'Henry Ross', 840, 5),
(372, 188, 181, 6, 'Zach Negomir', 840, 5),
(373, 151, 192, 6, 'Zach Lesage', 124, 5),
(374, 158, 192, 2, 'Justin Young', 840, 5),
(375, 201, 202, 3, 'Corey Scott', 840, 5),
(376, 202, 203, 3, 'Michael Feller', 840, 5),
(377, 203, 204, 1, 'James Hart', 840, 5),
(378, 203, 204, 5, 'Austen Vance', 840, 5),
(379, 168, 204, 2, 'BJ Brownell', 840, 5);

--
-- Contenu de la table `events`
--

INSERT INTO `events` (`id`, `identifier`, `level_id`, `format_id`, `category_id`, `country_id`, `players`, `date`) VALUES
(1, 'world_championships_2002', 1, 15, 2, 840, 88, '2002-08-04'),
(2, 'world_championships_2002', 1, 15, 3, 840, 44, '2002-08-04'),
(3, 'sts_secaucus_new_jersey', 12, 13, 1, 840, 206, '2000-11-18'),
(4, 'sts_secaucus_new_jersey', 12, 13, 2, 840, 237, '2000-11-18'),
(5, 'sts_secaucus_new_jersey', 12, 13, 3, 840, 0, '2000-11-18'),
(6, 'trainer_showdown_los_angeles', 12, 0, 4, 840, 0, '1999-06-27'),
(7, 'trainer_showdown_san_francisco', 12, 7, 4, 840, 0, '1999-06-27'),
(8, 'trainer_showdown_washington_dc', 12, 0, 4, 840, 0, '1999-06-27'),
(9, 'trainer_showdown_atlanta', 12, 0, 4, 840, 0, '1999-06-27'),
(10, 'trainer_showdown_chicago', 12, 0, 4, 840, 0, '1999-06-27'),
(11, 'trainer_showdown_kansas_city', 12, 0, 4, 840, 0, '1999-06-27'),
(12, 'trainer_showdown_new_york', 12, 0, 4, 840, 0, '1999-06-27'),
(13, 'trainer_showdown_houston', 12, 0, 4, 840, 0, '1999-06-27'),
(14, 'trainer_showdown_seattle', 12, 0, 4, 840, 0, '1999-06-27'),
(15, 'usa_national_championships_1999', 3, 0, 4, 840, 18, '1999-08-25'),
(16, 'sts_qualifier_cincinnati_ohio_day_1', 13, 10, 1, 840, 32, '2000-09-16'),
(17, 'tropical_mega_battle_1999', 11, 0, 4, 840, 36, '1999-08-26'),
(18, 'professor_cup_2002', 0, 11, 1, 840, 90, '2002-08-04'),
(19, 'rama_llama_comics_plano_texas', 14, 8, 8, 840, 42, '2000-01-09'),
(20, 'professor_cup_2003', 0, 15, 1, 840, 0, '2003-06-29'),
(21, 'fan_appreciation_gencon_2003', 3, 0, 8, 840, 0, '2003-07-26'),
(22, 'world_championships_2004', 1, 16, 1, 840, 0, '2004-08-22'),
(23, 'world_championships_2004', 1, 16, 2, 840, 0, '2004-08-22'),
(24, 'world_championships_2004', 1, 16, 3, 840, 0, '2004-08-22'),
(25, 'world_championships_2005', 1, 17, 1, 840, 0, '2005-08-21'),
(26, 'world_championships_2005', 1, 17, 2, 840, 0, '2005-08-21'),
(27, 'world_championships_2005', 1, 17, 3, 840, 0, '2005-08-21'),
(28, 'world_championships_2006', 1, 18, 1, 840, 0, '2006-08-20'),
(29, 'world_championships_2006', 1, 18, 2, 840, 0, '2006-08-20'),
(30, 'world_championships_2006', 1, 18, 3, 840, 0, '2006-08-20'),
(31, 'world_championships_2007', 1, 19, 1, 840, 0, '2007-08-12'),
(32, 'world_championships_2007', 1, 19, 2, 840, 0, '2007-08-12'),
(33, 'world_championships_2007', 1, 19, 3, 840, 0, '2007-08-12'),
(34, 'world_championships_2008', 1, 20, 1, 840, 0, '2008-08-17'),
(35, 'world_championships_2008', 1, 20, 2, 840, 0, '2008-08-17'),
(36, 'world_championships_2008', 1, 20, 3, 840, 0, '2008-08-17'),
(37, 'world_championships_2009', 1, 21, 1, 840, 0, '2009-08-15'),
(38, 'world_championships_2009', 1, 21, 2, 840, 0, '2009-08-15'),
(39, 'world_championships_2009', 1, 21, 3, 840, 0, '2009-08-15'),
(40, 'world_championships_2010', 1, 22, 1, 840, 0, '2010-08-15'),
(41, 'world_championships_2010', 1, 22, 2, 840, 0, '2010-08-15'),
(42, 'world_championships_2010', 1, 22, 3, 840, 0, '2010-08-15'),
(43, 'world_championships_2011', 1, 24, 1, 840, 0, '2011-08-14'),
(44, 'world_championships_2011', 1, 24, 2, 840, 0, '2011-08-14'),
(45, 'world_championships_2011', 1, 24, 3, 840, 0, '2011-08-14'),
(46, 'world_championships_2012', 1, 24, 1, 840, 0, '2012-08-15'),
(47, 'world_championships_2012', 1, 24, 2, 840, 0, '2012-08-15'),
(48, 'world_championships_2012', 1, 24, 3, 840, 0, '2012-08-15'),
(49, 'world_championships_2013', 1, 25, 1, 840, 0, '2013-08-11'),
(50, 'world_championships_2013', 1, 25, 2, 840, 0, '2013-08-11'),
(51, 'world_championships_2013', 1, 25, 3, 840, 0, '2013-08-11'),
(52, 'world_championships_2014', 1, 26, 1, 840, 0, '2014-08-17'),
(53, 'world_championships_2014', 1, 26, 2, 840, 0, '2014-08-17'),
(54, 'world_championships_2014', 1, 26, 3, 840, 0, '2014-08-17'),
(55, 'arena_cup_2014_15_bremen', 6, 2, 1, 276, 59, '2014-12-14'),
(56, 'arena_cup_2014_15_berlin', 6, 2, 1, 276, 114, '2014-09-27'),
(57, 'regional_2014_15_fort_wayne_day_2', 4, 2, 1, 840, 404, '2014-10-19'),
(58, 'city_2014_15_springfield_missouri', 7, 1, 1, 840, 54, '2014-12-14'),
(59, 'city_2014_15_south_st_louis_missouri', 7, 1, 1, 840, 31, '2015-01-18'),
(60, 'league_challenge_spiel_2014', 9, 1, 1, 276, 16, '2014-10-19'),
(61, 'european_challenge_cup_2015', 2, 1, 1, 528, 324, '2015-02-08'),
(62, 'sts_qualifier_norcross_georgia', 13, 14, 1, 840, 24, '2001-10-20'),
(63, 'sts_qualifier_san_benedetto_del_tronto', 13, 11, 1, 380, 26, '2001-11-23'),
(64, 'sts_san_diego_day_1', 12, 14, 1, 840, 0, '2001-12-01'),
(65, 'sts_san_diego_day_2', 12, 14, 1, 840, 166, '2001-12-02'),
(66, 'france_national_championships_2011', 3, 23, 1, 250, 96, '2011-06-05'),
(67, 'regional_2013_14_doswell_virginia', 4, 26, 1, 840, 258, '2014-01-12'),
(68, 'sts_qualifier_torrance_california', 13, 9, 1, 840, 32, '2000-05-27'),
(69, 'sts_qualifier_phoenix_arizona_day_1', 13, 9, 1, 840, 32, '2000-06-10'),
(70, 'sts_qualifier_phoenix_arizona_day_2', 13, 9, 1, 840, 32, '2000-06-11'),
(71, 'sts_qualifier_west_dundee_illinois', 13, 10, 1, 840, 32, '2000-09-23'),
(72, 'sts_qualifier_high_point_north_carolina', 13, 10, 1, 840, 32, '2000-10-14'),
(73, 'sts_qualifier_king_of_prussia_pa', 13, 10, 2, 840, 32, '2000-10-14'),
(74, 'sts_long_beach_california', 12, 9, 1, 840, 180, '2000-07-22'),
(75, 'sts_long_beach_california', 12, 9, 2, 840, 222, '2000-07-22'),
(76, 'sts_long_beach_california', 12, 9, 3, 840, 147, '2000-07-22'),
(77, 'brisbane_online_games_center', 14, 9, 1, 36, 18, '2000-09-02'),
(78, 'toys_r_us_spotsylvania_virginia', 14, 10, 8, 840, 25, '2000-11-18'),
(79, 'tropical_mega_battle_2000', 11, 5, 4, 840, 0, '2000-08-27'),
(80, 'creative_gift_baskets_planto_texas', 14, 12, 10, 840, 18, '2003-06-07'),
(81, 'city_2014_15_new_holland_pa', 7, 1, 1, 840, 0, '2014-11-30'),
(82, 'city_2014_15_blue_bell_pa', 7, 1, 1, 840, 0, '2014-11-29'),
(83, 'city_2014_15_culpeper_virginia', 7, 1, 1, 840, 0, '2014-12-06'),
(84, 'city_2014_15_york_pa', 7, 1, 1, 840, 0, '2014-12-07'),
(85, 'regional_2014_15_shoreham_by_sea', 4, 1, 1, 826, 0, '2014-12-21'),
(86, 'regional_2013_14_modling', 4, 26, 1, 40, 0, '2013-10-26'),
(87, 'european_challenge_cup_2015', 2, 1, 2, 528, 74, '2015-02-08'),
(88, 'arena_cup_2014_15_salzburg', 6, 2, 1, 40, 44, '2015-02-28'),
(89, 'city_2014_15_sao_jose_dos_campos', 7, 1, 1, 76, 0, '2015-02-28'),
(90, 'city_2014_15_pretoria', 7, 1, 1, 710, 0, '2015-02-28'),
(91, 'colossal_comics_marietta_ga', 14, 6, 8, 840, 22, '1999-05-08'),
(92, 'fanboy3_manchester', 15, 4, 8, 826, 12, '2014-12-20'),
(93, 'regional_2014_15_kissimmee_fl_day_1', 4, 1, 1, 840, 0, '2015-02-28'),
(94, 'regional_2014_15_kissimmee_fl_day_2', 4, 2, 1, 840, 0, '2015-03-01'),
(95, 'gamemaster_fairlawn_nj', 14, 6, 8, 840, 0, '1999-04-17'),
(96, 'regional_2014_15_doswell_va_day_1', 4, 1, 1, 840, 330, '2015-02-14'),
(97, 'city_2014_15_douglasville_ga', 7, 1, 1, 840, 48, '2014-12-28'),
(98, 'city_2014_15_alpharetta_ga', 7, 1, 1, 840, 72, '2014-12-29'),
(99, 'city_2014_15_buford_ga', 7, 1, 1, 840, 42, '2015-01-03'),
(100, 'city_2014_15_newnan_ga', 7, 1, 1, 840, 30, '2015-01-04'),
(101, 'city_2014_15_lawrenceville_ga', 7, 1, 1, 840, 48, '2014-12-26'),
(102, 'toys_r_us_dublin_california', 14, 8, 8, 840, 30, '1999-10-24'),
(103, 'city_2004_05_garden_city_mi', 7, 17, 1, 840, 0, '2004-11-28'),
(104, 'city_2004_05_plano_texas', 7, 17, 1, 840, 0, '2004-12-12'),
(105, 'city_2014_15_verberie', 7, 1, 1, 250, 0, '2015-02-15'),
(106, 'city_2014_15_lyon', 7, 1, 1, 250, 0, '2015-01-10'),
(107, 'logan_s_card_shop_north_vernon_in', 14, 10, 8, 840, 12, '2000-11-04'),
(108, 'hobbytown_lincoln_ne', 14, 10, 8, 840, 13, '2000-10-28'),
(109, 'collector_s_cache_lenexa_kansas', 14, 8, 8, 840, 8, '2000-04-08'),
(110, 'games_galore_arlington_tx', 14, 7, 8, 840, 0, '1999-09-18'),
(111, 'city_2014_15_trnava', 7, 1, 1, 703, 0, '2015-02-14'),
(112, 'city_2014_15_montpellier', 7, 1, 1, 250, 0, '2015-01-17'),
(113, 'city_2014_15_duluth_ga', 7, 1, 1, 840, 52, '2014-12-27'),
(114, 'usa_national_championships_2014', 3, 26, 1, 840, 889, '2014-07-06'),
(115, 'usa_national_championships_2014', 3, 26, 2, 840, 295, '2014-07-06'),
(116, 'usa_national_championships_2014', 3, 26, 3, 840, 195, '2014-07-06'),
(117, 'regional_2014_15_phoenix_az_day_1', 4, 1, 1, 840, 0, '2014-10-04'),
(118, 'regional_2014_15_philadelphia_pa_day_1', 4, 1, 1, 840, 0, '2014-10-04'),
(119, 'league_challenge_bratislava', 9, 1, 1, 703, 12, '2015-03-01'),
(120, 'gathering_ground_st_louis_mo', 14, 6, 8, 840, 48, '1999-04-24'),
(121, 'comic_company_atlanta_ga', 14, 6, 8, 840, 0, '1999-04-17'),
(122, 'comic_company_atlanta_ga', 14, 10, 8, 840, 14, '2000-10-14'),
(123, 'brain_snacks_downers_grove_il', 14, 10, 8, 840, 33, '2000-10-14'),
(124, 'dreamers_st_louis_park_mn', 14, 6, 8, 840, 0, '1999-06-16'),
(125, 'comic_world_kitchener_on', 14, 6, 8, 124, 0, '1999-05-30'),
(126, 'comic_world_kitchener_on', 14, 6, 8, 124, 0, '1999-06-06'),
(127, 'comic_world_kitchener_on', 14, 6, 8, 124, 0, '1999-06-13'),
(128, 'festival_des_jeux_2000_cannes', 2, 8, 8, 250, 136, '2000-02-19'),
(129, 'regional_2014_15_phoenix_az_day_2', 4, 2, 1, 840, 0, '2014-10-05'),
(130, 'the_game_academy_orlando_fl', 14, 1, 1, 840, 26, '2015-03-07'),
(131, 'third_planet_torrance_ca', 14, 6, 8, 840, 34, '1999-06-12'),
(132, 'extra_base_orlando_fl', 14, 7, 8, 840, 20, '1999-07-14'),
(133, 'hobby_world_san_jose_ca', 14, 7, 8, 840, 0, '1999-07-11'),
(134, 'the_game_room_little_rock_ar', 14, 7, 8, 840, 44, '1999-07-17'),
(135, 'ts_side_event_los_angeles', 14, 7, 1, 840, 0, '1999-06-27'),
(136, 'regional_2014_15_st_louis_mo_day_2', 4, 2, 1, 840, 0, '2015-02-15'),
(137, 'manchester_center_fresno_ca', 14, 7, 8, 840, 24, '1999-07-11'),
(138, 'game_chest_dallas_texas', 14, 6, 8, 840, 24, '1999-06-05'),
(139, 'golden_memories_long_island_ny', 14, 6, 8, 840, 25, '1999-06-05'),
(140, 'pojo_com_apprentice_league', 10, 6, 8, 840, 0, '1999-06-06'),
(141, 'gathering_ground_st_louis_mo', 14, 6, 8, 840, 28, '1999-05-29'),
(142, 'kgb_maryville_tennessee', 14, 6, 8, 840, 16, '1999-06-05'),
(143, 'pioneer_place_portland_or', 14, 7, 8, 840, 8, '1999-10-02'),
(144, 'altered_states_upstate_ny', 16, 8, 8, 840, 60, '1999-12-01'),
(145, 'rama_llama_comics_plano_texas', 14, 8, 8, 840, 11, '1999-11-14'),
(146, 'downtown_comics_indianapolis', 14, 8, 8, 840, 13, '1999-12-18'),
(147, 'new_year_comics_a_lot_richmond_va', 16, 8, 8, 840, 40, '1999-12-30'),
(148, 'deja_vu_games_kitchener_on', 14, 8, 8, 124, 20, '1999-12-11'),
(149, 'golden_memories_mastic_ny', 14, 8, 8, 840, 25, '1999-12-18'),
(150, 'ivory_and_steel_stillwater_ok', 14, 8, 8, 840, 32, '1999-12-26'),
(151, 'golden_memories_mastic_ny', 14, 8, 8, 840, 0, '1999-12-04'),
(152, 'games_galore_arlington_tx', 14, 8, 8, 840, 0, '2000-01-30'),
(153, 'battlezone_lenexa_ks', 14, 8, 8, 840, 17, '2000-01-16'),
(154, 'mirkwood_games_richfield_mn', 14, 8, 8, 840, 19, '1999-12-29'),
(155, 'sts_qualifier_dallas_texas', 13, 9, 2, 840, 32, '2000-06-17'),
(156, 'game_keeper_tysons_corner_va', 14, 9, 8, 840, 20, '2000-07-12'),
(157, 'toys_r_us_tysons_corner_va', 14, 9, 8, 840, 20, '2000-07-09'),
(158, 'winners_toys_r_us_tysons_corner_va', 16, 10, 8, 840, 18, '2000-09-18'),
(159, 'midway_mall_elyria_oh', 14, 10, 8, 840, 8, '2000-11-08'),
(160, 'game_emporium_albany_ny', 14, 10, 8, 840, 0, '2000-11-12'),
(161, 'regional_2014_15_st_louis_mo_day_1', 4, 1, 1, 840, 0, '2015-02-14'),
(162, 'state_2015_ozark_al', 5, 1, 1, 840, 0, '2015-03-21'),
(163, 'province_2015_vancouver_bc', 5, 1, 1, 124, 0, '2015-03-21'),
(164, 'state_2015_st_louis_mo_yeti_gaming', 5, 1, 1, 840, 0, '2015-03-21'),
(165, 'city_2014_15_springfield_illinois', 7, 1, 1, 840, 0, '2015-01-04'),
(166, 'state_2015_dallas_tx', 5, 1, 1, 840, 253, '2015-03-21'),
(167, 'state_2015_san_gabriel_ca_mtg_deals', 5, 1, 1, 840, 170, '2015-03-21'),
(168, 'state_2015_colorado_springs_co', 5, 1, 1, 840, 0, '2015-03-21'),
(169, 'state_2015_kalamazoo_mi', 5, 1, 1, 840, 0, '2015-03-21'),
(170, 'state_2015_las_vegas_nv', 5, 1, 1, 840, 0, '2015-03-28'),
(171, 'regional_2014_15_prague', 4, 1, 1, 203, 0, '2015-03-28'),
(172, 'regional_2014_15_bergen', 4, 1, 1, 578, 0, '2015-03-21'),
(173, 'state_2015_hot_springs_ar', 5, 1, 1, 840, 0, '2015-03-28'),
(174, 'devir_bookstore_sao_paulo', 14, 9, 1, 76, 16, '2001-01-06'),
(175, 'regional_2014_15_preganziol', 4, 1, 1, 380, 0, '2015-03-29'),
(176, 'state_2015_louisville_ky', 5, 1, 1, 840, 0, '2015-03-21'),
(177, 'state_2015_baraboo_wi', 5, 1, 1, 840, 0, '2015-03-29'),
(178, 'state_2015_fort_wayne_in', 5, 1, 1, 840, 0, '2015-03-28'),
(179, 'regional_2014_15_perth', 4, 1, 1, 36, 0, '2015-03-29'),
(180, 'regional_2014_15_genk', 4, 1, 1, 56, 0, '2015-03-29'),
(181, 'state_2015_boise_id', 5, 1, 1, 840, 0, '2015-03-21'),
(182, 'the_game_academy_orlando_fl', 14, 1, 1, 840, 0, '2015-03-14'),
(183, 'the_game_academy_orlando_fl', 14, 1, 1, 840, 0, '2015-03-21'),
(184, 'state_2015_pearl_ms', 5, 1, 1, 840, 0, '2015-03-28'),
(185, 'state_2015_west_chester_pa', 5, 1, 1, 840, 0, '2015-03-28'),
(186, 'state_2015_lincoln_ne', 5, 1, 1, 840, 0, '2015-03-28'),
(187, 'regional_2014_15_johannesburg', 4, 1, 1, 710, 0, '2015-03-28'),
(188, 'state_2015_west_bridgewater_ma', 5, 1, 1, 840, 0, '2015-03-21'),
(189, 'spe_aldershot', 16, 1, 1, 826, 42, '2015-04-04'),
(190, 'state_2015_raleigh_nc', 5, 1, 1, 840, 0, '2015-03-28'),
(191, 'state_2015_clive_ia', 5, 1, 1, 840, 0, '2015-04-04'),
(192, 'province_2015_toronto_on', 5, 1, 1, 124, 0, '2015-04-04'),
(193, 'state_2015_duluth_ga', 5, 1, 1, 840, 0, '2015-03-28'),
(194, 'state_2015_glen_burnie_md', 5, 1, 1, 840, 0, '2015-04-04'),
(195, 'regional_2014_15_antwerpen', 4, 1, 1, 56, 0, '2015-04-06'),
(196, 'the_game_academy_orlando_fl', 14, 1, 1, 840, 0, '2015-03-28'),
(197, 'regional_2014_15_munchen', 4, 1, 1, 276, 0, '2015-03-21'),
(198, 'big_league_cards_crownpoint_in', 14, 8, 8, 840, 12, '1999-11-06'),
(199, 'gandg_s_sports_cards_san_diego_ca', 14, 8, 8, 840, 0, '1999-11-20'),
(200, 'full_moon_schaumburg_il', 14, 8, 8, 840, 25, '1999-11-06'),
(201, 'comic_adventures_mansfield_oh', 14, 8, 8, 840, 16, '1999-11-26'),
(202, 'state_2015_wooster_oh', 5, 1, 1, 840, 0, '2015-04-11'),
(203, 'state_2015_oklahoma_city', 5, 1, 1, 840, 0, '2015-04-11'),
(204, 'state_2015_madison_tn', 5, 1, 1, 840, 0, '2015-04-11');

--
-- Contenu de la table `events_categories`
--

INSERT INTO `events_categories` (`id`, `identifier`, `name`) VALUES
(1, 'master', 'Master 15+'),
(2, 'senior', 'Senior 11-14'),
(3, 'junior', 'Junior 10-'),
(4, 'junior_13', 'Junior 13-'),
(5, 'junior_14', 'Junior 14-'),
(6, 'senior_11_12', 'Senior 11-12'),
(7, 'senior_13_14', 'Senior 13-14'),
(8, 'all', 'All');

--
-- Contenu de la table `events_levels`
--

INSERT INTO `events_levels` (`id`, `identifier`, `name`) VALUES
(0, 'professor_cup', 'Professor Cup'),
(1, 'world_championships', 'World Championships'),
(2, 'major_event', 'Major Event'),
(3, 'national', 'National'),
(4, 'regional', 'Regional'),
(5, 'state', 'State'),
(6, 'arena_cup', 'Arena Cup'),
(7, 'city', 'City'),
(8, 'battle_road', 'Battle Road'),
(9, 'league_challenge', 'League Challenge'),
(10, 'other', 'Other'),
(11, 'tropical_mega_battle', 'Tropical Mega Battle'),
(12, 'trainer_showdown', 'Trainer Showdown'),
(13, 'qualifier_tour', 'Qualifier Tour'),
(14, 'regular', 'Regular'),
(15, 'local', 'Local'),
(16, 'spe', 'SPE');

--
-- Contenu de la table `events_names`
--

INSERT INTO `events_names` (`event_id`, `local_language_id`, `name`, `description`) VALUES
(1, 2, 'World Championships 2002', ''),
(2, 2, 'World Championships 2002', ''),
(3, 2, 'STS Secaucus, New Jersey', ''),
(4, 2, 'STS Secaucus, New Jersey', ''),
(5, 2, 'STS Secaucus, New Jersey', ''),
(6, 2, 'Trainer Showdown - Los Angeles', ''),
(7, 2, 'Trainer Showdown - San Francisco', ''),
(8, 2, 'Trainer Showdown - Washington D.C.', ''),
(9, 2, 'Trainer Showdown - Atlanta', ''),
(10, 2, 'Trainer Showdown - Chicago', ''),
(11, 2, 'Trainer Showdown - Kansas City', ''),
(12, 2, 'Trainer Showdown - New York', ''),
(13, 2, 'Trainer Showdown - Houston', ''),
(14, 2, 'Trainer Showdown - Seattle', ''),
(15, 2, 'USA National Championships 1999', ''),
(16, 2, 'STS Qualifier - Cincinnati, Ohio - Day 1', ''),
(17, 2, 'Tropical Mega Battle 1999', ''),
(18, 2, 'Professor''s Cup 2002', ''),
(19, 2, 'Rama Llama Comics - Plano, Texas', ''),
(20, 0, 'Professor''s Cup 2003', ''),
(21, 2, 'Fan Appreciation - GenCon 2003', ''),
(22, 2, 'World Championships 2004', ''),
(23, 2, 'World Championships 2004', ''),
(24, 2, 'World Championships 2004', ''),
(25, 2, 'World Championships 2005', ''),
(26, 2, 'World Championships 2005', ''),
(27, 2, 'World Championships 2005', ''),
(28, 2, 'World Championships 2006', ''),
(29, 2, 'World Championships 2006', ''),
(30, 2, 'World Championships 2006', ''),
(31, 2, 'World Championships 2007', ''),
(32, 2, 'World Championships 2007', ''),
(33, 2, 'World Championships 2007', ''),
(34, 2, 'World Championships 2008', ''),
(35, 2, 'World Championships 2008', ''),
(36, 2, 'World Championships 2008', ''),
(37, 2, 'World Championships 2009', ''),
(38, 2, 'World Championships 2009', ''),
(39, 2, 'World Championships 2009', ''),
(40, 2, 'World Championships 2010', ''),
(41, 2, 'World Championships 2010', ''),
(42, 2, 'World Championships 2010', ''),
(43, 2, 'World Championships 2011', ''),
(44, 2, 'World Championships 2011', ''),
(45, 2, 'World Championships 2011', ''),
(46, 2, 'World Championships 2012', ''),
(47, 2, 'World Championships 2012', ''),
(48, 2, 'World Championships 2012', ''),
(49, 2, 'World Championships 2013', ''),
(50, 2, 'World Championships 2013', ''),
(51, 2, 'World Championships 2013', ''),
(52, 2, 'World Championships 2014', ''),
(53, 2, 'World Championships 2014', ''),
(54, 2, 'World Championships 2014', ''),
(55, 2, 'Arena Cup 2014/15 - Bremen', ''),
(56, 2, 'Arena Cup 2014/15 - Berlin', ''),
(57, 2, 'Regional 2014/15 - Fort Wayne - Day 2', ''),
(58, 2, 'City 2014/15 - Springfield, Missouri', ''),
(59, 2, 'City 2014/15 - South St. Louis, Missouri', ''),
(60, 2, 'League Challenge - Spiel 2014', ''),
(61, 2, 'European Challenge Cup 2015', ''),
(62, 2, 'STS Qualifier - Norcross, Georgia', ''),
(63, 2, 'STS Qualifier - San Benedetto del Tronto', ''),
(64, 2, 'STS San Diego - Day 1', ''),
(65, 2, 'STS San Diego - Day 2', ''),
(66, 2, 'France National Championships 2011', ''),
(67, 2, 'Regional 2013/14 - Doswell, Virginia', ''),
(68, 2, 'STS Qualifier - Torrance, California', ''),
(69, 2, 'STS Qualifier - Phoenix, Arizona - Day 1', ''),
(70, 2, 'STS Qualifier - Phoenix, Arizona - Day 2', ''),
(71, 2, 'STS Qualifier - West Dundee, Illinois', ''),
(72, 2, 'STS Qualifier - High Point, N. Carolina', ''),
(73, 2, 'STS Qualifier - King of Prussia, PA', ''),
(74, 2, 'STS Long Beach, California', ''),
(75, 2, 'STS Long Beach, California', ''),
(76, 2, 'STS Long Beach, California', ''),
(77, 2, 'Brisbane Online Games Center', ''),
(78, 2, 'Toys ''R'' Us - Spotsylvania, Virginia', ''),
(79, 2, 'Tropical Mega Battle 2000', ''),
(80, 2, 'Creative Gift Baskets - Planto, Texas', ''),
(81, 2, 'City 2014/15 - New Holland, PA', ''),
(82, 2, 'City 2014/15 - Blue Bell, PA', ''),
(83, 2, 'City 2014/15 - Culpeper, Virginia', ''),
(84, 2, 'City 2014/15 - York, PA', ''),
(85, 2, 'Regional 2014/15 - Shoreham-by-Sea', ''),
(86, 2, 'Regional 2013/14 - Mödling', ''),
(87, 2, 'European Challenge Cup 2015', ''),
(88, 2, 'Arena Cup 2014/15 - Salzburg', ''),
(89, 2, 'City 2014/15 - São José dos Campos', ''),
(90, 2, 'City 2014/15 - Pretoria', ''),
(91, 2, 'Colossal Comics - Marietta, GA', ''),
(92, 2, 'Fanboy3 - Manchester', ''),
(93, 2, 'Regional 2014/15 - Kissimmee, FL - Day 1', ''),
(94, 2, 'Regional 2014/15 - Kissimmee, FL - Day 2', ''),
(95, 2, 'GameMaster - Fairlawn, NJ', ''),
(96, 2, 'Regional 2014/15 - Doswell, VA - Day 1', ''),
(97, 2, 'City 2014/15 - Douglasville, GA', ''),
(98, 2, 'City 2014/15 - Alpharetta, GA', ''),
(99, 2, 'City 2014/15 - Buford, GA', ''),
(100, 2, 'City 2014/15 - Newnan, GA', ''),
(101, 2, 'City 2014/15 - Lawrenceville , GA', ''),
(102, 2, 'Toys ''R'' Us - Dublin, California', ''),
(103, 2, 'City 2004/05 - Garden City, MI', ''),
(104, 2, 'City 2004/05 - Plano, Texas', ''),
(105, 2, 'City 2014/15 - Verberie', ''),
(106, 2, 'City 2014/15 - Lyon', ''),
(107, 2, 'Logan''s Card Shop - North Vernon, IN', ''),
(108, 2, 'Hobbytown - Lincoln, NE', ''),
(109, 2, 'Collector''s Cache - Lenexa, Kansas', ''),
(110, 2, 'Games Galore - Arlington, TX', ''),
(111, 2, 'City 2014/15 - Trnava', ''),
(112, 2, 'City 2014/15 - Montpellier', ''),
(113, 2, 'City 2014/15 - Duluth, GA', ''),
(114, 2, 'USA National Championships 2014', ''),
(115, 2, 'USA National Championships 2014', ''),
(116, 2, 'USA National Championships 2014', ''),
(117, 2, 'Regional 2014/15 - Phoenix, AZ - Day 1', ''),
(118, 2, 'Regional 2014/15 - Philadelphia, PA - Day 1', ''),
(119, 2, 'League Challenge - Bratislava', ''),
(120, 2, 'Gathering Ground - St. Louis, MO', ''),
(121, 2, 'Comic Company - Atlanta, GA', ''),
(122, 2, 'Comic Company - Atlanta, GA', ''),
(123, 2, 'Brain Snacks - Downers Grove, IL', ''),
(124, 2, 'Dreamers - St. Louis Park, MN', ''),
(125, 2, 'Comic World - Kitchener, ON', ''),
(126, 2, 'Comic World - Kitchener, ON', ''),
(127, 2, 'Comic World - Kitchener, ON', ''),
(128, 2, 'Festival des Jeux 2000 - Cannes', ''),
(129, 2, 'Regional 2014/15 - Phoenix, AZ - Day 2', ''),
(130, 2, 'The Game Academy - Orlando, FL', ''),
(131, 2, 'Third Planet - Torrance, CA', ''),
(132, 2, 'Extra Base - Orlando, FL', ''),
(133, 2, 'Hobby World - San Jose, CA', ''),
(134, 2, 'The Game Room - Little Rock, AR', ''),
(135, 2, 'TS Side Event - Los Angeles', ''),
(136, 2, 'Regional 2014/15 - St. Louis, MO - Day 2', ''),
(137, 2, 'Manchester Center - Fresno, CA', ''),
(138, 2, 'Game Chest - Dallas, Texas', ''),
(139, 2, 'Golden Memories - Long Island, NY', ''),
(140, 2, 'Pojo.com Apprentice League', ''),
(141, 2, 'Gathering Ground - St. Louis, MO', ''),
(142, 2, 'KGB - Maryville, Tennessee', ''),
(143, 2, 'Pioneer Place - Portland, OR', ''),
(144, 2, 'Altered States - Upstate NY', ''),
(145, 2, 'Rama Llama Comics - Plano, Texas', ''),
(146, 2, 'Downtown Comics - Indianapolis', ''),
(147, 2, 'New Year - Comics-a-Lot - Richmond, VA', ''),
(148, 2, 'Deja Vu Games - Kitchener, ON', ''),
(149, 2, 'Golden Memories - Mastic, NY', ''),
(150, 2, 'Ivory and Steel - Stillwater, OK', ''),
(151, 2, 'Golden Memories - Mastic, NY', ''),
(152, 2, 'Games Galore - Arlington, TX', ''),
(153, 2, 'Battlezone - Lenexa, KS', ''),
(154, 2, 'Mirkwood Games - Richfield, MN', ''),
(155, 2, 'STS Qualifier - Dallas, Texas', ''),
(156, 2, 'Game Keeper - Tysons Corner, VA', ''),
(157, 2, 'Toys ''R'' Us - Tysons Corner, VA', ''),
(158, 2, 'Winners - Toys ''R'' Us - Tysons Corner, VA', ''),
(159, 2, 'Midway Mall - Elyria, OH', ''),
(160, 2, 'Game Emporium - Albany, NY', ''),
(161, 2, 'Regional 2014/15 - St Louis, MO - Day 1', ''),
(162, 2, 'State 2015 - Ozark, AL', ''),
(163, 2, 'Province 2015 - Vancouver, BC', ''),
(164, 2, 'State 2015 - St. Louis, MO - Yeti Gaming', ''),
(165, 2, 'City 2014/15 - Springfield, Illinois', ''),
(166, 2, 'State 2015 - Dallas, TX', ''),
(167, 2, 'State 2015 - San Gabriel, CA - MTG Deals', ''),
(168, 2, 'State 2015 - Colorado Springs, CO', ''),
(169, 2, 'State 2015 - Kalamazoo, MI', ''),
(170, 2, 'State 2015 - Las Vegas, NV', ''),
(171, 2, 'Regional 2014/15 - Prague', ''),
(172, 2, 'Regional 2014/15 - Bergen', ''),
(173, 2, 'State 2015 - Hot Springs, AR', ''),
(174, 2, 'Devir Bookstore - São Paulo', ''),
(175, 2, 'Regional 2014/15 - Preganziol', ''),
(176, 2, 'State 2015 - Louisville, KY', ''),
(177, 2, 'State 2015 - Baraboo, WI', ''),
(178, 2, 'State 2015 - Fort Wayne, IN', ''),
(179, 2, 'Regional 2014/15 - Perth', ''),
(180, 2, 'Regional 2014/15 - Genk', ''),
(181, 2, 'State 2015 - Boise, ID', ''),
(182, 2, 'The Game Academy - Orlando FL', ''),
(183, 2, 'The Game Academy - Orlando FL', ''),
(184, 2, 'State 2015 - Pearl, MS', ''),
(185, 2, 'State 2015 - West Chester, PA', ''),
(186, 2, 'State 2015 - Lincoln, NE', ''),
(187, 2, 'Regional 2014/15 - Johannesburg', ''),
(188, 2, 'State 2015 - West Bridgewater, MA', ''),
(189, 2, 'SPE - Aldershot', ''),
(190, 2, 'State 2015 - Raleigh, NC', ''),
(191, 2, 'State 2015 - Clive, IA', ''),
(192, 2, 'Province 2015 - Toronto, ON', ''),
(193, 2, 'State 2015 - Duluth, GA', ''),
(194, 2, 'State 2015 - Glen Burnie, MD', ''),
(195, 2, 'Regional 2014/15 - Antwerpen', ''),
(196, 2, 'The Game Academy - Orlando FL', ''),
(197, 2, 'Regional 2014/15 - München', ''),
(198, 2, 'Big League Cards - Crownpoint, IN', ''),
(199, 2, 'G&amp;G''s Sports Cards - San Diego, CA', ''),
(200, 2, 'Full Moon - Schaumburg, IL', ''),
(201, 2, 'Comic Adventures - Mansfield, OH', ''),
(202, 2, 'State 2015 - Wooster, OH', ''),
(203, 2, 'State 2015 - Oklahoma City', ''),
(204, 2, 'State 2015 - Madison, TN', '');

--
-- Contenu de la table `formats`
--

INSERT INTO `formats` (`id`, `identifier`) VALUES
(1, 'standard'),
(2, 'expanded'),
(3, 'unlimited'),
(4, 'unlimited_100'),
(5, 'special'),
(6, 'base'),
(7, 'base_jungle'),
(8, 'base_fossil'),
(9, 'base_rocket'),
(10, 'base_gym'),
(11, 'base_neo'),
(12, 'base_skyridge'),
(13, 'prop_15_3'),
(14, 'rocket_on'),
(15, 'neo_on'),
(16, 'expedition_on'),
(17, 'rs_on'),
(18, 'hl_on'),
(19, 'dx_on'),
(20, 'hp_on'),
(21, 'dp_on_08_09'),
(22, 'dp_on_09_10'),
(23, 'md_on'),
(24, 'hgss_on'),
(25, 'bw_on'),
(26, 'nxd_on'),
(27, 'bcr_on'),
(28, 'extended_bw');

--
-- Contenu de la table `formats_names`
--

INSERT INTO `formats_names` (`format_id`, `local_language_id`, `name`, `season`) VALUES
(1, 2, 'Standard', 'Current'),
(1, 3, 'Standard', 'Current'),
(2, 2, 'Expanded', 'Current'),
(2, 3, 'Étendu', 'Current'),
(3, 2, 'Unlimited', ''),
(3, 3, 'Illimité', ''),
(4, 2, 'U100', ''),
(4, 3, 'U100', ''),
(5, 2, 'Special', ''),
(5, 3, 'Spécial', ''),
(6, 2, 'Base', '1999'),
(6, 3, 'Base', '1999'),
(7, 2, 'Base Jungle', '1999'),
(7, 3, 'Base Jungle', '1999'),
(8, 2, 'Base Fossil', '1999-2000'),
(8, 3, 'Base Fossile', '1999-2000'),
(9, 2, 'Base Rocket', '2000'),
(9, 3, 'Base Rocket', '2000'),
(10, 2, 'Base Gym', '2000'),
(10, 3, 'Base Gym', '2000'),
(11, 2, 'Base Neo', '2000-2002'),
(11, 3, 'Base Neo', '2000-2002'),
(12, 2, 'Base Skyridge', '2002-2003'),
(12, 3, 'Base Skyridge', '2002-2003'),
(13, 2, 'Prop 15/3', '2000-2001'),
(13, 3, 'Prop 15/3', '2000-2001'),
(14, 2, 'Rocket-on', '2001-2002'),
(14, 3, 'Rocket-on', '2001-2002'),
(15, 2, 'Neo-on', '2002-2003'),
(15, 3, 'Neo-on', '2002-2003'),
(16, 2, 'Exp-on', '2003-2004'),
(16, 3, 'Exp-on', '2003-2004'),
(17, 2, 'RS-on', '2004-2005'),
(17, 3, 'RS-on', '2004-2005'),
(18, 2, 'HL-on', '2005-2006'),
(18, 3, 'HL-on', '2005-2006'),
(19, 2, 'DX-on', '2006-2007'),
(19, 3, 'DX-on', '2006-2007'),
(20, 2, 'HP-on', '2007-2008'),
(20, 3, 'HP-on', '2007-2008'),
(21, 2, 'DP-on 08-09', '2008-2009'),
(21, 3, 'DP-on 08-09', '2008-2009'),
(22, 2, 'DP-on 09-10', '2009-2010'),
(22, 3, 'DP-on 09-10', '2009-2010'),
(23, 2, 'MD-on', '2010-2011'),
(23, 3, 'MD-on', '2010-2011'),
(24, 2, 'HGSS-on', '2011-2012'),
(24, 3, 'HGSS-on', '2011-2012'),
(25, 2, 'BW-on', '2012-2013'),
(25, 3, 'BW-on', '2012-2013'),
(26, 2, 'NxD-on', '2013-2014'),
(26, 3, 'NxD-on', '2013-2014'),
(27, 2, 'BCr-on', '2014-2015'),
(27, 3, 'BCr-on', '2014-2015'),
(28, 2, 'Expanded BW', '2014-2015'),
(28, 3, 'Étendu BW', '2014-2015');

--
-- Contenu de la table `format_sets`
--

INSERT INTO `format_sets` (`format_id`, `set_id`, `number_start`, `number_end`, `set_order`) VALUES
(1, 54, NULL, NULL, 1),
(1, 55, NULL, NULL, 2),
(1, 56, NULL, NULL, 3),
(1, 57, NULL, NULL, 4),
(1, 58, NULL, NULL, 5),
(1, 59, NULL, NULL, 6),
(1, 60, NULL, NULL, 7),
(1, 61, NULL, NULL, 8),
(1, 62, NULL, NULL, 9),
(1, 63, NULL, NULL, 10),
(1, 64, NULL, NULL, 11),
(1, 1006, NULL, NULL, 12),
(1, 3004, NULL, NULL, 16),
(1, 4006, NULL, NULL, 15),
(1, 5005, 51, 101, 13),
(1, 5006, NULL, NULL, 14),
(2, 48, NULL, NULL, 1),
(2, 49, NULL, NULL, 2),
(2, 50, NULL, NULL, 3),
(2, 51, NULL, NULL, 4),
(2, 52, NULL, NULL, 5),
(2, 53, NULL, NULL, 6),
(2, 54, NULL, NULL, 7),
(2, 55, NULL, NULL, 8),
(2, 56, NULL, NULL, 9),
(2, 57, NULL, NULL, 10),
(2, 58, NULL, NULL, 11),
(2, 59, NULL, NULL, 12),
(2, 60, NULL, NULL, 13),
(2, 61, NULL, NULL, 14),
(2, 62, NULL, NULL, 15),
(2, 63, NULL, NULL, 16),
(2, 64, NULL, NULL, 17),
(2, 1005, NULL, NULL, 7),
(2, 1006, NULL, NULL, 18),
(2, 3001, NULL, NULL, 23),
(2, 3002, NULL, NULL, 24),
(2, 3003, NULL, NULL, 25),
(2, 3004, NULL, NULL, 26),
(2, 4005, NULL, NULL, 21),
(2, 4006, NULL, NULL, 22),
(2, 5005, NULL, NULL, 19),
(2, 5006, NULL, NULL, 20),
(6, 1, NULL, NULL, 1),
(7, 1, NULL, NULL, 1),
(7, 2, NULL, NULL, 2),
(7, 5001, 1, 1, 3),
(8, 1, NULL, NULL, 1),
(8, 2, NULL, NULL, 2),
(8, 3, NULL, NULL, 3),
(8, 5001, 1, 15, 4),
(9, 1, NULL, NULL, 1),
(9, 2, NULL, NULL, 2),
(9, 3, NULL, NULL, 3),
(9, 5, NULL, NULL, 4),
(9, 5001, 1, 18, 5),
(10, 1, NULL, NULL, 1),
(10, 2, NULL, NULL, 2),
(10, 3, NULL, NULL, 3),
(10, 5, NULL, NULL, 4),
(10, 6, NULL, NULL, 5),
(10, 7, NULL, NULL, 6),
(10, 5001, 1, 24, 7),
(11, 1, NULL, NULL, 1),
(11, 2, NULL, NULL, 2),
(11, 3, NULL, NULL, 3),
(11, 5, NULL, NULL, 4),
(11, 6, NULL, NULL, 5),
(11, 7, NULL, NULL, 6),
(11, 8, NULL, NULL, 7),
(11, 9, NULL, NULL, 8),
(11, 10, NULL, NULL, 9),
(11, 11, NULL, NULL, 10),
(11, 1001, NULL, NULL, 11),
(11, 1002, NULL, NULL, 12),
(11, 5001, 1, 48, 13),
(12, 1, NULL, NULL, 1),
(12, 2, NULL, NULL, 2),
(12, 3, NULL, NULL, 3),
(12, 5, NULL, NULL, 4),
(12, 6, NULL, NULL, 5),
(12, 7, NULL, NULL, 6),
(12, 8, NULL, NULL, 7),
(12, 9, NULL, NULL, 8),
(12, 10, NULL, NULL, 9),
(12, 11, NULL, NULL, 10),
(12, 13, NULL, NULL, 11),
(12, 14, NULL, NULL, 12),
(12, 15, NULL, NULL, 13),
(12, 1001, NULL, NULL, 14),
(12, 1002, NULL, NULL, 15),
(12, 5001, NULL, NULL, 17),
(12, 6004, NULL, NULL, 16),
(13, 1, NULL, NULL, 1),
(13, 2, NULL, NULL, 2),
(13, 3, NULL, NULL, 3),
(13, 5, NULL, NULL, 4),
(13, 6, NULL, NULL, 5),
(13, 7, NULL, NULL, 6),
(13, 5001, 1, 24, 7),
(14, 5, NULL, NULL, 1),
(14, 6, NULL, NULL, 2),
(14, 7, NULL, NULL, 3),
(14, 8, NULL, NULL, 4),
(14, 9, NULL, NULL, 5),
(14, 10, NULL, NULL, 6),
(14, 11, NULL, NULL, 7),
(14, 1001, NULL, NULL, 8),
(14, 5001, 1, 48, 9),
(15, 8, NULL, NULL, 1),
(15, 9, NULL, NULL, 2),
(15, 10, NULL, NULL, 3),
(15, 11, NULL, NULL, 4),
(15, 12, NULL, NULL, 5),
(15, 13, NULL, NULL, 6),
(15, 14, NULL, NULL, 7),
(15, 15, NULL, NULL, 8),
(15, 1001, NULL, NULL, 9),
(15, 5001, NULL, NULL, 11),
(15, 6004, NULL, NULL, 10),
(16, 13, NULL, NULL, 1),
(16, 14, NULL, NULL, 2),
(16, 15, NULL, NULL, 3),
(16, 16, NULL, NULL, 4),
(16, 17, NULL, NULL, 5),
(16, 18, NULL, NULL, 6),
(16, 19, NULL, NULL, 7),
(16, 20, NULL, NULL, 8),
(16, 4001, NULL, NULL, 10),
(16, 5002, 1, 26, 9),
(17, 16, NULL, NULL, 1),
(17, 17, NULL, NULL, 2),
(17, 18, NULL, NULL, 3),
(17, 19, NULL, NULL, 4),
(17, 20, NULL, NULL, 5),
(17, 21, NULL, NULL, 6),
(17, 22, NULL, NULL, 7),
(17, 23, NULL, NULL, 8),
(17, 24, NULL, NULL, 9),
(17, 2001, NULL, NULL, 10),
(17, 4001, NULL, NULL, 12),
(17, 4002, NULL, NULL, 13),
(17, 5002, 1, 30, 11),
(18, 20, NULL, NULL, 1),
(18, 21, NULL, NULL, 2),
(18, 22, NULL, NULL, 3),
(18, 23, NULL, NULL, 4),
(18, 24, NULL, NULL, 5),
(18, 25, NULL, NULL, 6),
(18, 26, NULL, NULL, 7),
(18, 27, NULL, NULL, 8),
(18, 28, NULL, NULL, 9),
(18, 2001, NULL, NULL, 10),
(18, 2002, NULL, NULL, 11),
(18, 2003, NULL, NULL, 12),
(18, 4001, NULL, NULL, 15),
(18, 4002, NULL, NULL, 16),
(18, 5002, 1, 36, 14),
(19, 23, NULL, NULL, 1),
(19, 24, NULL, NULL, 2),
(19, 25, NULL, NULL, 3),
(19, 26, NULL, NULL, 4),
(19, 27, NULL, NULL, 5),
(19, 28, NULL, NULL, 6),
(19, 29, NULL, NULL, 7),
(19, 30, NULL, NULL, 8),
(19, 31, NULL, NULL, 9),
(19, 32, NULL, NULL, 10),
(19, 2002, NULL, NULL, 11),
(19, 2003, NULL, NULL, 12),
(19, 2004, NULL, NULL, 13),
(19, 2005, NULL, NULL, 14),
(19, 4002, NULL, NULL, 17),
(19, 5002, 29, 40, 15),
(19, 5003, 1, 5, 16),
(19, 6005, 84, 84, 18),
(20, 28, NULL, NULL, 1),
(20, 29, NULL, NULL, 2),
(20, 30, NULL, NULL, 3),
(20, 31, NULL, NULL, 4),
(20, 32, NULL, NULL, 5),
(20, 33, NULL, NULL, 6),
(20, 34, NULL, NULL, 7),
(20, 35, NULL, NULL, 8),
(20, 36, NULL, NULL, 9),
(20, 2004, NULL, NULL, 10),
(20, 2005, NULL, NULL, 11),
(20, 2006, NULL, NULL, 12),
(20, 2007, NULL, NULL, 13),
(20, 4003, NULL, NULL, 16),
(20, 5002, 37, 40, 14),
(20, 5003, 1, 25, 15),
(20, 6005, 96, 96, 17),
(21, 32, NULL, NULL, 1),
(21, 33, NULL, NULL, 2),
(21, 34, NULL, NULL, 3),
(21, 35, NULL, NULL, 4),
(21, 36, NULL, NULL, 5),
(21, 37, NULL, NULL, 6),
(21, 38, NULL, NULL, 7),
(21, 39, NULL, NULL, 8),
(21, 40, NULL, NULL, 9),
(21, 2006, NULL, NULL, 10),
(21, 2007, NULL, NULL, 11),
(21, 2008, NULL, NULL, 12),
(21, 2009, NULL, NULL, 13),
(21, 4003, NULL, NULL, 15),
(21, 5003, 1, 48, 14),
(22, 32, NULL, NULL, 1),
(22, 33, NULL, NULL, 2),
(22, 34, NULL, NULL, 3),
(22, 35, NULL, NULL, 4),
(22, 36, NULL, NULL, 5),
(22, 37, NULL, NULL, 6),
(22, 38, NULL, NULL, 7),
(22, 39, NULL, NULL, 8),
(22, 40, NULL, NULL, 9),
(22, 41, NULL, NULL, 10),
(22, 42, NULL, NULL, 11),
(22, 43, NULL, NULL, 13),
(22, 44, NULL, NULL, 14),
(22, 1004, NULL, NULL, 12),
(22, 2006, NULL, NULL, 15),
(22, 2007, NULL, NULL, 16),
(22, 2008, NULL, NULL, 17),
(22, 2009, NULL, NULL, 18),
(22, 4003, NULL, NULL, 21),
(22, 4004, NULL, NULL, 22),
(22, 5003, NULL, NULL, 19),
(22, 5004, 1, 18, 20),
(23, 36, NULL, NULL, 1),
(23, 37, NULL, NULL, 2),
(23, 38, NULL, NULL, 3),
(23, 39, NULL, NULL, 4),
(23, 40, NULL, NULL, 5),
(23, 41, NULL, NULL, 6),
(23, 42, NULL, NULL, 8),
(23, 43, NULL, NULL, 9),
(23, 44, NULL, NULL, 10),
(23, 45, NULL, NULL, 11),
(23, 46, NULL, NULL, 12),
(23, 47, NULL, NULL, 13),
(23, 1004, NULL, NULL, 7),
(23, 4004, NULL, NULL, 16),
(23, 5003, 22, 56, 14),
(23, 5004, NULL, NULL, 15),
(24, 43, NULL, NULL, 1),
(24, 44, NULL, NULL, 2),
(24, 45, NULL, NULL, 3),
(24, 46, NULL, NULL, 4),
(24, 47, NULL, NULL, 5),
(24, 48, NULL, NULL, 6),
(24, 49, NULL, NULL, 7),
(24, 50, NULL, NULL, 8),
(24, 51, NULL, NULL, 9),
(24, 52, NULL, NULL, 10),
(24, 3001, NULL, NULL, 15),
(24, 3002, NULL, NULL, 16),
(24, 4004, NULL, NULL, 13),
(24, 4005, NULL, NULL, 14),
(24, 5004, NULL, NULL, 11),
(24, 5005, 1, 50, 12),
(25, 48, NULL, NULL, 1),
(25, 49, NULL, NULL, 2),
(25, 50, NULL, NULL, 3),
(25, 51, NULL, NULL, 4),
(25, 52, NULL, NULL, 5),
(25, 53, NULL, NULL, 6),
(25, 54, NULL, NULL, 8),
(25, 55, NULL, NULL, 9),
(25, 56, NULL, NULL, 10),
(25, 1005, NULL, NULL, 7),
(25, 3001, NULL, NULL, 13),
(25, 3002, NULL, NULL, 14),
(25, 3003, NULL, NULL, 15),
(25, 4005, NULL, NULL, 12),
(25, 5005, 1, 95, 11),
(26, 51, NULL, NULL, 1),
(26, 52, NULL, NULL, 2),
(26, 53, NULL, NULL, 3),
(26, 54, NULL, NULL, 4),
(26, 55, NULL, NULL, 5),
(26, 56, NULL, NULL, 6),
(26, 57, NULL, NULL, 7),
(26, 58, NULL, NULL, 8),
(26, 59, NULL, NULL, 9),
(26, 60, NULL, NULL, 10),
(26, 1006, NULL, NULL, 11),
(26, 3002, NULL, NULL, 15),
(26, 3004, NULL, NULL, 16),
(26, 4006, NULL, NULL, 14),
(26, 5005, 33, 101, 12),
(26, 5006, 1, 27, 13);

--
-- Contenu de la table `languages`
--

INSERT INTO `languages` (`id`, `iso639`, `iso3166`, `identifier`) VALUES
(0, 'ja', 'jp', 'roomaji'),
(1, 'ja', 'jp', 'japanese'),
(2, 'en', 'us', 'english'),
(3, 'fr', 'fr', 'french'),
(4, 'it', 'it', 'italian'),
(5, 'de', 'de', 'german'),
(7, 'es', 'es', 'spanish'),
(8, 'ko', 'kr', 'korean'),
(9, 'zh', 'cn', 'chinese'),
(10, 'cs', 'cz', 'czech');

--
-- Contenu de la table `languages_names`
--

INSERT INTO `languages_names` (`language_id`, `local_language_id`, `name`) VALUES
(1, 1, '日本語'),
(1, 2, 'Japanese'),
(1, 3, 'Japonais'),
(1, 10, 'Japonština'),
(2, 1, '英語'),
(2, 2, 'English'),
(2, 3, 'Anglais'),
(2, 10, 'Angličtina'),
(3, 1, 'フランス語'),
(3, 2, 'French'),
(3, 3, 'Français'),
(3, 10, 'Francouzština'),
(4, 1, '伊語'),
(4, 2, 'Italian'),
(4, 3, 'Italien'),
(4, 10, 'Italština'),
(5, 1, 'ドイツ語'),
(5, 2, 'German'),
(5, 3, 'Allemand'),
(5, 10, 'Němčina'),
(7, 1, '西語'),
(7, 2, 'Spanish'),
(7, 3, 'Espagnol'),
(7, 10, 'Španělština'),
(8, 1, '韓国語'),
(8, 2, 'Korean'),
(8, 3, 'Koréen'),
(8, 10, 'Korejština'),
(9, 1, '中国語'),
(9, 2, 'Chinese'),
(9, 3, 'Chinois'),
(9, 10, 'Čínština'),
(10, 1, 'チェコ語'),
(10, 2, 'Czech'),
(10, 3, 'Tchèque'),
(10, 10, 'Čeština');

--
-- Contenu de la table `owners`
--

INSERT INTO `owners` (`id`, `local_language_id`, `name`, `format_id`) VALUES
(1, 2, 'Brock', 3),
(2, 2, 'Misty', 3),
(3, 2, 'Lt. Surge', 3),
(4, 2, 'Erika', 3),
(5, 2, 'Koga', 3),
(6, 2, 'Sabrina', 3),
(7, 2, 'Blaine', 3),
(8, 2, 'Giovanni', 3),
(9, 2, 'Rocket', 3),
(10, 2, 'Falkner', 3),
(11, 2, 'Bugsy', 3),
(12, 2, 'Whitney', 3),
(13, 2, 'Morty', 3),
(14, 2, 'Chuck', 3),
(15, 2, 'Jasmine', 3),
(16, 2, 'Pryce', 3),
(17, 2, 'Clair', 3),
(18, 2, 'Will', 3),
(19, 2, 'Bruno', 3),
(20, 2, 'Karen', 3),
(21, 2, 'Lance', 3),
(22, 2, 'Janine', 3),
(23, 2, 'Imakuni', 3),
(24, 2, 'Team Aqua', 3),
(25, 2, 'Team Magma', 3),
(26, 2, 'Holon', 3);

--
-- Contenu de la table `primal_traits`
--

INSERT INTO `primal_traits` (`id`, `local_language_id`, `name`) VALUES
(1, 2, 'α Growth'),
(2, 2, 'α Recovery'),
(3, 2, 'Ω Barrage'),
(4, 2, 'Ω Barrier');

--
-- Contenu de la table `rarity`
--

INSERT INTO `rarity` (`id`, `identifier`, `symbol`) VALUES
(0, 'none', '{-}'),
(1, 'common', '{c}'),
(2, 'uncommon', '{u}'),
(3, 'rare', '{r}'),
(4, 'rare_holo', '{rh}'),
(5, 'ultra_rare', '{ur}'),
(6, 'shining', '{sh}'),
(7, 'promo', '{p}'),
(8, 'fixed', '{f}');

--
-- Contenu de la table `rarity_names`
--

INSERT INTO `rarity_names` (`rarity_id`, `local_language_id`, `name`) VALUES
(0, 2, 'No rarity'),
(0, 3, 'Aucune rareté'),
(1, 2, 'Common'),
(2, 2, 'Uncommon'),
(2, 3, 'Peu Commune'),
(3, 2, 'Rare'),
(3, 3, 'Rare'),
(4, 2, 'Rare Holo'),
(4, 3, 'Rare Holo'),
(5, 2, 'Ultra Rare'),
(5, 3, 'Ultra Rare'),
(6, 2, 'Shining'),
(6, 3, 'Chromatique'),
(7, 2, 'Promo'),
(7, 3, 'Promo'),
(8, 2, 'Fixed'),
(8, 3, 'Fixée');

--
-- Contenu de la table `sets`
--

INSERT INTO `sets` (`id`, `identifier`, `card_total`, `released`, `set_order`) VALUES
(1, 'base_set', 102, '1999-01-08 23:00:00', 1),
(2, 'jungle', 64, '1999-06-15 22:00:00', 2),
(3, 'fossil', 62, '1999-10-09 22:00:00', 3),
(4, 'base_set_2', 130, '2000-02-23 23:00:00', 4),
(5, 'team_rocket', 83, '2000-04-23 22:00:00', 5),
(6, 'gym_heroes', 132, '2000-08-13 22:00:00', 6),
(7, 'gym_challenge', 132, '2000-10-15 22:00:00', 7),
(8, 'neo_genesis', 111, '2000-12-15 23:00:00', 8),
(9, 'neo_discovery', 75, '2001-05-31 22:00:00', 9),
(10, 'neo_revelation', 66, '2001-09-20 22:00:00', 10),
(11, 'neo_destiny', 113, '2002-02-27 23:00:00', 11),
(12, 'legendary_collection', 110, '2002-05-23 22:00:00', 12),
(13, 'expedition', 165, '2002-09-14 22:00:00', 13),
(14, 'aquapolis', 186, '2003-01-14 23:00:00', 14),
(15, 'skyridge', 182, '2003-05-11 22:00:00', 15),
(16, 'ex_ruby_sapphire', 109, '2003-06-17 22:00:00', 25),
(17, 'ex_sandstorm', 100, '2003-09-16 22:00:00', 26),
(18, 'ex_dragon', 100, '2003-11-23 23:00:00', 27),
(19, 'ex_tmta', 97, '2004-03-14 23:00:00', 28),
(20, 'ex_hidden_legends', 102, '2004-06-13 22:00:00', 29),
(21, 'ex_frlg', 116, '2004-08-29 22:00:00', 30),
(22, 'ex_tr_returns', 111, '2004-11-07 23:00:00', 31),
(23, 'ex_deoxys', 108, '2005-02-13 23:00:00', 32),
(24, 'ex_emerald', 107, '2005-05-08 22:00:00', 33),
(25, 'ex_unseen_forces', 145, '2005-08-21 22:00:00', 34),
(26, 'ex_delta_species', 114, '2005-10-30 23:00:00', 35),
(27, 'ex_legend_maker', 93, '2006-02-12 23:00:00', 36),
(28, 'ex_holon_phantoms', 111, '2006-05-02 22:00:00', 37),
(29, 'ex_crystal_guardians', 100, '2006-08-29 22:00:00', 38),
(30, 'ex_dragon_frontiers', 101, '2006-11-07 23:00:00', 39),
(31, 'ex_power_keepers', 108, '2007-02-13 23:00:00', 40),
(32, 'diamond_pearl', 130, '2007-05-22 22:00:00', 54),
(33, 'mysterious_treasures', 124, '2007-08-21 22:00:00', 55),
(34, 'secret_wonders', 132, '2007-11-06 23:00:00', 56),
(35, 'great_encounters', 106, '2008-02-12 23:00:00', 57),
(36, 'majestic_dawn', 100, '2008-05-20 22:00:00', 58),
(37, 'legends_awakened', 146, '2008-08-19 22:00:00', 59),
(38, 'stormfront', 106, '2008-11-04 23:00:00', 60),
(39, 'platinum', 133, '2009-02-10 23:00:00', 61),
(40, 'rising_rivals', 120, '2009-05-19 22:00:00', 62),
(41, 'supreme_victors', 153, '2009-08-18 22:00:00', 63),
(42, 'arceus', 111, '2009-11-03 23:00:00', 64),
(43, 'hgss', 124, '2010-02-09 23:00:00', 68),
(44, 'unleashed', 96, '2010-05-11 22:00:00', 69),
(45, 'undaunted', 91, '2010-08-17 22:00:00', 70),
(46, 'triumphant', 103, '2010-11-02 23:00:00', 71),
(47, 'call_of_legends', 106, '2011-02-08 23:00:00', 72),
(48, 'black_white', 115, '2011-04-24 22:00:00', 75),
(49, 'emerging_powers', 98, '2011-08-30 22:00:00', 76),
(50, 'noble_victories', 102, '2011-11-15 23:00:00', 77),
(51, 'next_destinies', 103, '2012-02-07 23:00:00', 78),
(52, 'dark_explorers', 111, '2012-05-08 22:00:00', 79),
(53, 'dragons_exalted', 128, '2012-08-14 22:00:00', 80),
(54, 'boundaries_crossed', 153, '2012-11-06 23:00:00', 82),
(55, 'plasma_storm', 138, '2013-02-05 23:00:00', 83),
(56, 'plasma_freeze', 122, '2013-05-07 22:00:00', 84),
(57, 'plasma_blast', 105, '2013-08-13 22:00:00', 85),
(58, 'legendary_treasures', 140, '2013-11-07 23:00:00', 86),
(59, 'xy', 146, '2014-02-04 23:00:00', 89),
(60, 'flashfire', 109, '2014-05-06 22:00:00', 90),
(61, 'furious_fists', 113, '2014-07-15 22:00:00', 91),
(62, 'phantom_forces', 122, '2014-10-24 22:00:00', 92),
(63, 'primal_clash', 164, '2015-02-03 23:00:00', 93),
(64, 'double_crisis', 34, '2015-03-22 23:00:00', 94),
(1000, 'sample', 10, '2002-08-02 22:00:00', 24),
(1001, 'southern_islands', 18, '2001-07-30 22:00:00', 18),
(1002, 'vs', 23, '2001-08-21 22:00:00', 23),
(1003, 'pokecard_creator', 5, '2004-07-08 22:00:00', 42),
(1004, 'rumble', 16, '2009-12-01 23:00:00', 65),
(1005, 'dragon_vault', 21, '2012-10-04 22:00:00', 81),
(1006, 'kalos_starter', 39, '2013-11-07 23:00:00', 502),
(2001, 'pop_1', 17, '2004-08-31 22:00:00', 45),
(2002, 'pop_2', 17, '2005-08-18 22:00:00', 46),
(2003, 'pop_3', 17, '2006-04-04 22:00:00', 47),
(2004, 'pop_4', 17, '2006-08-17 22:00:00', 48),
(2005, 'pop_5', 17, '2007-03-02 23:00:00', 49),
(2006, 'pop_6', 17, '2007-08-31 22:00:00', 50),
(2007, 'pop_7', 17, '2008-02-29 23:00:00', 51),
(2008, 'pop_8', 17, '2008-09-02 22:00:00', 52),
(2009, 'pop_9', 17, '2009-03-03 23:00:00', 53),
(3001, 'mc_donalds_2011', 12, '2011-06-16 22:00:00', 1001),
(3002, 'mc_donalds_2012', 12, '2012-06-14 22:00:00', 1002),
(3003, 'mc_donalds_2013', 12, '2013-10-15 22:00:00', 1003),
(3004, 'mc_donalds_2014', 12, '2014-04-01 22:00:00', 1004),
(4001, 'ex_trainer_kit_1', 18, '2004-06-01 22:00:00', 43),
(4002, 'ex_trainer_kit_2', 21, '2005-03-14 23:00:00', 44),
(4003, 'dp_trainer_kit', 21, '2007-09-06 22:00:00', 67),
(4004, 'hgss_trainer_kit', 21, '2010-05-04 22:00:00', 73),
(4005, 'bw_trainer_kit', 23, '2010-09-07 22:00:00', 88),
(4006, 'xy_trainer_kit', 22, '2014-03-11 23:00:00', 503),
(5001, 'black_star_wizards', 53, '1999-07-02 22:00:00', 16),
(5002, 'black_star_ex', 40, '2003-09-30 22:00:00', 41),
(5003, 'black_star_dp', 56, '2007-05-27 22:00:00', 66),
(5004, 'black_star_hgss', 25, '2010-02-23 23:00:00', 74),
(5005, 'black_star_bw', 101, '2011-03-08 23:00:00', 87),
(5006, 'black_star_xy', 38, '2013-10-11 22:00:00', 501),
(6001, 'wizards_unnumbered', 15, '1999-05-12 22:00:00', 22),
(6003, 'wizards_w', 7, '1999-08-31 22:00:00', 21),
(6004, 'wizards_best', 9, '2002-07-02 22:00:00', 20),
(6005, 'tpci_unnumbered', 116, '2003-11-23 23:00:00', 5003),
(6006, 'prerelease', 47, '1999-08-06 22:00:00', 5001),
(6007, 'winner', 20, '2002-12-03 23:00:00', 5002),
(10001, 'vending_machine', 125, '1998-11-23 23:00:00', 17);

--
-- Contenu de la table `sets_names`
--

INSERT INTO `sets_names` (`id`, `local_language_id`, `name`) VALUES
(1, 2, 'Base Set'),
(1, 3, 'Set de Base'),
(2, 2, 'Jungle'),
(2, 3, 'Jungle'),
(3, 2, 'Fossil'),
(3, 3, 'Fossile'),
(4, 2, 'Base Set 2'),
(4, 3, 'Base Set 2'),
(5, 2, 'Team Rocket'),
(5, 3, 'Team Rocket'),
(6, 2, 'Gym Heroes'),
(6, 3, 'Gym Heroes'),
(7, 2, 'Gym Challenge'),
(7, 3, 'Gym Challenge'),
(8, 2, 'Neo Genesis'),
(8, 3, 'Neo Genesis'),
(9, 2, 'Neo Discovery'),
(9, 3, 'Neo Discovery'),
(10, 2, 'Neo Revelation'),
(10, 3, 'Neo Revelation'),
(11, 2, 'Neo Destiny'),
(11, 3, 'Neo Destiny'),
(12, 2, 'Legendary Collection'),
(12, 3, 'Legendary Collection'),
(13, 2, 'Expedition'),
(13, 3, 'Expedition'),
(14, 2, 'Aquapolis'),
(14, 3, 'Aquapolis'),
(15, 2, 'Skyridge'),
(15, 3, 'Skyridge'),
(16, 2, 'ex Ruby Sapphire'),
(16, 3, 'ex Rubis Saphir'),
(17, 2, 'ex Sandstorm'),
(17, 3, 'ex Tempête de Sable'),
(18, 2, 'ex Dragon'),
(18, 3, 'ex Dragon'),
(19, 2, 'ex Team Magma vs Aqua'),
(19, 3, 'ex Team Magma vs Aqua'),
(20, 2, 'ex Hidden Legends'),
(20, 3, 'ex Légendes Oubliées'),
(21, 2, 'ex Fire Red - Leaf Green'),
(21, 3, 'ex Rouge Feu - Vert Feuille'),
(22, 2, 'ex Team Rocket Returns'),
(22, 3, 'ex Team Rocket Returns'),
(23, 2, 'ex Deoxys'),
(23, 3, 'ex Deoxys'),
(24, 2, 'ex Emerald'),
(24, 3, 'ex Émeraude'),
(25, 2, 'ex Unseen Forces'),
(25, 3, 'ex Forces Cachées'),
(26, 2, 'ex Delta Species'),
(26, 3, 'ex Espèces Delta'),
(27, 2, 'ex Legend Maker'),
(27, 3, 'ex Créateurs de Légendes'),
(28, 2, 'ex Holon Phantoms'),
(28, 3, 'ex Fantômes Holon'),
(29, 2, 'ex Crystal Guardians'),
(29, 3, 'ex Gardiens de Cristal'),
(30, 2, 'ex Dragon Frontiers'),
(30, 3, 'ex Île des Dragons'),
(31, 2, 'ex Power Keepers'),
(31, 3, 'ex Gardiens du Pouvoir'),
(32, 2, 'Diamond and Pearl'),
(32, 3, 'Diamant et Perle'),
(33, 2, 'Mysterious Treasures'),
(33, 3, 'Trésors Mystérieux'),
(34, 2, 'Secret Wonders'),
(34, 3, 'Merveilles Secrètes'),
(35, 2, 'Great Encounters'),
(35, 3, 'Duels au Sommet'),
(36, 2, 'Majestic Dawn'),
(36, 3, 'Aube Majestueuse'),
(37, 2, 'Legends Awakened'),
(37, 3, 'Éveil des Légendes'),
(38, 2, 'Stormfront'),
(38, 3, 'Tempête'),
(39, 2, 'Platinum'),
(39, 3, 'Platine'),
(40, 2, 'Rising Rivals'),
(40, 3, 'Rivaux Emergeants'),
(41, 2, 'Supreme Victors'),
(41, 3, 'Vainqueurs Suprêmes'),
(42, 2, 'Arceus'),
(42, 3, 'Arceus'),
(43, 2, 'HeartGold - SoulSilver'),
(43, 3, 'HeartGold - SoulSilver'),
(44, 2, 'Unleashed'),
(44, 3, 'Déchainé'),
(45, 2, 'Undaunted'),
(45, 3, 'Indomptable'),
(46, 2, 'Triumphant'),
(46, 3, 'Triomphant'),
(47, 2, 'Call of Legends'),
(47, 3, 'Appel des Légendes'),
(48, 2, 'Black and White'),
(48, 3, 'Noir et Blanc'),
(49, 2, 'Emerging Powers'),
(49, 3, 'Pouvoirs Émergents'),
(50, 2, 'Noble Victories'),
(51, 2, 'Next Destinies'),
(52, 2, 'Dark Explorers'),
(53, 2, 'Dragons Exalted'),
(54, 2, 'Boundaries Crossed'),
(55, 2, 'Plasma Storm'),
(56, 2, 'Plasma Freeze'),
(57, 2, 'Plasma Blast'),
(58, 2, 'Legendary Treasures'),
(59, 2, 'XY'),
(59, 3, 'XY'),
(60, 2, 'Flashfire'),
(60, 3, 'Étincelles'),
(61, 2, 'Furious Fists'),
(61, 3, 'Poings Furieux'),
(62, 2, 'Phantom Forces'),
(62, 3, 'Vigueur Spectrale'),
(63, 2, 'Primal Clash'),
(63, 3, 'Primo Choc'),
(64, 2, 'Double Crisis'),
(64, 3, 'Double Crisis'),
(1000, 2, 'Sample e-Reader'),
(1000, 3, 'Sample e-Reader'),
(1001, 2, 'Southern Islands'),
(1001, 3, 'Southern Islands'),
(1002, 2, 'VS (International)'),
(1002, 3, 'VS (International)'),
(1003, 2, 'Pokécard Creator'),
(1004, 2, 'Rumble'),
(1004, 3, 'Rumble'),
(1005, 2, 'Dragon Vault'),
(1006, 2, 'Kalos Starter'),
(2001, 2, 'POP Series 1'),
(2001, 3, 'POP Series 1'),
(2002, 2, 'POP Series 2'),
(2002, 3, 'POP Series 2'),
(2003, 2, 'POP Series 3'),
(2003, 3, 'POP Series 3'),
(2004, 2, 'POP Series 4'),
(2004, 3, 'POP Series 4'),
(2005, 2, 'POP Series 5'),
(2005, 3, 'POP Series 5'),
(2006, 2, 'POP Series 6'),
(2006, 3, 'POP Series 6'),
(2007, 2, 'POP Series 7'),
(2007, 3, 'POP Series 7'),
(2008, 2, 'POP Series 8'),
(2008, 3, 'POP Series 8'),
(2009, 2, 'POP Series 9'),
(2009, 3, 'POP Series 9'),
(3001, 2, 'McDonald''s 2011'),
(3001, 3, 'McDonald''s 2011'),
(3002, 2, 'McDonald''s 2012'),
(3002, 3, 'McDonald''s 2012'),
(3003, 2, 'McDonald''s 2013'),
(3003, 3, 'McDonald''s 2013'),
(3004, 2, 'McDonald''s 2014'),
(3004, 3, 'McDonald''s 2014'),
(4001, 2, 'ex Trainer Kit 1'),
(4001, 3, 'ex Kit du Dresseur 1'),
(4002, 2, 'ex Trainer Kit 2'),
(4002, 3, 'ex Kit du Dresseur 2'),
(4003, 2, 'DP Trainer Kit'),
(4003, 3, 'DP Kit du Dresseur'),
(4004, 2, 'HGSS Trainer Kit'),
(4004, 3, 'HGSS Kit du Dresseur'),
(4005, 2, 'BW Trainer Kit'),
(4005, 3, 'NB Kit du Dresseur'),
(4006, 2, 'XY Trainer Kit'),
(4006, 3, 'XY Kit du Dresseur'),
(5001, 2, 'Black Star Promos (Wizards)'),
(5001, 3, 'Promos Black Star (Wizards)'),
(5002, 2, 'ex Promos'),
(5002, 3, 'Promos ex'),
(5003, 2, 'DP Promos'),
(5003, 3, 'Promos DP'),
(5004, 2, 'HGSS Promos'),
(5004, 3, 'Promos HGSS'),
(5005, 2, 'BW Promos'),
(5005, 3, 'Promos Noir et Blanc'),
(5006, 2, 'XY Promos'),
(5006, 3, 'Promos XY'),
(6001, 2, 'Special Issues (Wizards)'),
(6001, 3, 'Hors-Séries (Wizards)'),
(6003, 2, '« W » Promos'),
(6003, 3, 'Promos « W »'),
(6004, 2, 'Best of Game'),
(6004, 3, 'Best of Game'),
(6005, 2, 'Special Issues (TPCI)'),
(6005, 3, 'Hors-Séries (TPCI)'),
(6006, 2, 'Prerelease'),
(6006, 3, 'Prerelease'),
(6007, 2, 'Winner cards'),
(6007, 3, 'Cartes Winner'),
(10001, 2, 'Vending Machine'),
(10001, 3, 'Vending Machine');

--
-- Contenu de la table `types`
--

INSERT INTO `types` (`id`, `identifier`, `symbol`) VALUES
(0, 'none', '-'),
(1, 'fighting', 'f'),
(2, 'fire', 'r'),
(3, 'grass', 'g'),
(4, 'lightning', 'l'),
(5, 'psychic', 'p'),
(6, 'water', 'w'),
(7, 'dark', 'd'),
(8, 'metal', 'm'),
(9, 'colorless', 'c'),
(10, 'dragon', 'n'),
(11, 'fairy', 'y');

--
-- Contenu de la table `types_names`
--

INSERT INTO `types_names` (`type_id`, `local_language_id`, `name`) VALUES
(0, 2, 'Typeless'),
(0, 3, 'Aucun Type'),
(1, 2, 'Fighting'),
(1, 3, 'Combat'),
(2, 2, 'Fire'),
(2, 3, 'Feu'),
(3, 2, 'Grass'),
(3, 3, 'Plante'),
(4, 2, 'Lightning'),
(4, 3, 'Électrique'),
(5, 2, 'Psychic'),
(5, 3, 'Psy'),
(6, 2, 'Water'),
(6, 3, 'Eau'),
(7, 2, 'Darkness'),
(7, 3, 'Ténèbres'),
(8, 2, 'Metal'),
(8, 3, 'Métal'),
(9, 2, 'Colorless'),
(9, 3, 'Incolore'),
(10, 2, 'Dragon'),
(10, 3, 'Dragon'),
(11, 2, 'Fairy'),
(11, 3, 'Fée');

--
-- Contenu de la table `variable_damage`
--

INSERT INTO `variable_damage` (`id`, `group_id`, `local_language_id`, `name`, `variable_damage_order`, `format_id`) VALUES
(1, 1, 2, 'Ignore Ability / Power', 1, 3),
(2, 1, 2, 'Ignore Resistance', 2, 3),
(3, 1, 2, 'Ignore Weakness', 3, 3),
(4, 1, 2, 'Unaffected by effects', 4, 3),
(5, 2, 2, 'More dmg vs Basic Pkmn', 6, 3),
(6, 2, 2, 'More dmg vs Evolved Pkmn', 7, 3),
(7, 2, 2, 'More dmg vs Dark', 8, 1),
(8, 2, 2, 'More dmg vs EX / ex', 9, 3),
(9, 2, 2, 'More dmg vs Team Plasma', 10, 3),
(10, 2, 2, 'More dmg vs [Type]', 11, 3),
(11, 2, 2, 'More dmg vs Ability / Power', 12, 3),
(12, 2, 2, 'More dmg vs Spc. Energy', 14, 3),
(13, 7, 2, 'More dmg w/ foe''s Retreat Cost', 25, 3),
(14, 3, 2, 'More dmg w/ all Pkmn', 26, 3),
(15, 3, 2, 'More dmg w/ own Pkmn', 27, 3),
(16, 3, 2, 'More dmg w/ foe''s Pkmn', 28, 3),
(17, 3, 2, 'More dmg w/ Pkmn in Discard', 30, 3),
(18, 3, 2, 'More dmg if less Pkmn than foe', 31, 3),
(19, 3, 2, 'More dmg if played this turn', 32, 3),
(20, 3, 2, 'More dmg if evolved this turn', 33, 3),
(21, 4, 2, 'More dmg w/o Supporter', 34, 3),
(22, 4, 2, 'More dmg w/ Stadium', 35, 3),
(23, 4, 2, 'More dmg w/ all Tools', 36, 3),
(24, 4, 2, 'More dmg w/ own Tools', 37, 3),
(25, 4, 2, 'More dmg w/ foe''s Tools', 38, 3),
(26, 4, 2, 'More dmg w/ Tools in discard', 39, 3),
(27, 4, 2, 'More dmg by discarding Tools', 43, 3),
(28, 5, 2, 'More dmg w/ all Energies', 44, 3),
(29, 5, 2, 'More dmg w/ own Energies', 45, 3),
(30, 5, 2, 'More dmg w/ foe''s Energies', 46, 3),
(31, 5, 2, 'More dmg w/ # of Energy types', 47, 3),
(32, 5, 2, 'More dmg w/ specific Energy', 48, 3),
(33, 5, 2, 'More dmg w/ Energies in Discard', 49, 3),
(34, 5, 2, 'More dmg by discarding Energy', 50, 3),
(35, 5, 2, 'More dmg if same # of Energy', 51, 3),
(36, 6, 2, 'More dmg w/ own dmg counters', 15, 3),
(37, 6, 2, 'More dmg w/ foe''s dmg counters', 16, 3),
(38, 6, 2, 'More dmg if own Pkmn at full HP', 17, 3),
(39, 6, 2, 'More dmg if foe''s Pkmn at full HP', 18, 3),
(40, 6, 2, 'More dmg if more HP than foe', 19, 3),
(41, 6, 2, 'More dmg if less HP than foe', 20, 3),
(42, 6, 2, 'More dmg by damaging itself', 21, 3),
(43, 7, 2, 'More dmg w/ own Status', 22, 3),
(44, 7, 2, 'More dmg w/ foe''s Status', 23, 3),
(45, 8, 2, 'More dmg w/ cards in own hand', 52, 3),
(46, 8, 2, 'More dmg w/ cards in foe''s hand', 53, 3),
(47, 8, 2, 'More dmg w/ Trainers in foe''s hand', 54, 3),
(48, 8, 2, 'More dmg by discarding from hand', 56, 3),
(49, 8, 2, 'More dmg if same # of cards', 57, 3),
(50, 9, 2, 'More dmg w/ coin flip', 64, 3),
(51, 2, 2, 'More dmg vs Resistance', 13, 3),
(52, 4, 2, 'More dmg by discarding Stadium', 42, 3),
(53, 7, 2, 'More dmg after K.O. by foe', 24, 3),
(54, 9, 2, 'More dmg during next turn', 63, 3),
(55, 9, 2, 'Reduce foe''s HP to 10', 58, 3),
(56, 9, 2, 'Reduce foe''s HP by 50%', 59, 3),
(57, 9, 2, 'More dmg by milling own deck', 62, 3),
(58, 4, 2, 'More dmg by discarding Fossils', 40, 3),
(59, 9, 2, 'More dmg if behind in Prizes', 60, 3),
(60, 3, 2, 'More dmg w/ specific Pkmn', 29, 3),
(61, 1, 2, 'Apply Weakness to the Bench', 5, 3),
(62, 8, 2, 'More dmg w/ Energy in foe''s hand', 55, 3),
(63, 4, 2, 'More dmg by discarding Items', 41, 3),
(64, 9, 2, 'More dmg if it was on Bench', 61, 3);

--
-- Contenu de la table `variable_damage_groups`
--

INSERT INTO `variable_damage_groups` (`id`, `local_language_id`, `name`) VALUES
(1, 2, 'Ignore damage modifiers'),
(2, 2, 'vs Specific Pokémon'),
(3, 2, 'Pokémon in play / in discard'),
(4, 2, 'Trainers in play / in discard'),
(5, 2, 'Energies in play / in discard'),
(6, 2, 'Damage counters'),
(7, 2, 'Status / K.O. / Retreat Cost'),
(8, 2, 'Cards in hand'),
(9, 2, 'Miscellaneous');
